Time (Sec);S41;S42;S43;S44;S1;S10;S11;S12;S13;S14;S15;S16;S17;S18;S19;S2;S20;S21;S22;S23;S24;S25;S26;S27;S28;S29;S3;S30;S31;S32;S33;S34;S35;S36;S37;S38;S39;S4;S40;S5;S6;S7;S8;S9;
0.0;35640.0;35640.0;35640.0;35640.0;35640.0;35640.0;35640.0;35640.0;35640.0;35640.0;35640.0;35640.0;35640.0;35640.0;35640.0;35640.0;35640.0;35640.0;35640.0;35640.0;35640.0;35640.0;35640.0;35640.0;35640.0;35640.0;35640.0;35640.0;35640.0;35640.0;35640.0;35640.0;35640.0;35640.0;35640.0;35640.0;35640.0;35640.0;35640.0;35640.0;35640.0;35640.0;35640.0;35640.0;
60.0;35640.0;35640.0;35640.0;35640.0;35639.9931904;35639.9931904;35639.9931904;35639.9931904;35639.9931904;35639.9931904;35639.9931904;35639.9931904;35639.9931904;35639.9931904;35639.9931904;35639.9931904;35639.9931904;35639.9931904;35639.9931904;35639.9931904;35639.9931904;35639.9931904;35639.9931904;35639.9931904;35639.9931904;35639.9931904;35639.9931904;35639.9931904;35639.9931904;35639.9931904;35639.9931904;35639.9931904;35639.9931904;35639.9931904;35639.9931904;35639.9931904;35639.9931904;35639.9931904;35639.9931904;35639.9931904;35639.9931904;35639.9931904;35639.9931904;35639.9931904;
180.0;35640.0;35640.0;35640.0;35640.0;35639.9931904;35639.9931904;35639.9931904;35639.9931904;35639.9931904;35639.9931904;35639.9931904;35639.9931904;35639.9931904;35639.9931904;35639.9931904;35639.9931904;35639.9931904;35639.9931904;35639.9931904;35639.9931904;35639.9931904;35639.9931904;35639.9931904;35639.9931904;35639.9931904;35639.9931904;35639.9931904;35639.9931904;35639.9931904;35639.9931904;35639.9931904;35639.9931904;35639.9931904;35639.9931904;35639.9931904;35639.9931904;35639.9931904;35639.9931904;35639.9931904;35639.9931904;35639.9931904;35639.9931904;35639.9931904;35639.9931904;
300.0;35640.0;35640.0;35640.0;35640.0;35639.9931904;35639.9931904;35639.9931904;35639.9931904;35639.9931904;35639.9931904;35639.9931904;35639.9931904;35639.9931904;35639.9931904;35639.9931904;35639.9931904;35639.9931904;35639.9931904;35639.9931904;35639.9931904;35639.9931904;35639.9931904;35639.9931904;35639.9931904;35639.9931904;35639.9931904;35639.9931904;35639.9931904;35639.9931904;35639.9931904;35639.9931904;35639.9931904;35639.9931904;35639.9931904;35639.9931904;35639.9931904;35639.9931904;35639.9931904;35639.9931904;35639.9931904;35639.9931904;35639.9931904;35639.9931904;35639.9931904;
300.0;35640.0;35640.0;35640.0;35640.0;35639.986380799994;35639.986380799994;35639.986380799994;35639.986380799994;35639.986380799994;35639.986380799994;35639.986380799994;35639.986380799994;35639.986380799994;35639.986380799994;35639.986380799994;35639.986380799994;35639.986380799994;35639.986380799994;35639.986380799994;35639.986380799994;35639.986380799994;35639.986380799994;35639.986380799994;35639.986380799994;35639.986380799994;35639.986380799994;35639.986380799994;35639.986380799994;35639.986380799994;35639.986380799994;35639.986380799994;35639.986380799994;35639.986380799994;35639.986380799994;35639.986380799994;35639.986380799994;35639.986380799994;35639.986380799994;35639.986380799994;35639.986380799994;35639.986380799994;35639.986380799994;35639.986380799994;35639.986380799994;
300.3845427944404;35640.0;35640.0;35640.0;35640.0;35639.986380799994;35639.986380799994;35639.986380799994;35639.986380799994;35639.986380799994;35639.986380799994;35639.986380799994;35639.986380799994;35639.986380799994;35639.986380799994;35639.986380799994;35639.986380799994;35639.986380799994;35639.986380799994;35639.986380799994;35639.986380799994;35639.986380799994;35639.986380799994;35639.986380799994;35639.986380799994;35639.986380799994;35639.986380799994;35639.986380799994;35639.986380799994;35639.986380799994;35639.986380799994;35639.986380799994;35639.986380799994;35639.986380799994;35639.986380799994;35639.986380799994;35639.986380799994;35639.986380799994;35639.986380799994;35639.986380799994;35639.986380799994;35639.986380799994;35639.986380799994;35639.986380799994;35639.986380799994;
360.0;35640.0;35640.0;35640.0;35640.0;35639.986380799994;35639.986380799994;35639.986380799994;35639.986380799994;35639.986380799994;35639.986380799994;35639.986380799994;35639.986380799994;35639.986380799994;35639.986380799994;35639.986380799994;35639.986380799994;35639.986380799994;35639.986380799994;35639.986380799994;35639.986380799994;35639.986380799994;35639.986380799994;35639.986380799994;35639.986380799994;35639.986380799994;35639.986380799994;35639.986380799994;35639.986380799994;35639.986380799994;35639.986380799994;35639.986380799994;35639.986380799994;35639.986380799994;35639.986380799994;35639.986380799994;35639.986380799994;35639.986380799994;35639.986380799994;35639.986380799994;35639.986380799994;35639.986380799994;35639.986380799994;35639.986380799994;35639.986380799994;
600.0;35640.0;35640.0;35640.0;35640.0;35639.986380799994;35639.986380799994;35639.986380799994;35639.986380799994;35639.986380799994;35639.986380799994;35639.986380799994;35639.986380799994;35639.986380799994;35639.986380799994;35639.986380799994;35639.986380799994;35639.986380799994;35639.986380799994;35639.986380799994;35639.986380799994;35639.986380799994;35639.986380799994;35639.986380799994;35639.986380799994;35639.986380799994;35639.986380799994;35639.986380799994;35639.986380799994;35639.986380799994;35639.986380799994;35639.986380799994;35639.986380799994;35639.986380799994;35639.986380799994;35639.986380799994;35639.986380799994;35639.986380799994;35639.986380799994;35639.986380799994;35639.986380799994;35639.986380799994;35639.986380799994;35639.986380799994;35639.986380799994;
600.0;35640.0;35640.0;35640.0;35640.0;35639.97957119999;35639.97957119999;35639.97957119999;35639.97957119999;35639.97957119999;35639.97957119999;35639.97957119999;35639.97957119999;35639.97957119999;35639.97957119999;35639.97957119999;35639.97957119999;35639.97957119999;35639.97957119999;35639.97957119999;35639.97957119999;35639.97957119999;35639.97957119999;35639.97957119999;35639.97957119999;35639.97957119999;35639.97957119999;35639.97957119999;35639.97957119999;35639.97957119999;35639.97957119999;35639.97957119999;35639.97957119999;35639.97957119999;35639.97957119999;35639.97957119999;35639.97957119999;35639.97957119999;35639.97957119999;35639.97957119999;35639.97957119999;35639.97957119999;35639.97957119999;35639.97957119999;35639.97957119999;
600.3845427944403;35640.0;35640.0;35640.0;35640.0;35639.97957119999;35639.97957119999;35639.97957119999;35639.97957119999;35639.97957119999;35639.97957119999;35639.97957119999;35639.97957119999;35639.97957119999;35639.97957119999;35639.97957119999;35639.97957119999;35639.97957119999;35639.97957119999;35639.97957119999;35639.97957119999;35639.97957119999;35639.97957119999;35639.97957119999;35639.97957119999;35639.97957119999;35639.97957119999;35639.97957119999;35639.97957119999;35639.97957119999;35639.97957119999;35639.97957119999;35639.97957119999;35639.97957119999;35639.97957119999;35639.97957119999;35639.97957119999;35639.97957119999;35639.97957119999;35639.97957119999;35639.97957119999;35639.97957119999;35639.97957119999;35639.97957119999;35639.97957119999;
900.0;35640.0;35640.0;35640.0;35640.0;35639.97957119999;35639.97957119999;35639.97957119999;35639.97957119999;35639.97957119999;35639.97957119999;35639.97957119999;35639.97957119999;35639.97957119999;35639.97957119999;35639.97957119999;35639.97957119999;35639.97957119999;35639.97957119999;35639.97957119999;35639.97957119999;35639.97957119999;35639.97957119999;35639.97957119999;35639.97957119999;35639.97957119999;35639.97957119999;35639.97957119999;35639.97957119999;35639.97957119999;35639.97957119999;35639.97957119999;35639.97957119999;35639.97957119999;35639.97957119999;35639.97957119999;35639.97957119999;35639.97957119999;35639.97957119999;35639.97957119999;35639.97957119999;35639.97957119999;35639.97957119999;35639.97957119999;35639.97957119999;
900.0;35640.0;35640.0;35640.0;35640.0;35639.97276159999;35639.97276159999;35639.97276159999;35639.97276159999;35639.97276159999;35639.97276159999;35639.97276159999;35639.97276159999;35639.97276159999;35639.97276159999;35639.97276159999;35639.97276159999;35639.97276159999;35639.97276159999;35639.97276159999;35639.97276159999;35639.97276159999;35639.97276159999;35639.97276159999;35639.97276159999;35639.97276159999;35639.97276159999;35639.97276159999;35639.97276159999;35639.97276159999;35639.97276159999;35639.97276159999;35639.97276159999;35639.97276159999;35639.97276159999;35639.97276159999;35639.97276159999;35639.97276159999;35639.97276159999;35639.97276159999;35639.97276159999;35639.97276159999;35639.97276159999;35639.97276159999;35639.97276159999;
900.3845427944403;35640.0;35640.0;35640.0;35640.0;35639.97276159999;35639.97276159999;35639.97276159999;35639.97276159999;35639.97276159999;35639.97276159999;35639.97276159999;35639.97276159999;35639.97276159999;35639.97276159999;35639.97276159999;35639.97276159999;35639.97276159999;35639.97276159999;35639.97276159999;35639.97276159999;35639.97276159999;35639.97276159999;35639.97276159999;35639.97276159999;35639.97276159999;35639.97276159999;35639.97276159999;35639.97276159999;35639.97276159999;35639.97276159999;35639.97276159999;35639.97276159999;35639.97276159999;35639.97276159999;35639.97276159999;35639.97276159999;35639.97276159999;35639.97276159999;35639.97276159999;35639.97276159999;35639.97276159999;35639.97276159999;35639.97276159999;35639.97276159999;
1200.0;35640.0;35640.0;35640.0;35640.0;35639.97276159999;35639.97276159999;35639.97276159999;35639.97276159999;35639.97276159999;35639.97276159999;35639.97276159999;35639.97276159999;35639.97276159999;35639.97276159999;35639.97276159999;35639.97276159999;35639.97276159999;35639.97276159999;35639.97276159999;35639.97276159999;35639.97276159999;35639.97276159999;35639.97276159999;35639.97276159999;35639.97276159999;35639.97276159999;35639.97276159999;35639.97276159999;35639.97276159999;35639.97276159999;35639.97276159999;35639.97276159999;35639.97276159999;35639.97276159999;35639.97276159999;35639.97276159999;35639.97276159999;35639.97276159999;35639.97276159999;35639.97276159999;35639.97276159999;35639.97276159999;35639.97276159999;35639.97276159999;
1200.0;35640.0;35640.0;35640.0;35640.0;35639.965951999984;35639.965951999984;35639.965951999984;35639.965951999984;35639.965951999984;35639.965951999984;35639.965951999984;35639.965951999984;35639.965951999984;35639.965951999984;35639.965951999984;35639.965951999984;35639.965951999984;35639.965951999984;35639.965951999984;35639.965951999984;35639.965951999984;35639.965951999984;35639.965951999984;35639.965951999984;35639.965951999984;35639.965951999984;35639.965951999984;35639.965951999984;35639.965951999984;35639.965951999984;35639.965951999984;35639.965951999984;35639.965951999984;35639.965951999984;35639.965951999984;35639.965951999984;35639.965951999984;35639.965951999984;35639.965951999984;35639.965951999984;35639.965951999984;35639.965951999984;35639.965951999984;35639.965951999984;
1200.3845427944404;35640.0;35640.0;35640.0;35640.0;35639.965951999984;35639.965951999984;35639.965951999984;35639.965951999984;35639.965951999984;35639.965951999984;35639.965951999984;35639.965951999984;35639.965951999984;35639.965951999984;35639.965951999984;35639.965951999984;35639.965951999984;35639.965951999984;35639.965951999984;35639.965951999984;35639.965951999984;35639.965951999984;35639.965951999984;35639.965951999984;35639.965951999984;35639.965951999984;35639.965951999984;35639.965951999984;35639.965951999984;35639.965951999984;35639.965951999984;35639.965951999984;35639.965951999984;35639.965951999984;35639.965951999984;35639.965951999984;35639.965951999984;35639.965951999984;35639.965951999984;35639.965951999984;35639.965951999984;35639.965951999984;35639.965951999984;35639.965951999984;
1260.0;35640.0;35640.0;35640.0;35640.0;35639.965951999984;35639.965951999984;35639.965951999984;35639.965951999984;35639.965951999984;35639.965951999984;35639.965951999984;35639.965951999984;35639.965951999984;35639.965951999984;35639.965951999984;35639.965951999984;35639.965951999984;35639.965951999984;35639.965951999984;35639.965951999984;35639.965951999984;35639.965951999984;35639.965951999984;35639.965951999984;35639.965951999984;35639.965951999984;35639.965951999984;35639.965951999984;35639.965951999984;35639.965951999984;35639.965951999984;35639.965951999984;35639.965951999984;35639.965951999984;35639.965951999984;35639.965951999984;35639.965951999984;35639.965951999984;35639.965951999984;35639.965951999984;35639.965951999984;35639.965951999984;35639.965951999984;35639.965951999984;
1500.0;35640.0;35640.0;35640.0;35640.0;35639.965951999984;35639.965951999984;35639.965951999984;35639.965951999984;35639.965951999984;35639.965951999984;35639.965951999984;35639.965951999984;35639.965951999984;35639.965951999984;35639.965951999984;35639.965951999984;35639.965951999984;35639.965951999984;35639.965951999984;35639.965951999984;35639.965951999984;35639.965951999984;35639.965951999984;35639.965951999984;35639.965951999984;35639.965951999984;35639.965951999984;35639.965951999984;35639.965951999984;35639.965951999984;35639.965951999984;35639.965951999984;35639.965951999984;35639.965951999984;35639.965951999984;35639.965951999984;35639.965951999984;35639.965951999984;35639.965951999984;35639.965951999984;35639.965951999984;35639.965951999984;35639.965951999984;35639.965951999984;
1500.0;35640.0;35640.0;35640.0;35640.0;35639.95914239998;35639.95914239998;35639.95914239998;35639.95914239998;35639.95914239998;35639.95914239998;35639.95914239998;35639.95914239998;35639.95914239998;35639.95914239998;35639.95914239998;35639.95914239998;35639.95914239998;35639.95914239998;35639.95914239998;35639.95914239998;35639.95914239998;35639.95914239998;35639.95914239998;35639.95914239998;35639.95914239998;35639.95914239998;35639.95914239998;35639.95914239998;35639.95914239998;35639.95914239998;35639.95914239998;35639.95914239998;35639.95914239998;35639.95914239998;35639.95914239998;35639.95914239998;35639.95914239998;35639.95914239998;35639.95914239998;35639.95914239998;35639.95914239998;35639.95914239998;35639.95914239998;35639.95914239998;
1500.3845427944404;35640.0;35640.0;35640.0;35640.0;35639.95914239998;35639.95914239998;35639.95914239998;35639.95914239998;35639.95914239998;35639.95914239998;35639.95914239998;35639.95914239998;35639.95914239998;35639.95914239998;35639.95914239998;35639.95914239998;35639.95914239998;35639.95914239998;35639.95914239998;35639.95914239998;35639.95914239998;35639.95914239998;35639.95914239998;35639.95914239998;35639.95914239998;35639.95914239998;35639.95914239998;35639.95914239998;35639.95914239998;35639.95914239998;35639.95914239998;35639.95914239998;35639.95914239998;35639.95914239998;35639.95914239998;35639.95914239998;35639.95914239998;35639.95914239998;35639.95914239998;35639.95914239998;35639.95914239998;35639.95914239998;35639.95914239998;35639.95914239998;
1680.0;35640.0;35640.0;35640.0;35640.0;35639.95914239998;35639.95914239998;35639.95914239998;35639.95914239998;35639.95914239998;35639.95914239998;35639.95914239998;35639.95914239998;35639.95914239998;35639.95914239998;35639.95914239998;35639.95914239998;35639.95914239998;35639.95914239998;35639.95914239998;35639.95914239998;35639.95914239998;35639.95914239998;35639.95914239998;35639.95914239998;35639.95914239998;35639.95914239998;35639.95914239998;35639.95914239998;35639.95914239998;35639.95914239998;35639.95914239998;35639.95914239998;35639.95914239998;35639.95914239998;35639.95914239998;35639.95914239998;35639.95914239998;35639.95914239998;35639.95914239998;35639.95914239998;35639.95914239998;35639.95914239998;35639.95914239998;35639.95914239998;
1800.0;35640.0;35640.0;35640.0;35640.0;35639.95914239998;35639.95914239998;35639.95914239998;35639.95914239998;35639.95914239998;35639.95914239998;35639.95914239998;35639.95914239998;35639.95914239998;35639.95914239998;35639.95914239998;35639.95914239998;35639.95914239998;35639.95914239998;35639.95914239998;35639.95914239998;35639.95914239998;35639.95914239998;35639.95914239998;35639.95914239998;35639.95914239998;35639.95914239998;35639.95914239998;35639.95914239998;35639.95914239998;35639.95914239998;35639.95914239998;35639.95914239998;35639.95914239998;35639.95914239998;35639.95914239998;35639.95914239998;35639.95914239998;35639.95914239998;35639.95914239998;35639.95914239998;35639.95914239998;35639.95914239998;35639.95914239998;35639.95914239998;
1800.0;35640.0;35640.0;35640.0;35640.0;35639.95233279998;35639.95233279998;35639.95233279998;35639.95233279998;35639.95233279998;35639.95233279998;35639.95233279998;35639.95233279998;35639.95233279998;35639.95233279998;35639.95233279998;35639.95233279998;35639.95233279998;35639.95233279998;35639.95233279998;35639.95233279998;35639.95233279998;35639.95233279998;35639.95233279998;35639.95233279998;35639.95233279998;35639.95233279998;35639.95233279998;35639.95233279998;35639.95233279998;35639.95233279998;35639.95233279998;35639.95233279998;35639.95233279998;35639.95233279998;35639.95233279998;35639.95233279998;35639.95233279998;35639.95233279998;35639.95233279998;35639.95233279998;35639.95233279998;35639.95233279998;35639.95233279998;35639.95233279998;
1800.3845427944404;35640.0;35640.0;35640.0;35640.0;35639.95233279998;35639.95233279998;35639.95233279998;35639.95233279998;35639.95233279998;35639.95233279998;35639.95233279998;35639.95233279998;35639.95233279998;35639.95233279998;35639.95233279998;35639.95233279998;35639.95233279998;35639.95233279998;35639.95233279998;35639.95233279998;35639.95233279998;35639.95233279998;35639.95233279998;35639.95233279998;35639.95233279998;35639.95233279998;35639.95233279998;35639.95233279998;35639.95233279998;35639.95233279998;35639.95233279998;35639.95233279998;35639.95233279998;35639.95233279998;35639.95233279998;35639.95233279998;35639.95233279998;35639.95233279998;35639.95233279998;35639.95233279998;35639.95233279998;35639.95233279998;35639.95233279998;35639.95233279998;
2100.0;35640.0;35640.0;35640.0;35640.0;35639.95233279998;35639.95233279998;35639.95233279998;35639.95233279998;35639.95233279998;35639.95233279998;35639.95233279998;35639.95233279998;35639.95233279998;35639.95233279998;35639.95233279998;35639.95233279998;35639.95233279998;35639.95233279998;35639.95233279998;35639.95233279998;35639.95233279998;35639.95233279998;35639.95233279998;35639.95233279998;35639.95233279998;35639.95233279998;35639.95233279998;35639.95233279998;35639.95233279998;35639.95233279998;35639.95233279998;35639.95233279998;35639.95233279998;35639.95233279998;35639.95233279998;35639.95233279998;35639.95233279998;35639.95233279998;35639.95233279998;35639.95233279998;35639.95233279998;35639.95233279998;35639.95233279998;35639.95233279998;
2100.0;35640.0;35640.0;35640.0;35640.0;35639.945523199975;35639.945523199975;35639.945523199975;35639.945523199975;35639.945523199975;35639.945523199975;35639.945523199975;35639.945523199975;35639.945523199975;35639.945523199975;35639.945523199975;35639.945523199975;35639.945523199975;35639.945523199975;35639.945523199975;35639.945523199975;35639.945523199975;35639.945523199975;35639.945523199975;35639.945523199975;35639.945523199975;35639.945523199975;35639.945523199975;35639.945523199975;35639.945523199975;35639.945523199975;35639.945523199975;35639.945523199975;35639.945523199975;35639.945523199975;35639.945523199975;35639.945523199975;35639.945523199975;35639.945523199975;35639.945523199975;35639.945523199975;35639.945523199975;35639.945523199975;35639.945523199975;35639.945523199975;
2100.38454279444;35640.0;35640.0;35640.0;35640.0;35639.945523199975;35639.945523199975;35639.945523199975;35639.945523199975;35639.945523199975;35639.945523199975;35639.945523199975;35639.945523199975;35639.945523199975;35639.945523199975;35639.945523199975;35639.945523199975;35639.945523199975;35639.945523199975;35639.945523199975;35639.945523199975;35639.945523199975;35639.945523199975;35639.945523199975;35639.945523199975;35639.945523199975;35639.945523199975;35639.945523199975;35639.945523199975;35639.945523199975;35639.945523199975;35639.945523199975;35639.945523199975;35639.945523199975;35639.945523199975;35639.945523199975;35639.945523199975;35639.945523199975;35639.945523199975;35639.945523199975;35639.945523199975;35639.945523199975;35639.945523199975;35639.945523199975;35639.945523199975;
2160.0;35640.0;35640.0;35640.0;35640.0;35639.945523199975;35639.945523199975;35639.945523199975;35639.945523199975;35639.945523199975;35639.945523199975;35639.945523199975;35639.945523199975;35639.945523199975;35639.945523199975;35639.945523199975;35639.945523199975;35639.945523199975;35639.945523199975;35639.945523199975;35639.945523199975;35639.945523199975;35639.945523199975;35639.945523199975;35639.945523199975;35639.945523199975;35639.945523199975;35639.945523199975;35639.945523199975;35639.945523199975;35639.945523199975;35639.945523199975;35639.945523199975;35639.945523199975;35639.945523199975;35639.945523199975;35639.945523199975;35639.945523199975;35639.945523199975;35639.945523199975;35639.945523199975;35639.945523199975;35639.945523199975;35639.945523199975;35639.945523199975;
2400.0;35640.0;35640.0;35640.0;35640.0;35639.945523199975;35639.945523199975;35639.945523199975;35639.945523199975;35639.945523199975;35639.945523199975;35639.945523199975;35639.945523199975;35639.945523199975;35639.945523199975;35639.945523199975;35639.945523199975;35639.945523199975;35639.945523199975;35639.945523199975;35639.945523199975;35639.945523199975;35639.945523199975;35639.945523199975;35639.945523199975;35639.945523199975;35639.945523199975;35639.945523199975;35639.945523199975;35639.945523199975;35639.945523199975;35639.945523199975;35639.945523199975;35639.945523199975;35639.945523199975;35639.945523199975;35639.945523199975;35639.945523199975;35639.945523199975;35639.945523199975;35639.945523199975;35639.945523199975;35639.945523199975;35639.945523199975;35639.945523199975;
2400.0;35640.0;35640.0;35640.0;35640.0;35639.93871359997;35639.93871359997;35639.93871359997;35639.93871359997;35639.93871359997;35639.93871359997;35639.93871359997;35639.93871359997;35639.93871359997;35639.93871359997;35639.93871359997;35639.93871359997;35639.93871359997;35639.93871359997;35639.93871359997;35639.93871359997;35639.93871359997;35639.93871359997;35639.93871359997;35639.93871359997;35639.93871359997;35639.93871359997;35639.93871359997;35639.93871359997;35639.93871359997;35639.93871359997;35639.93871359997;35639.93871359997;35639.93871359997;35639.93871359997;35639.93871359997;35639.93871359997;35639.93871359997;35639.93871359997;35639.93871359997;35639.93871359997;35639.93871359997;35639.93871359997;35639.93871359997;35639.93871359997;
2400.38454279444;35640.0;35640.0;35640.0;35640.0;35639.93871359997;35639.93871359997;35639.93871359997;35639.93871359997;35639.93871359997;35639.93871359997;35639.93871359997;35639.93871359997;35639.93871359997;35639.93871359997;35639.93871359997;35639.93871359997;35639.93871359997;35639.93871359997;35639.93871359997;35639.93871359997;35639.93871359997;35639.93871359997;35639.93871359997;35639.93871359997;35639.93871359997;35639.93871359997;35639.93871359997;35639.93871359997;35639.93871359997;35639.93871359997;35639.93871359997;35639.93871359997;35639.93871359997;35639.93871359997;35639.93871359997;35639.93871359997;35639.93871359997;35639.93871359997;35639.93871359997;35639.93871359997;35639.93871359997;35639.93871359997;35639.93871359997;35639.93871359997;
2700.0;35640.0;35640.0;35640.0;35640.0;35639.93871359997;35639.93871359997;35639.93871359997;35639.93871359997;35639.93871359997;35639.93871359997;35639.93871359997;35639.93871359997;35639.93871359997;35639.93871359997;35639.93871359997;35639.93871359997;35639.93871359997;35639.93871359997;35639.93871359997;35639.93871359997;35639.93871359997;35639.93871359997;35639.93871359997;35639.93871359997;35639.93871359997;35639.93871359997;35639.93871359997;35639.93871359997;35639.93871359997;35639.93871359997;35639.93871359997;35639.93871359997;35639.93871359997;35639.93871359997;35639.93871359997;35639.93871359997;35639.93871359997;35639.93871359997;35639.93871359997;35639.93871359997;35639.93871359997;35639.93871359997;35639.93871359997;35639.93871359997;
2700.0;35640.0;35640.0;35640.0;35640.0;35639.93190399997;35639.93190399997;35639.93190399997;35639.93190399997;35639.93190399997;35639.93190399997;35639.93190399997;35639.93190399997;35639.93190399997;35639.93190399997;35639.93190399997;35639.93190399997;35639.93190399997;35639.93190399997;35639.93190399997;35639.93190399997;35639.93190399997;35639.93190399997;35639.93190399997;35639.93190399997;35639.93190399997;35639.93190399997;35639.93190399997;35639.93190399997;35639.93190399997;35639.93190399997;35639.93190399997;35639.93190399997;35639.93190399997;35639.93190399997;35639.93190399997;35639.93190399997;35639.93190399997;35639.93190399997;35639.93190399997;35639.93190399997;35639.93190399997;35639.93190399997;35639.93190399997;35639.93190399997;
2700.38454279444;35640.0;35640.0;35640.0;35640.0;35639.93190399997;35639.93190399997;35639.93190399997;35639.93190399997;35639.93190399997;35639.93190399997;35639.93190399997;35639.93190399997;35639.93190399997;35639.93190399997;35639.93190399997;35639.93190399997;35639.93190399997;35639.93190399997;35639.93190399997;35639.93190399997;35639.93190399997;35639.93190399997;35639.93190399997;35639.93190399997;35639.93190399997;35639.93190399997;35639.93190399997;35639.93190399997;35639.93190399997;35639.93190399997;35639.93190399997;35639.93190399997;35639.93190399997;35639.93190399997;35639.93190399997;35639.93190399997;35639.93190399997;35639.93190399997;35639.93190399997;35639.93190399997;35639.93190399997;35639.93190399997;35639.93190399997;35639.93190399997;
3000.0;35640.0;35640.0;35640.0;35640.0;35639.93190399997;35639.93190399997;35639.93190399997;35639.93190399997;35639.93190399997;35639.93190399997;35639.93190399997;35639.93190399997;35639.93190399997;35639.93190399997;35639.93190399997;35639.93190399997;35639.93190399997;35639.93190399997;35639.93190399997;35639.93190399997;35639.93190399997;35639.93190399997;35639.93190399997;35639.93190399997;35639.93190399997;35639.93190399997;35639.93190399997;35639.93190399997;35639.93190399997;35639.93190399997;35639.93190399997;35639.93190399997;35639.93190399997;35639.93190399997;35639.93190399997;35639.93190399997;35639.93190399997;35639.93190399997;35639.93190399997;35639.93190399997;35639.93190399997;35639.93190399997;35639.93190399997;35639.93190399997;
3000.0;35640.0;35640.0;35640.0;35640.0;35639.925094399965;35639.925094399965;35639.925094399965;35639.925094399965;35639.925094399965;35639.925094399965;35639.925094399965;35639.925094399965;35639.925094399965;35639.925094399965;35639.925094399965;35639.925094399965;35639.925094399965;35639.925094399965;35639.925094399965;35639.925094399965;35639.925094399965;35639.925094399965;35639.925094399965;35639.925094399965;35639.925094399965;35639.925094399965;35639.925094399965;35639.925094399965;35639.925094399965;35639.925094399965;35639.925094399965;35639.925094399965;35639.925094399965;35639.925094399965;35639.925094399965;35639.925094399965;35639.925094399965;35639.925094399965;35639.925094399965;35639.925094399965;35639.925094399965;35639.925094399965;35639.925094399965;35639.925094399965;
3000.38454279444;35640.0;35640.0;35640.0;35640.0;35639.925094399965;35639.925094399965;35639.925094399965;35639.925094399965;35639.925094399965;35639.925094399965;35639.925094399965;35639.925094399965;35639.925094399965;35639.925094399965;35639.925094399965;35639.925094399965;35639.925094399965;35639.925094399965;35639.925094399965;35639.925094399965;35639.925094399965;35639.925094399965;35639.925094399965;35639.925094399965;35639.925094399965;35639.925094399965;35639.925094399965;35639.925094399965;35639.925094399965;35639.925094399965;35639.925094399965;35639.925094399965;35639.925094399965;35639.925094399965;35639.925094399965;35639.925094399965;35639.925094399965;35639.925094399965;35639.925094399965;35639.925094399965;35639.925094399965;35639.925094399965;35639.925094399965;35639.925094399965;
3300.0;35640.0;35640.0;35640.0;35640.0;35639.925094399965;35639.925094399965;35639.925094399965;35639.925094399965;35639.925094399965;35639.925094399965;35639.925094399965;35639.925094399965;35639.925094399965;35639.925094399965;35639.925094399965;35639.925094399965;35639.925094399965;35639.925094399965;35639.925094399965;35639.925094399965;35639.925094399965;35639.925094399965;35639.925094399965;35639.925094399965;35639.925094399965;35639.925094399965;35639.925094399965;35639.925094399965;35639.925094399965;35639.925094399965;35639.925094399965;35639.925094399965;35639.925094399965;35639.925094399965;35639.925094399965;35639.925094399965;35639.925094399965;35639.925094399965;35639.925094399965;35639.925094399965;35639.925094399965;35639.925094399965;35639.925094399965;35639.925094399965;
3300.0;35640.0;35640.0;35640.0;35640.0;35639.91828479996;35639.91828479996;35639.91828479996;35639.91828479996;35639.91828479996;35639.91828479996;35639.91828479996;35639.91828479996;35639.91828479996;35639.91828479996;35639.91828479996;35639.91828479996;35639.91828479996;35639.91828479996;35639.91828479996;35639.91828479996;35639.91828479996;35639.91828479996;35639.91828479996;35639.91828479996;35639.91828479996;35639.91828479996;35639.91828479996;35639.91828479996;35639.91828479996;35639.91828479996;35639.91828479996;35639.91828479996;35639.91828479996;35639.91828479996;35639.91828479996;35639.91828479996;35639.91828479996;35639.91828479996;35639.91828479996;35639.91828479996;35639.91828479996;35639.91828479996;35639.91828479996;35639.91828479996;
3300.0;35640.0;35640.0;35640.0;35640.0;35639.91828479996;35639.91828479996;35639.91828479996;35639.91828479996;35639.91828479996;35639.91828479996;35639.91828479996;35639.91828479996;35639.91828479996;35639.91828479996;35639.91828479996;35639.91828479996;35639.91828479996;35639.91828479996;35639.91828479996;35639.91828479996;35639.91828479996;35639.91828479996;35639.91828479996;35639.91828479996;35639.91828479996;35639.91828479996;35639.91828479996;35639.91828479996;35639.91828479996;35639.91828479996;35639.91828479996;35639.91828479996;35639.91828479996;35639.91828479996;35639.91828479996;35639.91828479996;35639.91828479996;35639.91828479996;35639.91828479996;35639.91828479996;35639.91828479996;35639.91828479996;35639.91828479996;35639.91828479996;
3300.38454279444;35640.0;35640.0;35640.0;35640.0;35639.91828479996;35639.91828479996;35639.91828479996;35639.91828479996;35639.91828479996;35639.91828479996;35639.91828479996;35639.91828479996;35639.91828479996;35639.91828479996;35639.91828479996;35639.91828479996;35639.91828479996;35639.91828479996;35639.91828479996;35639.91828479996;35639.91828479996;35639.91828479996;35639.91828479996;35639.91828479996;35639.91828479996;35639.91828479996;35639.91828479996;35639.91828479996;35639.91828479996;35639.91828479996;35639.91828479996;35639.91828479996;35639.91828479996;35639.91828479996;35639.91828479996;35639.91828479996;35639.91828479996;35639.91828479996;35639.91828479996;35639.91828479996;35639.91828479996;35639.91828479996;35639.91828479996;35639.91828479996;
3600.0;35640.0;35640.0;35640.0;35640.0;35639.91828479996;35639.91828479996;35639.91828479996;35639.91828479996;35639.91828479996;35639.91828479996;35639.91828479996;35639.91828479996;35639.91828479996;35639.91828479996;35639.91828479996;35639.91828479996;35639.91828479996;35639.91828479996;35639.91828479996;35639.91828479996;35639.91828479996;35639.91828479996;35639.91828479996;35639.91828479996;35639.91828479996;35639.91828479996;35639.91828479996;35639.91828479996;35639.91828479996;35639.91828479996;35639.91828479996;35639.91828479996;35639.91828479996;35639.91828479996;35639.91828479996;35639.91828479996;35639.91828479996;35639.91828479996;35639.91828479996;35639.91828479996;35639.91828479996;35639.91828479996;35639.91828479996;35639.91828479996;
3600.0;35640.0;35640.0;35640.0;35640.0;35639.91147519996;35639.91147519996;35639.91147519996;35639.91147519996;35639.91147519996;35639.91147519996;35639.91147519996;35639.91147519996;35639.91147519996;35639.91147519996;35639.91147519996;35639.91147519996;35639.91147519996;35639.91147519996;35639.91147519996;35639.91147519996;35639.91147519996;35639.91147519996;35639.91147519996;35639.91147519996;35639.91147519996;35639.91147519996;35639.91147519996;35639.91147519996;35639.91147519996;35639.91147519996;35639.91147519996;35639.91147519996;35639.91147519996;35639.91147519996;35639.91147519996;35639.91147519996;35639.91147519996;35639.91147519996;35639.91147519996;35639.91147519996;35639.91147519996;35639.91147519996;35639.91147519996;35639.91147519996;
3600.38454279444;35640.0;35640.0;35640.0;35640.0;35639.91147519996;35639.91147519996;35639.91147519996;35639.91147519996;35639.91147519996;35639.91147519996;35639.91147519996;35639.91147519996;35639.91147519996;35639.91147519996;35639.91147519996;35639.91147519996;35639.91147519996;35639.91147519996;35639.91147519996;35639.91147519996;35639.91147519996;35639.91147519996;35639.91147519996;35639.91147519996;35639.91147519996;35639.91147519996;35639.91147519996;35639.91147519996;35639.91147519996;35639.91147519996;35639.91147519996;35639.91147519996;35639.91147519996;35639.91147519996;35639.91147519996;35639.91147519996;35639.91147519996;35639.91147519996;35639.91147519996;35639.91147519996;35639.91147519996;35639.91147519996;35639.91147519996;35639.91147519996;
3900.0;35640.0;35640.0;35640.0;35640.0;35639.91147519996;35639.91147519996;35639.91147519996;35639.91147519996;35639.91147519996;35639.91147519996;35639.91147519996;35639.91147519996;35639.91147519996;35639.91147519996;35639.91147519996;35639.91147519996;35639.91147519996;35639.91147519996;35639.91147519996;35639.91147519996;35639.91147519996;35639.91147519996;35639.91147519996;35639.91147519996;35639.91147519996;35639.91147519996;35639.91147519996;35639.91147519996;35639.91147519996;35639.91147519996;35639.91147519996;35639.91147519996;35639.91147519996;35639.91147519996;35639.91147519996;35639.91147519996;35639.91147519996;35639.91147519996;35639.91147519996;35639.91147519996;35639.91147519996;35639.91147519996;35639.91147519996;35639.91147519996;
3900.0;35640.0;35640.0;35640.0;35640.0;35639.904665599955;35639.904665599955;35639.904665599955;35639.904665599955;35639.904665599955;35639.904665599955;35639.904665599955;35639.904665599955;35639.904665599955;35639.904665599955;35639.904665599955;35639.904665599955;35639.904665599955;35639.904665599955;35639.904665599955;35639.904665599955;35639.904665599955;35639.904665599955;35639.904665599955;35639.904665599955;35639.904665599955;35639.904665599955;35639.904665599955;35639.904665599955;35639.904665599955;35639.904665599955;35639.904665599955;35639.904665599955;35639.904665599955;35639.904665599955;35639.904665599955;35639.904665599955;35639.904665599955;35639.904665599955;35639.904665599955;35639.904665599955;35639.904665599955;35639.904665599955;35639.904665599955;35639.904665599955;
3900.38454279444;35640.0;35640.0;35640.0;35640.0;35639.904665599955;35639.904665599955;35639.904665599955;35639.904665599955;35639.904665599955;35639.904665599955;35639.904665599955;35639.904665599955;35639.904665599955;35639.904665599955;35639.904665599955;35639.904665599955;35639.904665599955;35639.904665599955;35639.904665599955;35639.904665599955;35639.904665599955;35639.904665599955;35639.904665599955;35639.904665599955;35639.904665599955;35639.904665599955;35639.904665599955;35639.904665599955;35639.904665599955;35639.904665599955;35639.904665599955;35639.904665599955;35639.904665599955;35639.904665599955;35639.904665599955;35639.904665599955;35639.904665599955;35639.904665599955;35639.904665599955;35639.904665599955;35639.904665599955;35639.904665599955;35639.904665599955;35639.904665599955;
3960.0;35640.0;35640.0;35640.0;35640.0;35639.904665599955;35639.904665599955;35639.904665599955;35639.904665599955;35639.904665599955;35639.904665599955;35639.904665599955;35639.904665599955;35639.904665599955;35639.904665599955;35639.904665599955;35639.904665599955;35639.904665599955;35639.904665599955;35639.904665599955;35639.904665599955;35639.904665599955;35639.904665599955;35639.904665599955;35639.904665599955;35639.904665599955;35639.904665599955;35639.904665599955;35639.904665599955;35639.904665599955;35639.904665599955;35639.904665599955;35639.904665599955;35639.904665599955;35639.904665599955;35639.904665599955;35639.904665599955;35639.904665599955;35639.904665599955;35639.904665599955;35639.904665599955;35639.904665599955;35639.904665599955;35639.904665599955;35639.904665599955;
4200.0;35640.0;35640.0;35640.0;35640.0;35639.904665599955;35639.904665599955;35639.904665599955;35639.904665599955;35639.904665599955;35639.904665599955;35639.904665599955;35639.904665599955;35639.904665599955;35639.904665599955;35639.904665599955;35639.904665599955;35639.904665599955;35639.904665599955;35639.904665599955;35639.904665599955;35639.904665599955;35639.904665599955;35639.904665599955;35639.904665599955;35639.904665599955;35639.904665599955;35639.904665599955;35639.904665599955;35639.904665599955;35639.904665599955;35639.904665599955;35639.904665599955;35639.904665599955;35639.904665599955;35639.904665599955;35639.904665599955;35639.904665599955;35639.904665599955;35639.904665599955;35639.904665599955;35639.904665599955;35639.904665599955;35639.904665599955;35639.904665599955;
4200.0;35640.0;35640.0;35640.0;35640.0;35639.89785599995;35639.89785599995;35639.89785599995;35639.89785599995;35639.89785599995;35639.89785599995;35639.89785599995;35639.89785599995;35639.89785599995;35639.89785599995;35639.89785599995;35639.89785599995;35639.89785599995;35639.89785599995;35639.89785599995;35639.89785599995;35639.89785599995;35639.89785599995;35639.89785599995;35639.89785599995;35639.89785599995;35639.89785599995;35639.89785599995;35639.89785599995;35639.89785599995;35639.89785599995;35639.89785599995;35639.89785599995;35639.89785599995;35639.89785599995;35639.89785599995;35639.89785599995;35639.89785599995;35639.89785599995;35639.89785599995;35639.89785599995;35639.89785599995;35639.89785599995;35639.89785599995;35639.89785599995;
4200.384542794441;35640.0;35640.0;35640.0;35640.0;35639.89785599995;35639.89785599995;35639.89785599995;35639.89785599995;35639.89785599995;35639.89785599995;35639.89785599995;35639.89785599995;35639.89785599995;35639.89785599995;35639.89785599995;35639.89785599995;35639.89785599995;35639.89785599995;35639.89785599995;35639.89785599995;35639.89785599995;35639.89785599995;35639.89785599995;35639.89785599995;35639.89785599995;35639.89785599995;35639.89785599995;35639.89785599995;35639.89785599995;35639.89785599995;35639.89785599995;35639.89785599995;35639.89785599995;35639.89785599995;35639.89785599995;35639.89785599995;35639.89785599995;35639.89785599995;35639.89785599995;35639.89785599995;35639.89785599995;35639.89785599995;35639.89785599995;35639.89785599995;
4500.0;35640.0;35640.0;35640.0;35640.0;35639.89785599995;35639.89785599995;35639.89785599995;35639.89785599995;35639.89785599995;35639.89785599995;35639.89785599995;35639.89785599995;35639.89785599995;35639.89785599995;35639.89785599995;35639.89785599995;35639.89785599995;35639.89785599995;35639.89785599995;35639.89785599995;35639.89785599995;35639.89785599995;35639.89785599995;35639.89785599995;35639.89785599995;35639.89785599995;35639.89785599995;35639.89785599995;35639.89785599995;35639.89785599995;35639.89785599995;35639.89785599995;35639.89785599995;35639.89785599995;35639.89785599995;35639.89785599995;35639.89785599995;35639.89785599995;35639.89785599995;35639.89785599995;35639.89785599995;35639.89785599995;35639.89785599995;35639.89785599995;
4500.0;35640.0;35640.0;35640.0;35640.0;35639.89104639995;35639.89104639995;35639.89104639995;35639.89104639995;35639.89104639995;35639.89104639995;35639.89104639995;35639.89104639995;35639.89104639995;35639.89104639995;35639.89104639995;35639.89104639995;35639.89104639995;35639.89104639995;35639.89104639995;35639.89104639995;35639.89104639995;35639.89104639995;35639.89104639995;35639.89104639995;35639.89104639995;35639.89104639995;35639.89104639995;35639.89104639995;35639.89104639995;35639.89104639995;35639.89104639995;35639.89104639995;35639.89104639995;35639.89104639995;35639.89104639995;35639.89104639995;35639.89104639995;35639.89104639995;35639.89104639995;35639.89104639995;35639.89104639995;35639.89104639995;35639.89104639995;35639.89104639995;
4500.384542794441;35640.0;35640.0;35640.0;35640.0;35639.89104639995;35639.89104639995;35639.89104639995;35639.89104639995;35639.89104639995;35639.89104639995;35639.89104639995;35639.89104639995;35639.89104639995;35639.89104639995;35639.89104639995;35639.89104639995;35639.89104639995;35639.89104639995;35639.89104639995;35639.89104639995;35639.89104639995;35639.89104639995;35639.89104639995;35639.89104639995;35639.89104639995;35639.89104639995;35639.89104639995;35639.89104639995;35639.89104639995;35639.89104639995;35639.89104639995;35639.89104639995;35639.89104639995;35639.89104639995;35639.89104639995;35639.89104639995;35639.89104639995;35639.89104639995;35639.89104639995;35639.89104639995;35639.89104639995;35639.89104639995;35639.89104639995;35639.89104639995;
4680.0;35640.0;35640.0;35640.0;35640.0;35639.89104639995;35639.89104639995;35639.89104639995;35639.89104639995;35639.89104639995;35639.89104639995;35639.89104639995;35639.89104639995;35639.89104639995;35639.89104639995;35639.89104639995;35639.89104639995;35639.89104639995;35639.89104639995;35639.89104639995;35639.89104639995;35639.89104639995;35639.89104639995;35639.89104639995;35639.89104639995;35639.89104639995;35639.89104639995;35639.89104639995;35639.89104639995;35639.89104639995;35639.89104639995;35639.89104639995;35639.89104639995;35639.89104639995;35639.89104639995;35639.89104639995;35639.89104639995;35639.89104639995;35639.89104639995;35639.89104639995;35639.89104639995;35639.89104639995;35639.89104639995;35639.89104639995;35639.89104639995;
4800.0;35640.0;35640.0;35640.0;35640.0;35639.89104639995;35639.89104639995;35639.89104639995;35639.89104639995;35639.89104639995;35639.89104639995;35639.89104639995;35639.89104639995;35639.89104639995;35639.89104639995;35639.89104639995;35639.89104639995;35639.89104639995;35639.89104639995;35639.89104639995;35639.89104639995;35639.89104639995;35639.89104639995;35639.89104639995;35639.89104639995;35639.89104639995;35639.89104639995;35639.89104639995;35639.89104639995;35639.89104639995;35639.89104639995;35639.89104639995;35639.89104639995;35639.89104639995;35639.89104639995;35639.89104639995;35639.89104639995;35639.89104639995;35639.89104639995;35639.89104639995;35639.89104639995;35639.89104639995;35639.89104639995;35639.89104639995;35639.89104639995;
4800.0;35640.0;35640.0;35640.0;35640.0;35639.884236799946;35639.884236799946;35639.884236799946;35639.884236799946;35639.884236799946;35639.884236799946;35639.884236799946;35639.884236799946;35639.884236799946;35639.884236799946;35639.884236799946;35639.884236799946;35639.884236799946;35639.884236799946;35639.884236799946;35639.884236799946;35639.884236799946;35639.884236799946;35639.884236799946;35639.884236799946;35639.884236799946;35639.884236799946;35639.884236799946;35639.884236799946;35639.884236799946;35639.884236799946;35639.884236799946;35639.884236799946;35639.884236799946;35639.884236799946;35639.884236799946;35639.884236799946;35639.884236799946;35639.884236799946;35639.884236799946;35639.884236799946;35639.884236799946;35639.884236799946;35639.884236799946;35639.884236799946;
4800.384542794441;35640.0;35640.0;35640.0;35640.0;35639.884236799946;35639.884236799946;35639.884236799946;35639.884236799946;35639.884236799946;35639.884236799946;35639.884236799946;35639.884236799946;35639.884236799946;35639.884236799946;35639.884236799946;35639.884236799946;35639.884236799946;35639.884236799946;35639.884236799946;35639.884236799946;35639.884236799946;35639.884236799946;35639.884236799946;35639.884236799946;35639.884236799946;35639.884236799946;35639.884236799946;35639.884236799946;35639.884236799946;35639.884236799946;35639.884236799946;35639.884236799946;35639.884236799946;35639.884236799946;35639.884236799946;35639.884236799946;35639.884236799946;35639.884236799946;35639.884236799946;35639.884236799946;35639.884236799946;35639.884236799946;35639.884236799946;35639.884236799946;
5100.0;35640.0;35640.0;35640.0;35640.0;35639.884236799946;35639.884236799946;35639.884236799946;35639.884236799946;35639.884236799946;35639.884236799946;35639.884236799946;35639.884236799946;35639.884236799946;35639.884236799946;35639.884236799946;35639.884236799946;35639.884236799946;35639.884236799946;35639.884236799946;35639.884236799946;35639.884236799946;35639.884236799946;35639.884236799946;35639.884236799946;35639.884236799946;35639.884236799946;35639.884236799946;35639.884236799946;35639.884236799946;35639.884236799946;35639.884236799946;35639.884236799946;35639.884236799946;35639.884236799946;35639.884236799946;35639.884236799946;35639.884236799946;35639.884236799946;35639.884236799946;35639.884236799946;35639.884236799946;35639.884236799946;35639.884236799946;35639.884236799946;
5100.0;35640.0;35640.0;35640.0;35640.0;35639.87742719994;35639.87742719994;35639.87742719994;35639.87742719994;35639.87742719994;35639.87742719994;35639.87742719994;35639.87742719994;35639.87742719994;35639.87742719994;35639.87742719994;35639.87742719994;35639.87742719994;35639.87742719994;35639.87742719994;35639.87742719994;35639.87742719994;35639.87742719994;35639.87742719994;35639.87742719994;35639.87742719994;35639.87742719994;35639.87742719994;35639.87742719994;35639.87742719994;35639.87742719994;35639.87742719994;35639.87742719994;35639.87742719994;35639.87742719994;35639.87742719994;35639.87742719994;35639.87742719994;35639.87742719994;35639.87742719994;35639.87742719994;35639.87742719994;35639.87742719994;35639.87742719994;35639.87742719994;
5100.384542794441;35640.0;35640.0;35640.0;35640.0;35639.87742719994;35639.87742719994;35639.87742719994;35639.87742719994;35639.87742719994;35639.87742719994;35639.87742719994;35639.87742719994;35639.87742719994;35639.87742719994;35639.87742719994;35639.87742719994;35639.87742719994;35639.87742719994;35639.87742719994;35639.87742719994;35639.87742719994;35639.87742719994;35639.87742719994;35639.87742719994;35639.87742719994;35639.87742719994;35639.87742719994;35639.87742719994;35639.87742719994;35639.87742719994;35639.87742719994;35639.87742719994;35639.87742719994;35639.87742719994;35639.87742719994;35639.87742719994;35639.87742719994;35639.87742719994;35639.87742719994;35639.87742719994;35639.87742719994;35639.87742719994;35639.87742719994;35639.87742719994;
5400.0;35640.0;35640.0;35640.0;35640.0;35639.87742719994;35639.87742719994;35639.87742719994;35639.87742719994;35639.87742719994;35639.87742719994;35639.87742719994;35639.87742719994;35639.87742719994;35639.87742719994;35639.87742719994;35639.87742719994;35639.87742719994;35639.87742719994;35639.87742719994;35639.87742719994;35639.87742719994;35639.87742719994;35639.87742719994;35639.87742719994;35639.87742719994;35639.87742719994;35639.87742719994;35639.87742719994;35639.87742719994;35639.87742719994;35639.87742719994;35639.87742719994;35639.87742719994;35639.87742719994;35639.87742719994;35639.87742719994;35639.87742719994;35639.87742719994;35639.87742719994;35639.87742719994;35639.87742719994;35639.87742719994;35639.87742719994;35639.87742719994;
5400.0;35640.0;35640.0;35640.0;35640.0;35639.87061759994;35639.87061759994;35639.87061759994;35639.87061759994;35639.87061759994;35639.87061759994;35639.87061759994;35639.87061759994;35639.87061759994;35639.87061759994;35639.87061759994;35639.87061759994;35639.87061759994;35639.87061759994;35639.87061759994;35639.87061759994;35639.87061759994;35639.87061759994;35639.87061759994;35639.87061759994;35639.87061759994;35639.87061759994;35639.87061759994;35639.87061759994;35639.87061759994;35639.87061759994;35639.87061759994;35639.87061759994;35639.87061759994;35639.87061759994;35639.87061759994;35639.87061759994;35639.87061759994;35639.87061759994;35639.87061759994;35639.87061759994;35639.87061759994;35639.87061759994;35639.87061759994;35639.87061759994;
5400.384542794441;35640.0;35640.0;35640.0;35640.0;35639.87061759994;35639.87061759994;35639.87061759994;35639.87061759994;35639.87061759994;35639.87061759994;35639.87061759994;35639.87061759994;35639.87061759994;35639.87061759994;35639.87061759994;35639.87061759994;35639.87061759994;35639.87061759994;35639.87061759994;35639.87061759994;35639.87061759994;35639.87061759994;35639.87061759994;35639.87061759994;35639.87061759994;35639.87061759994;35639.87061759994;35639.87061759994;35639.87061759994;35639.87061759994;35639.87061759994;35639.87061759994;35639.87061759994;35639.87061759994;35639.87061759994;35639.87061759994;35639.87061759994;35639.87061759994;35639.87061759994;35639.87061759994;35639.87061759994;35639.87061759994;35639.87061759994;35639.87061759994;
5460.0;35640.0;35640.0;35640.0;35640.0;35639.87061759994;35639.87061759994;35639.87061759994;35639.87061759994;35639.87061759994;35639.87061759994;35639.87061759994;35639.87061759994;35639.87061759994;35639.87061759994;35639.87061759994;35639.87061759994;35639.87061759994;35639.87061759994;35639.87061759994;35639.87061759994;35639.87061759994;35639.87061759994;35639.87061759994;35639.87061759994;35639.87061759994;35639.87061759994;35639.87061759994;35639.87061759994;35639.87061759994;35639.87061759994;35639.87061759994;35639.87061759994;35639.87061759994;35639.87061759994;35639.87061759994;35639.87061759994;35639.87061759994;35639.87061759994;35639.87061759994;35639.87061759994;35639.87061759994;35639.87061759994;35639.87061759994;35639.87061759994;
5700.0;35640.0;35640.0;35640.0;35640.0;35639.87061759994;35639.87061759994;35639.87061759994;35639.87061759994;35639.87061759994;35639.87061759994;35639.87061759994;35639.87061759994;35639.87061759994;35639.87061759994;35639.87061759994;35639.87061759994;35639.87061759994;35639.87061759994;35639.87061759994;35639.87061759994;35639.87061759994;35639.87061759994;35639.87061759994;35639.87061759994;35639.87061759994;35639.87061759994;35639.87061759994;35639.87061759994;35639.87061759994;35639.87061759994;35639.87061759994;35639.87061759994;35639.87061759994;35639.87061759994;35639.87061759994;35639.87061759994;35639.87061759994;35639.87061759994;35639.87061759994;35639.87061759994;35639.87061759994;35639.87061759994;35639.87061759994;35639.87061759994;
5700.0;35640.0;35640.0;35640.0;35640.0;35639.86380799994;35639.86380799994;35639.86380799994;35639.86380799994;35639.86380799994;35639.86380799994;35639.86380799994;35639.86380799994;35639.86380799994;35639.86380799994;35639.86380799994;35639.86380799994;35639.86380799994;35639.86380799994;35639.86380799994;35639.86380799994;35639.86380799994;35639.86380799994;35639.86380799994;35639.86380799994;35639.86380799994;35639.86380799994;35639.86380799994;35639.86380799994;35639.86380799994;35639.86380799994;35639.86380799994;35639.86380799994;35639.86380799994;35639.86380799994;35639.86380799994;35639.86380799994;35639.86380799994;35639.86380799994;35639.86380799994;35639.86380799994;35639.86380799994;35639.86380799994;35639.86380799994;35639.86380799994;
5700.384542794441;35640.0;35640.0;35640.0;35640.0;35639.86380799994;35639.86380799994;35639.86380799994;35639.86380799994;35639.86380799994;35639.86380799994;35639.86380799994;35639.86380799994;35639.86380799994;35639.86380799994;35639.86380799994;35639.86380799994;35639.86380799994;35639.86380799994;35639.86380799994;35639.86380799994;35639.86380799994;35639.86380799994;35639.86380799994;35639.86380799994;35639.86380799994;35639.86380799994;35639.86380799994;35639.86380799994;35639.86380799994;35639.86380799994;35639.86380799994;35639.86380799994;35639.86380799994;35639.86380799994;35639.86380799994;35639.86380799994;35639.86380799994;35639.86380799994;35639.86380799994;35639.86380799994;35639.86380799994;35639.86380799994;35639.86380799994;35639.86380799994;
6000.0;35640.0;35640.0;35640.0;35640.0;35639.86380799994;35639.86380799994;35639.86380799994;35639.86380799994;35639.86380799994;35639.86380799994;35639.86380799994;35639.86380799994;35639.86380799994;35639.86380799994;35639.86380799994;35639.86380799994;35639.86380799994;35639.86380799994;35639.86380799994;35639.86380799994;35639.86380799994;35639.86380799994;35639.86380799994;35639.86380799994;35639.86380799994;35639.86380799994;35639.86380799994;35639.86380799994;35639.86380799994;35639.86380799994;35639.86380799994;35639.86380799994;35639.86380799994;35639.86380799994;35639.86380799994;35639.86380799994;35639.86380799994;35639.86380799994;35639.86380799994;35639.86380799994;35639.86380799994;35639.86380799994;35639.86380799994;35639.86380799994;
6000.0;35640.0;35640.0;35640.0;35640.0;35639.85699839993;35639.85699839993;35639.85699839993;35639.85699839993;35639.85699839993;35639.85699839993;35639.85699839993;35639.85699839993;35639.85699839993;35639.85699839993;35639.85699839993;35639.85699839993;35639.85699839993;35639.85699839993;35639.85699839993;35639.85699839993;35639.85699839993;35639.85699839993;35639.85699839993;35639.85699839993;35639.85699839993;35639.85699839993;35639.85699839993;35639.85699839993;35639.85699839993;35639.85699839993;35639.85699839993;35639.85699839993;35639.85699839993;35639.85699839993;35639.85699839993;35639.85699839993;35639.85699839993;35639.85699839993;35639.85699839993;35639.85699839993;35639.85699839993;35639.85699839993;35639.85699839993;35639.85699839993;
6000.384542794441;35640.0;35640.0;35640.0;35640.0;35639.85699839993;35639.85699839993;35639.85699839993;35639.85699839993;35639.85699839993;35639.85699839993;35639.85699839993;35639.85699839993;35639.85699839993;35639.85699839993;35639.85699839993;35639.85699839993;35639.85699839993;35639.85699839993;35639.85699839993;35639.85699839993;35639.85699839993;35639.85699839993;35639.85699839993;35639.85699839993;35639.85699839993;35639.85699839993;35639.85699839993;35639.85699839993;35639.85699839993;35639.85699839993;35639.85699839993;35639.85699839993;35639.85699839993;35639.85699839993;35639.85699839993;35639.85699839993;35639.85699839993;35639.85699839993;35639.85699839993;35639.85699839993;35639.85699839993;35639.85699839993;35639.85699839993;35639.85699839993;
6300.0;35640.0;35640.0;35640.0;35640.0;35639.85699839993;35639.85699839993;35639.85699839993;35639.85699839993;35639.85699839993;35639.85699839993;35639.85699839993;35639.85699839993;35639.85699839993;35639.85699839993;35639.85699839993;35639.85699839993;35639.85699839993;35639.85699839993;35639.85699839993;35639.85699839993;35639.85699839993;35639.85699839993;35639.85699839993;35639.85699839993;35639.85699839993;35639.85699839993;35639.85699839993;35639.85699839993;35639.85699839993;35639.85699839993;35639.85699839993;35639.85699839993;35639.85699839993;35639.85699839993;35639.85699839993;35639.85699839993;35639.85699839993;35639.85699839993;35639.85699839993;35639.85699839993;35639.85699839993;35639.85699839993;35639.85699839993;35639.85699839993;
6300.0;35640.0;35640.0;35640.0;35640.0;35639.85018879993;35639.85018879993;35639.85018879993;35639.85018879993;35639.85018879993;35639.85018879993;35639.85018879993;35639.85018879993;35639.85018879993;35639.85018879993;35639.85018879993;35639.85018879993;35639.85018879993;35639.85018879993;35639.85018879993;35639.85018879993;35639.85018879993;35639.85018879993;35639.85018879993;35639.85018879993;35639.85018879993;35639.85018879993;35639.85018879993;35639.85018879993;35639.85018879993;35639.85018879993;35639.85018879993;35639.85018879993;35639.85018879993;35639.85018879993;35639.85018879993;35639.85018879993;35639.85018879993;35639.85018879993;35639.85018879993;35639.85018879993;35639.85018879993;35639.85018879993;35639.85018879993;35639.85018879993;
6300.0;35640.0;35640.0;35640.0;35640.0;35639.85018879993;35639.85018879993;35639.85018879993;35639.85018879993;35639.85018879993;35639.85018879993;35639.85018879993;35639.85018879993;35639.85018879993;35639.85018879993;35639.85018879993;35639.85018879993;35639.85018879993;35639.85018879993;35639.85018879993;35639.85018879993;35639.85018879993;35639.85018879993;35639.85018879993;35639.85018879993;35639.85018879993;35639.85018879993;35639.85018879993;35639.85018879993;35639.85018879993;35639.85018879993;35639.85018879993;35639.85018879993;35639.85018879993;35639.85018879993;35639.85018879993;35639.85018879993;35639.85018879993;35639.85018879993;35639.85018879993;35639.85018879993;35639.85018879993;35639.85018879993;35639.85018879993;35639.85018879993;
6300.384542794441;35640.0;35640.0;35640.0;35640.0;35639.85018879993;35639.85018879993;35639.85018879993;35639.85018879993;35639.85018879993;35639.85018879993;35639.85018879993;35639.85018879993;35639.85018879993;35639.85018879993;35639.85018879993;35639.85018879993;35639.85018879993;35639.85018879993;35639.85018879993;35639.85018879993;35639.85018879993;35639.85018879993;35639.85018879993;35639.85018879993;35639.85018879993;35639.85018879993;35639.85018879993;35639.85018879993;35639.85018879993;35639.85018879993;35639.85018879993;35639.85018879993;35639.85018879993;35639.85018879993;35639.85018879993;35639.85018879993;35639.85018879993;35639.85018879993;35639.85018879993;35639.85018879993;35639.85018879993;35639.85018879993;35639.85018879993;35639.85018879993;
6600.0;35640.0;35640.0;35640.0;35640.0;35639.85018879993;35639.85018879993;35639.85018879993;35639.85018879993;35639.85018879993;35639.85018879993;35639.85018879993;35639.85018879993;35639.85018879993;35639.85018879993;35639.85018879993;35639.85018879993;35639.85018879993;35639.85018879993;35639.85018879993;35639.85018879993;35639.85018879993;35639.85018879993;35639.85018879993;35639.85018879993;35639.85018879993;35639.85018879993;35639.85018879993;35639.85018879993;35639.85018879993;35639.85018879993;35639.85018879993;35639.85018879993;35639.85018879993;35639.85018879993;35639.85018879993;35639.85018879993;35639.85018879993;35639.85018879993;35639.85018879993;35639.85018879993;35639.85018879993;35639.85018879993;35639.85018879993;35639.85018879993;
6600.0;35640.0;35640.0;35640.0;35640.0;35639.84337919993;35639.84337919993;35639.84337919993;35639.84337919993;35639.84337919993;35639.84337919993;35639.84337919993;35639.84337919993;35639.84337919993;35639.84337919993;35639.84337919993;35639.84337919993;35639.84337919993;35639.84337919993;35639.84337919993;35639.84337919993;35639.84337919993;35639.84337919993;35639.84337919993;35639.84337919993;35639.84337919993;35639.84337919993;35639.84337919993;35639.84337919993;35639.84337919993;35639.84337919993;35639.84337919993;35639.84337919993;35639.84337919993;35639.84337919993;35639.84337919993;35639.84337919993;35639.84337919993;35639.84337919993;35639.84337919993;35639.84337919993;35639.84337919993;35639.84337919993;35639.84337919993;35639.84337919993;
6600.384542794441;35640.0;35640.0;35640.0;35640.0;35639.84337919993;35639.84337919993;35639.84337919993;35639.84337919993;35639.84337919993;35639.84337919993;35639.84337919993;35639.84337919993;35639.84337919993;35639.84337919993;35639.84337919993;35639.84337919993;35639.84337919993;35639.84337919993;35639.84337919993;35639.84337919993;35639.84337919993;35639.84337919993;35639.84337919993;35639.84337919993;35639.84337919993;35639.84337919993;35639.84337919993;35639.84337919993;35639.84337919993;35639.84337919993;35639.84337919993;35639.84337919993;35639.84337919993;35639.84337919993;35639.84337919993;35639.84337919993;35639.84337919993;35639.84337919993;35639.84337919993;35639.84337919993;35639.84337919993;35639.84337919993;35639.84337919993;35639.84337919993;
6900.0;35640.0;35640.0;35640.0;35640.0;35639.84337919993;35639.84337919993;35639.84337919993;35639.84337919993;35639.84337919993;35639.84337919993;35639.84337919993;35639.84337919993;35639.84337919993;35639.84337919993;35639.84337919993;35639.84337919993;35639.84337919993;35639.84337919993;35639.84337919993;35639.84337919993;35639.84337919993;35639.84337919993;35639.84337919993;35639.84337919993;35639.84337919993;35639.84337919993;35639.84337919993;35639.84337919993;35639.84337919993;35639.84337919993;35639.84337919993;35639.84337919993;35639.84337919993;35639.84337919993;35639.84337919993;35639.84337919993;35639.84337919993;35639.84337919993;35639.84337919993;35639.84337919993;35639.84337919993;35639.84337919993;35639.84337919993;35639.84337919993;
6900.0;35640.0;35640.0;35640.0;35640.0;35639.836569599924;35639.836569599924;35639.836569599924;35639.836569599924;35639.836569599924;35639.836569599924;35639.836569599924;35639.836569599924;35639.836569599924;35639.836569599924;35639.836569599924;35639.836569599924;35639.836569599924;35639.836569599924;35639.836569599924;35639.836569599924;35639.836569599924;35639.836569599924;35639.836569599924;35639.836569599924;35639.836569599924;35639.836569599924;35639.836569599924;35639.836569599924;35639.836569599924;35639.836569599924;35639.836569599924;35639.836569599924;35639.836569599924;35639.836569599924;35639.836569599924;35639.836569599924;35639.836569599924;35639.836569599924;35639.836569599924;35639.836569599924;35639.836569599924;35639.836569599924;35639.836569599924;35639.836569599924;
6900.384542794441;35640.0;35640.0;35640.0;35640.0;35639.836569599924;35639.836569599924;35639.836569599924;35639.836569599924;35639.836569599924;35639.836569599924;35639.836569599924;35639.836569599924;35639.836569599924;35639.836569599924;35639.836569599924;35639.836569599924;35639.836569599924;35639.836569599924;35639.836569599924;35639.836569599924;35639.836569599924;35639.836569599924;35639.836569599924;35639.836569599924;35639.836569599924;35639.836569599924;35639.836569599924;35639.836569599924;35639.836569599924;35639.836569599924;35639.836569599924;35639.836569599924;35639.836569599924;35639.836569599924;35639.836569599924;35639.836569599924;35639.836569599924;35639.836569599924;35639.836569599924;35639.836569599924;35639.836569599924;35639.836569599924;35639.836569599924;35639.836569599924;
7200.0;35640.0;35640.0;35640.0;35640.0;35639.836569599924;35639.836569599924;35639.836569599924;35639.836569599924;35639.836569599924;35639.836569599924;35639.836569599924;35639.836569599924;35639.836569599924;35639.836569599924;35639.836569599924;35639.836569599924;35639.836569599924;35639.836569599924;35639.836569599924;35639.836569599924;35639.836569599924;35639.836569599924;35639.836569599924;35639.836569599924;35639.836569599924;35639.836569599924;35639.836569599924;35639.836569599924;35639.836569599924;35639.836569599924;35639.836569599924;35639.836569599924;35639.836569599924;35639.836569599924;35639.836569599924;35639.836569599924;35639.836569599924;35639.836569599924;35639.836569599924;35639.836569599924;35639.836569599924;35639.836569599924;35639.836569599924;35639.836569599924;
7200.0;35640.0;35640.0;35640.0;35640.0;35639.82975999992;35639.82975999992;35639.82975999992;35639.82975999992;35639.82975999992;35639.82975999992;35639.82975999992;35639.82975999992;35639.82975999992;35639.82975999992;35639.82975999992;35639.82975999992;35639.82975999992;35639.82975999992;35639.82975999992;35639.82975999992;35639.82975999992;35639.82975999992;35639.82975999992;35639.82975999992;35639.82975999992;35639.82975999992;35639.82975999992;35639.82975999992;35639.82975999992;35639.82975999992;35639.82975999992;35639.82975999992;35639.82975999992;35639.82975999992;35639.82975999992;35639.82975999992;35639.82975999992;35639.82975999992;35639.82975999992;35639.82975999992;35639.82975999992;35639.82975999992;35639.82975999992;35639.82975999992;
7200.0;35640.0;35640.0;35640.0;35640.0;35639.82975999992;35639.82975999992;35639.82975999992;35639.82975999992;35639.82975999992;35639.82975999992;35639.82975999992;35639.82975999992;35639.82975999992;35639.82975999992;35639.82975999992;35639.82975999992;35639.82975999992;35639.82975999992;35639.82975999992;35639.82975999992;35639.82975999992;35639.82975999992;35639.82975999992;35639.82975999992;35639.82975999992;35639.82975999992;35639.82975999992;35639.82975999992;35639.82975999992;35639.82975999992;35639.82975999992;35639.82975999992;35639.82975999992;35639.82975999992;35639.82975999992;35639.82975999992;35639.82975999992;35639.82975999992;35639.82975999992;35639.82975999992;35639.82975999992;35639.82975999992;35639.82975999992;35639.82975999992;
7200.384542794441;35640.0;35640.0;35640.0;35640.0;35639.82975999992;35639.82975999992;35639.82975999992;35639.82975999992;35639.82975999992;35639.82975999992;35639.82975999992;35639.82975999992;35639.82975999992;35639.82975999992;35639.82975999992;35639.82975999992;35639.82975999992;35639.82975999992;35639.82975999992;35639.82975999992;35639.82975999992;35639.82975999992;35639.82975999992;35639.82975999992;35639.82975999992;35639.82975999992;35639.82975999992;35639.82975999992;35639.82975999992;35639.82975999992;35639.82975999992;35639.82975999992;35639.82975999992;35639.82975999992;35639.82975999992;35639.82975999992;35639.82975999992;35639.82975999992;35639.82975999992;35639.82975999992;35639.82975999992;35639.82975999992;35639.82975999992;35639.82975999992;
7500.0;35640.0;35640.0;35640.0;35640.0;35639.82975999992;35639.82975999992;35639.82975999992;35639.82975999992;35639.82975999992;35639.82975999992;35639.82975999992;35639.82975999992;35639.82975999992;35639.82975999992;35639.82975999992;35639.82975999992;35639.82975999992;35639.82975999992;35639.82975999992;35639.82975999992;35639.82975999992;35639.82975999992;35639.82975999992;35639.82975999992;35639.82975999992;35639.82975999992;35639.82975999992;35639.82975999992;35639.82975999992;35639.82975999992;35639.82975999992;35639.82975999992;35639.82975999992;35639.82975999992;35639.82975999992;35639.82975999992;35639.82975999992;35639.82975999992;35639.82975999992;35639.82975999992;35639.82975999992;35639.82975999992;35639.82975999992;35639.82975999992;
7500.0;35640.0;35640.0;35640.0;35640.0;35639.82295039992;35639.82295039992;35639.82295039992;35639.82295039992;35639.82295039992;35639.82295039992;35639.82295039992;35639.82295039992;35639.82295039992;35639.82295039992;35639.82295039992;35639.82295039992;35639.82295039992;35639.82295039992;35639.82295039992;35639.82295039992;35639.82295039992;35639.82295039992;35639.82295039992;35639.82295039992;35639.82295039992;35639.82295039992;35639.82295039992;35639.82295039992;35639.82295039992;35639.82295039992;35639.82295039992;35639.82295039992;35639.82295039992;35639.82295039992;35639.82295039992;35639.82295039992;35639.82295039992;35639.82295039992;35639.82295039992;35639.82295039992;35639.82295039992;35639.82295039992;35639.82295039992;35639.82295039992;
7500.384542794441;35640.0;35640.0;35640.0;35640.0;35639.82295039992;35639.82295039992;35639.82295039992;35639.82295039992;35639.82295039992;35639.82295039992;35639.82295039992;35639.82295039992;35639.82295039992;35639.82295039992;35639.82295039992;35639.82295039992;35639.82295039992;35639.82295039992;35639.82295039992;35639.82295039992;35639.82295039992;35639.82295039992;35639.82295039992;35639.82295039992;35639.82295039992;35639.82295039992;35639.82295039992;35639.82295039992;35639.82295039992;35639.82295039992;35639.82295039992;35639.82295039992;35639.82295039992;35639.82295039992;35639.82295039992;35639.82295039992;35639.82295039992;35639.82295039992;35639.82295039992;35639.82295039992;35639.82295039992;35639.82295039992;35639.82295039992;35639.82295039992;
7800.0;35640.0;35640.0;35640.0;35640.0;35639.82295039992;35639.82295039992;35639.82295039992;35639.82295039992;35639.82295039992;35639.82295039992;35639.82295039992;35639.82295039992;35639.82295039992;35639.82295039992;35639.82295039992;35639.82295039992;35639.82295039992;35639.82295039992;35639.82295039992;35639.82295039992;35639.82295039992;35639.82295039992;35639.82295039992;35639.82295039992;35639.82295039992;35639.82295039992;35639.82295039992;35639.82295039992;35639.82295039992;35639.82295039992;35639.82295039992;35639.82295039992;35639.82295039992;35639.82295039992;35639.82295039992;35639.82295039992;35639.82295039992;35639.82295039992;35639.82295039992;35639.82295039992;35639.82295039992;35639.82295039992;35639.82295039992;35639.82295039992;
7800.0;35640.0;35640.0;35640.0;35640.0;35639.816140799914;35639.816140799914;35639.816140799914;35639.816140799914;35639.816140799914;35639.816140799914;35639.816140799914;35639.816140799914;35639.816140799914;35639.816140799914;35639.816140799914;35639.816140799914;35639.816140799914;35639.816140799914;35639.816140799914;35639.816140799914;35639.816140799914;35639.816140799914;35639.816140799914;35639.816140799914;35639.816140799914;35639.816140799914;35639.816140799914;35639.816140799914;35639.816140799914;35639.816140799914;35639.816140799914;35639.816140799914;35639.816140799914;35639.816140799914;35639.816140799914;35639.816140799914;35639.816140799914;35639.816140799914;35639.816140799914;35639.816140799914;35639.816140799914;35639.816140799914;35639.816140799914;35639.816140799914;
7800.384542794441;35640.0;35640.0;35640.0;35640.0;35639.816140799914;35639.816140799914;35639.816140799914;35639.816140799914;35639.816140799914;35639.816140799914;35639.816140799914;35639.816140799914;35639.816140799914;35639.816140799914;35639.816140799914;35639.816140799914;35639.816140799914;35639.816140799914;35639.816140799914;35639.816140799914;35639.816140799914;35639.816140799914;35639.816140799914;35639.816140799914;35639.816140799914;35639.816140799914;35639.816140799914;35639.816140799914;35639.816140799914;35639.816140799914;35639.816140799914;35639.816140799914;35639.816140799914;35639.816140799914;35639.816140799914;35639.816140799914;35639.816140799914;35639.816140799914;35639.816140799914;35639.816140799914;35639.816140799914;35639.816140799914;35639.816140799914;35639.816140799914;
8100.0;35640.0;35640.0;35640.0;35640.0;35639.816140799914;35639.816140799914;35639.816140799914;35639.816140799914;35639.816140799914;35639.816140799914;35639.816140799914;35639.816140799914;35639.816140799914;35639.816140799914;35639.816140799914;35639.816140799914;35639.816140799914;35639.816140799914;35639.816140799914;35639.816140799914;35639.816140799914;35639.816140799914;35639.816140799914;35639.816140799914;35639.816140799914;35639.816140799914;35639.816140799914;35639.816140799914;35639.816140799914;35639.816140799914;35639.816140799914;35639.816140799914;35639.816140799914;35639.816140799914;35639.816140799914;35639.816140799914;35639.816140799914;35639.816140799914;35639.816140799914;35639.816140799914;35639.816140799914;35639.816140799914;35639.816140799914;35639.816140799914;
8100.0;35640.0;35640.0;35640.0;35640.0;35639.80933119991;35639.80933119991;35639.80933119991;35639.80933119991;35639.80933119991;35639.80933119991;35639.80933119991;35639.80933119991;35639.80933119991;35639.80933119991;35639.80933119991;35639.80933119991;35639.80933119991;35639.80933119991;35639.80933119991;35639.80933119991;35639.80933119991;35639.80933119991;35639.80933119991;35639.80933119991;35639.80933119991;35639.80933119991;35639.80933119991;35639.80933119991;35639.80933119991;35639.80933119991;35639.80933119991;35639.80933119991;35639.80933119991;35639.80933119991;35639.80933119991;35639.80933119991;35639.80933119991;35639.80933119991;35639.80933119991;35639.80933119991;35639.80933119991;35639.80933119991;35639.80933119991;35639.80933119991;
8100.384542794441;35640.0;35640.0;35640.0;35640.0;35639.80933119991;35639.80933119991;35639.80933119991;35639.80933119991;35639.80933119991;35639.80933119991;35639.80933119991;35639.80933119991;35639.80933119991;35639.80933119991;35639.80933119991;35639.80933119991;35639.80933119991;35639.80933119991;35639.80933119991;35639.80933119991;35639.80933119991;35639.80933119991;35639.80933119991;35639.80933119991;35639.80933119991;35639.80933119991;35639.80933119991;35639.80933119991;35639.80933119991;35639.80933119991;35639.80933119991;35639.80933119991;35639.80933119991;35639.80933119991;35639.80933119991;35639.80933119991;35639.80933119991;35639.80933119991;35639.80933119991;35639.80933119991;35639.80933119991;35639.80933119991;35639.80933119991;35639.80933119991;
8160.0;35640.0;35640.0;35640.0;35640.0;35639.80933119991;35639.80933119991;35639.80933119991;35639.80933119991;35639.80933119991;35639.80933119991;35639.80933119991;35639.80933119991;35639.80933119991;35639.80933119991;35639.80933119991;35639.80933119991;35639.80933119991;35639.80933119991;35639.80933119991;35639.80933119991;35639.80933119991;35639.80933119991;35639.80933119991;35639.80933119991;35639.80933119991;35639.80933119991;35639.80933119991;35639.80933119991;35639.80933119991;35639.80933119991;35639.80933119991;35639.80933119991;35639.80933119991;35639.80933119991;35639.80933119991;35639.80933119991;35639.80933119991;35639.80933119991;35639.80933119991;35639.80933119991;35639.80933119991;35639.80933119991;35639.80933119991;35639.80933119991;
8400.0;35640.0;35640.0;35640.0;35640.0;35639.80933119991;35639.80933119991;35639.80933119991;35639.80933119991;35639.80933119991;35639.80933119991;35639.80933119991;35639.80933119991;35639.80933119991;35639.80933119991;35639.80933119991;35639.80933119991;35639.80933119991;35639.80933119991;35639.80933119991;35639.80933119991;35639.80933119991;35639.80933119991;35639.80933119991;35639.80933119991;35639.80933119991;35639.80933119991;35639.80933119991;35639.80933119991;35639.80933119991;35639.80933119991;35639.80933119991;35639.80933119991;35639.80933119991;35639.80933119991;35639.80933119991;35639.80933119991;35639.80933119991;35639.80933119991;35639.80933119991;35639.80933119991;35639.80933119991;35639.80933119991;35639.80933119991;35639.80933119991;
8400.0;35640.0;35640.0;35640.0;35640.0;35639.80252159991;35639.80252159991;35639.80252159991;35639.80252159991;35639.80252159991;35639.80252159991;35639.80252159991;35639.80252159991;35639.80252159991;35639.80252159991;35639.80252159991;35639.80252159991;35639.80252159991;35639.80252159991;35639.80252159991;35639.80252159991;35639.80252159991;35639.80252159991;35639.80252159991;35639.80252159991;35639.80252159991;35639.80252159991;35639.80252159991;35639.80252159991;35639.80252159991;35639.80252159991;35639.80252159991;35639.80252159991;35639.80252159991;35639.80252159991;35639.80252159991;35639.80252159991;35639.80252159991;35639.80252159991;35639.80252159991;35639.80252159991;35639.80252159991;35639.80252159991;35639.80252159991;35639.80252159991;
8400.38454279444;35640.0;35640.0;35640.0;35640.0;35639.80252159991;35639.80252159991;35639.80252159991;35639.80252159991;35639.80252159991;35639.80252159991;35639.80252159991;35639.80252159991;35639.80252159991;35639.80252159991;35639.80252159991;35639.80252159991;35639.80252159991;35639.80252159991;35639.80252159991;35639.80252159991;35639.80252159991;35639.80252159991;35639.80252159991;35639.80252159991;35639.80252159991;35639.80252159991;35639.80252159991;35639.80252159991;35639.80252159991;35639.80252159991;35639.80252159991;35639.80252159991;35639.80252159991;35639.80252159991;35639.80252159991;35639.80252159991;35639.80252159991;35639.80252159991;35639.80252159991;35639.80252159991;35639.80252159991;35639.80252159991;35639.80252159991;35639.80252159991;
8700.0;35640.0;35640.0;35640.0;35640.0;35639.80252159991;35639.80252159991;35639.80252159991;35639.80252159991;35639.80252159991;35639.80252159991;35639.80252159991;35639.80252159991;35639.80252159991;35639.80252159991;35639.80252159991;35639.80252159991;35639.80252159991;35639.80252159991;35639.80252159991;35639.80252159991;35639.80252159991;35639.80252159991;35639.80252159991;35639.80252159991;35639.80252159991;35639.80252159991;35639.80252159991;35639.80252159991;35639.80252159991;35639.80252159991;35639.80252159991;35639.80252159991;35639.80252159991;35639.80252159991;35639.80252159991;35639.80252159991;35639.80252159991;35639.80252159991;35639.80252159991;35639.80252159991;35639.80252159991;35639.80252159991;35639.80252159991;35639.80252159991;
8700.0;35640.0;35640.0;35640.0;35640.0;35639.795711999905;35639.795711999905;35639.795711999905;35639.795711999905;35639.795711999905;35639.795711999905;35639.795711999905;35639.795711999905;35639.795711999905;35639.795711999905;35639.795711999905;35639.795711999905;35639.795711999905;35639.795711999905;35639.795711999905;35639.795711999905;35639.795711999905;35639.795711999905;35639.795711999905;35639.795711999905;35639.795711999905;35639.795711999905;35639.795711999905;35639.795711999905;35639.795711999905;35639.795711999905;35639.795711999905;35639.795711999905;35639.795711999905;35639.795711999905;35639.795711999905;35639.795711999905;35639.795711999905;35639.795711999905;35639.795711999905;35639.795711999905;35639.795711999905;35639.795711999905;35639.795711999905;35639.795711999905;
8700.38454279444;35640.0;35640.0;35640.0;35640.0;35639.795711999905;35639.795711999905;35639.795711999905;35639.795711999905;35639.795711999905;35639.795711999905;35639.795711999905;35639.795711999905;35639.795711999905;35639.795711999905;35639.795711999905;35639.795711999905;35639.795711999905;35639.795711999905;35639.795711999905;35639.795711999905;35639.795711999905;35639.795711999905;35639.795711999905;35639.795711999905;35639.795711999905;35639.795711999905;35639.795711999905;35639.795711999905;35639.795711999905;35639.795711999905;35639.795711999905;35639.795711999905;35639.795711999905;35639.795711999905;35639.795711999905;35639.795711999905;35639.795711999905;35639.795711999905;35639.795711999905;35639.795711999905;35639.795711999905;35639.795711999905;35639.795711999905;35639.795711999905;
9000.0;35640.0;35640.0;35640.0;35640.0;35639.795711999905;35639.795711999905;35639.795711999905;35639.795711999905;35639.795711999905;35639.795711999905;35639.795711999905;35639.795711999905;35639.795711999905;35639.795711999905;35639.795711999905;35639.795711999905;35639.795711999905;35639.795711999905;35639.795711999905;35639.795711999905;35639.795711999905;35639.795711999905;35639.795711999905;35639.795711999905;35639.795711999905;35639.795711999905;35639.795711999905;35639.795711999905;35639.795711999905;35639.795711999905;35639.795711999905;35639.795711999905;35639.795711999905;35639.795711999905;35639.795711999905;35639.795711999905;35639.795711999905;35639.795711999905;35639.795711999905;35639.795711999905;35639.795711999905;35639.795711999905;35639.795711999905;35639.795711999905;
9000.0;35640.0;35640.0;35640.0;35640.0;35639.7889023999;35639.7889023999;35639.7889023999;35639.7889023999;35639.7889023999;35639.7889023999;35639.7889023999;35639.7889023999;35639.7889023999;35639.7889023999;35639.7889023999;35639.7889023999;35639.7889023999;35639.7889023999;35639.7889023999;35639.7889023999;35639.7889023999;35639.7889023999;35639.7889023999;35639.7889023999;35639.7889023999;35639.7889023999;35639.7889023999;35639.7889023999;35639.7889023999;35639.7889023999;35639.7889023999;35639.7889023999;35639.7889023999;35639.7889023999;35639.7889023999;35639.7889023999;35639.7889023999;35639.7889023999;35639.7889023999;35639.7889023999;35639.7889023999;35639.7889023999;35639.7889023999;35639.7889023999;
9000.38454279444;35640.0;35640.0;35640.0;35640.0;35639.7889023999;35639.7889023999;35639.7889023999;35639.7889023999;35639.7889023999;35639.7889023999;35639.7889023999;35639.7889023999;35639.7889023999;35639.7889023999;35639.7889023999;35639.7889023999;35639.7889023999;35639.7889023999;35639.7889023999;35639.7889023999;35639.7889023999;35639.7889023999;35639.7889023999;35639.7889023999;35639.7889023999;35639.7889023999;35639.7889023999;35639.7889023999;35639.7889023999;35639.7889023999;35639.7889023999;35639.7889023999;35639.7889023999;35639.7889023999;35639.7889023999;35639.7889023999;35639.7889023999;35639.7889023999;35639.7889023999;35639.7889023999;35639.7889023999;35639.7889023999;35639.7889023999;35639.7889023999;
9180.0;35640.0;35640.0;35640.0;35640.0;35639.7889023999;35639.7889023999;35639.7889023999;35639.7889023999;35639.7889023999;35639.7889023999;35639.7889023999;35639.7889023999;35639.7889023999;35639.7889023999;35639.7889023999;35639.7889023999;35639.7889023999;35639.7889023999;35639.7889023999;35639.7889023999;35639.7889023999;35639.7889023999;35639.7889023999;35639.7889023999;35639.7889023999;35639.7889023999;35639.7889023999;35639.7889023999;35639.7889023999;35639.7889023999;35639.7889023999;35639.7889023999;35639.7889023999;35639.7889023999;35639.7889023999;35639.7889023999;35639.7889023999;35639.7889023999;35639.7889023999;35639.7889023999;35639.7889023999;35639.7889023999;35639.7889023999;35639.7889023999;
9300.0;35640.0;35640.0;35640.0;35640.0;35639.7889023999;35639.7889023999;35639.7889023999;35639.7889023999;35639.7889023999;35639.7889023999;35639.7889023999;35639.7889023999;35639.7889023999;35639.7889023999;35639.7889023999;35639.7889023999;35639.7889023999;35639.7889023999;35639.7889023999;35639.7889023999;35639.7889023999;35639.7889023999;35639.7889023999;35639.7889023999;35639.7889023999;35639.7889023999;35639.7889023999;35639.7889023999;35639.7889023999;35639.7889023999;35639.7889023999;35639.7889023999;35639.7889023999;35639.7889023999;35639.7889023999;35639.7889023999;35639.7889023999;35639.7889023999;35639.7889023999;35639.7889023999;35639.7889023999;35639.7889023999;35639.7889023999;35639.7889023999;
9300.0;35640.0;35640.0;35640.0;35640.0;35639.7820927999;35639.7820927999;35639.7820927999;35639.7820927999;35639.7820927999;35639.7820927999;35639.7820927999;35639.7820927999;35639.7820927999;35639.7820927999;35639.7820927999;35639.7820927999;35639.7820927999;35639.7820927999;35639.7820927999;35639.7820927999;35639.7820927999;35639.7820927999;35639.7820927999;35639.7820927999;35639.7820927999;35639.7820927999;35639.7820927999;35639.7820927999;35639.7820927999;35639.7820927999;35639.7820927999;35639.7820927999;35639.7820927999;35639.7820927999;35639.7820927999;35639.7820927999;35639.7820927999;35639.7820927999;35639.7820927999;35639.7820927999;35639.7820927999;35639.7820927999;35639.7820927999;35639.7820927999;
9300.38454279444;35640.0;35640.0;35640.0;35640.0;35639.7820927999;35639.7820927999;35639.7820927999;35639.7820927999;35639.7820927999;35639.7820927999;35639.7820927999;35639.7820927999;35639.7820927999;35639.7820927999;35639.7820927999;35639.7820927999;35639.7820927999;35639.7820927999;35639.7820927999;35639.7820927999;35639.7820927999;35639.7820927999;35639.7820927999;35639.7820927999;35639.7820927999;35639.7820927999;35639.7820927999;35639.7820927999;35639.7820927999;35639.7820927999;35639.7820927999;35639.7820927999;35639.7820927999;35639.7820927999;35639.7820927999;35639.7820927999;35639.7820927999;35639.7820927999;35639.7820927999;35639.7820927999;35639.7820927999;35639.7820927999;35639.7820927999;35639.7820927999;
9600.0;35640.0;35640.0;35640.0;35640.0;35639.7820927999;35639.7820927999;35639.7820927999;35639.7820927999;35639.7820927999;35639.7820927999;35639.7820927999;35639.7820927999;35639.7820927999;35639.7820927999;35639.7820927999;35639.7820927999;35639.7820927999;35639.7820927999;35639.7820927999;35639.7820927999;35639.7820927999;35639.7820927999;35639.7820927999;35639.7820927999;35639.7820927999;35639.7820927999;35639.7820927999;35639.7820927999;35639.7820927999;35639.7820927999;35639.7820927999;35639.7820927999;35639.7820927999;35639.7820927999;35639.7820927999;35639.7820927999;35639.7820927999;35639.7820927999;35639.7820927999;35639.7820927999;35639.7820927999;35639.7820927999;35639.7820927999;35639.7820927999;
9600.0;35640.0;35640.0;35640.0;35640.0;35639.775283199895;35639.775283199895;35639.775283199895;35639.775283199895;35639.775283199895;35639.775283199895;35639.775283199895;35639.775283199895;35639.775283199895;35639.775283199895;35639.775283199895;35639.775283199895;35639.775283199895;35639.775283199895;35639.775283199895;35639.775283199895;35639.775283199895;35639.775283199895;35639.775283199895;35639.775283199895;35639.775283199895;35639.775283199895;35639.775283199895;35639.775283199895;35639.775283199895;35639.775283199895;35639.775283199895;35639.775283199895;35639.775283199895;35639.775283199895;35639.775283199895;35639.775283199895;35639.775283199895;35639.775283199895;35639.775283199895;35639.775283199895;35639.775283199895;35639.775283199895;35639.775283199895;35639.775283199895;
9600.38454279444;35640.0;35640.0;35640.0;35640.0;35639.775283199895;35639.775283199895;35639.775283199895;35639.775283199895;35639.775283199895;35639.775283199895;35639.775283199895;35639.775283199895;35639.775283199895;35639.775283199895;35639.775283199895;35639.775283199895;35639.775283199895;35639.775283199895;35639.775283199895;35639.775283199895;35639.775283199895;35639.775283199895;35639.775283199895;35639.775283199895;35639.775283199895;35639.775283199895;35639.775283199895;35639.775283199895;35639.775283199895;35639.775283199895;35639.775283199895;35639.775283199895;35639.775283199895;35639.775283199895;35639.775283199895;35639.775283199895;35639.775283199895;35639.775283199895;35639.775283199895;35639.775283199895;35639.775283199895;35639.775283199895;35639.775283199895;35639.775283199895;
9900.0;35640.0;35640.0;35640.0;35640.0;35639.775283199895;35639.775283199895;35639.775283199895;35639.775283199895;35639.775283199895;35639.775283199895;35639.775283199895;35639.775283199895;35639.775283199895;35639.775283199895;35639.775283199895;35639.775283199895;35639.775283199895;35639.775283199895;35639.775283199895;35639.775283199895;35639.775283199895;35639.775283199895;35639.775283199895;35639.775283199895;35639.775283199895;35639.775283199895;35639.775283199895;35639.775283199895;35639.775283199895;35639.775283199895;35639.775283199895;35639.775283199895;35639.775283199895;35639.775283199895;35639.775283199895;35639.775283199895;35639.775283199895;35639.775283199895;35639.775283199895;35639.775283199895;35639.775283199895;35639.775283199895;35639.775283199895;35639.775283199895;
9900.0;35640.0;35640.0;35640.0;35640.0;35639.76847359989;35639.76847359989;35639.76847359989;35639.76847359989;35639.76847359989;35639.76847359989;35639.76847359989;35639.76847359989;35639.76847359989;35639.76847359989;35639.76847359989;35639.76847359989;35639.76847359989;35639.76847359989;35639.76847359989;35639.76847359989;35639.76847359989;35639.76847359989;35639.76847359989;35639.76847359989;35639.76847359989;35639.76847359989;35639.76847359989;35639.76847359989;35639.76847359989;35639.76847359989;35639.76847359989;35639.76847359989;35639.76847359989;35639.76847359989;35639.76847359989;35639.76847359989;35639.76847359989;35639.76847359989;35639.76847359989;35639.76847359989;35639.76847359989;35639.76847359989;35639.76847359989;35639.76847359989;
9900.38454279444;35640.0;35640.0;35640.0;35640.0;35639.76847359989;35639.76847359989;35639.76847359989;35639.76847359989;35639.76847359989;35639.76847359989;35639.76847359989;35639.76847359989;35639.76847359989;35639.76847359989;35639.76847359989;35639.76847359989;35639.76847359989;35639.76847359989;35639.76847359989;35639.76847359989;35639.76847359989;35639.76847359989;35639.76847359989;35639.76847359989;35639.76847359989;35639.76847359989;35639.76847359989;35639.76847359989;35639.76847359989;35639.76847359989;35639.76847359989;35639.76847359989;35639.76847359989;35639.76847359989;35639.76847359989;35639.76847359989;35639.76847359989;35639.76847359989;35639.76847359989;35639.76847359989;35639.76847359989;35639.76847359989;35639.76847359989;35639.76847359989;
10200.0;35640.0;35640.0;35640.0;35640.0;35639.76847359989;35639.76847359989;35639.76847359989;35639.76847359989;35639.76847359989;35639.76847359989;35639.76847359989;35639.76847359989;35639.76847359989;35639.76847359989;35639.76847359989;35639.76847359989;35639.76847359989;35639.76847359989;35639.76847359989;35639.76847359989;35639.76847359989;35639.76847359989;35639.76847359989;35639.76847359989;35639.76847359989;35639.76847359989;35639.76847359989;35639.76847359989;35639.76847359989;35639.76847359989;35639.76847359989;35639.76847359989;35639.76847359989;35639.76847359989;35639.76847359989;35639.76847359989;35639.76847359989;35639.76847359989;35639.76847359989;35639.76847359989;35639.76847359989;35639.76847359989;35639.76847359989;35639.76847359989;
10200.0;35640.0;35640.0;35640.0;35640.0;35639.76166399989;35639.76166399989;35639.76166399989;35639.76166399989;35639.76166399989;35639.76166399989;35639.76166399989;35639.76166399989;35639.76166399989;35639.76166399989;35639.76166399989;35639.76166399989;35639.76166399989;35639.76166399989;35639.76166399989;35639.76166399989;35639.76166399989;35639.76166399989;35639.76166399989;35639.76166399989;35639.76166399989;35639.76166399989;35639.76166399989;35639.76166399989;35639.76166399989;35639.76166399989;35639.76166399989;35639.76166399989;35639.76166399989;35639.76166399989;35639.76166399989;35639.76166399989;35639.76166399989;35639.76166399989;35639.76166399989;35639.76166399989;35639.76166399989;35639.76166399989;35639.76166399989;35639.76166399989;
10200.38454279444;35640.0;35640.0;35640.0;35640.0;35639.76166399989;35639.76166399989;35639.76166399989;35639.76166399989;35639.76166399989;35639.76166399989;35639.76166399989;35639.76166399989;35639.76166399989;35639.76166399989;35639.76166399989;35639.76166399989;35639.76166399989;35639.76166399989;35639.76166399989;35639.76166399989;35639.76166399989;35639.76166399989;35639.76166399989;35639.76166399989;35639.76166399989;35639.76166399989;35639.76166399989;35639.76166399989;35639.76166399989;35639.76166399989;35639.76166399989;35639.76166399989;35639.76166399989;35639.76166399989;35639.76166399989;35639.76166399989;35639.76166399989;35639.76166399989;35639.76166399989;35639.76166399989;35639.76166399989;35639.76166399989;35639.76166399989;35639.76166399989;
10260.0;35640.0;35640.0;35640.0;35640.0;35639.76166399989;35639.76166399989;35639.76166399989;35639.76166399989;35639.76166399989;35639.76166399989;35639.76166399989;35639.76166399989;35639.76166399989;35639.76166399989;35639.76166399989;35639.76166399989;35639.76166399989;35639.76166399989;35639.76166399989;35639.76166399989;35639.76166399989;35639.76166399989;35639.76166399989;35639.76166399989;35639.76166399989;35639.76166399989;35639.76166399989;35639.76166399989;35639.76166399989;35639.76166399989;35639.76166399989;35639.76166399989;35639.76166399989;35639.76166399989;35639.76166399989;35639.76166399989;35639.76166399989;35639.76166399989;35639.76166399989;35639.76166399989;35639.76166399989;35639.76166399989;35639.76166399989;35639.76166399989;
10500.0;35640.0;35640.0;35640.0;35640.0;35639.76166399989;35639.76166399989;35639.76166399989;35639.76166399989;35639.76166399989;35639.76166399989;35639.76166399989;35639.76166399989;35639.76166399989;35639.76166399989;35639.76166399989;35639.76166399989;35639.76166399989;35639.76166399989;35639.76166399989;35639.76166399989;35639.76166399989;35639.76166399989;35639.76166399989;35639.76166399989;35639.76166399989;35639.76166399989;35639.76166399989;35639.76166399989;35639.76166399989;35639.76166399989;35639.76166399989;35639.76166399989;35639.76166399989;35639.76166399989;35639.76166399989;35639.76166399989;35639.76166399989;35639.76166399989;35639.76166399989;35639.76166399989;35639.76166399989;35639.76166399989;35639.76166399989;35639.76166399989;
10500.0;35640.0;35640.0;35640.0;35640.0;35639.754854399886;35639.754854399886;35639.754854399886;35639.754854399886;35639.754854399886;35639.754854399886;35639.754854399886;35639.754854399886;35639.754854399886;35639.754854399886;35639.754854399886;35639.754854399886;35639.754854399886;35639.754854399886;35639.754854399886;35639.754854399886;35639.754854399886;35639.754854399886;35639.754854399886;35639.754854399886;35639.754854399886;35639.754854399886;35639.754854399886;35639.754854399886;35639.754854399886;35639.754854399886;35639.754854399886;35639.754854399886;35639.754854399886;35639.754854399886;35639.754854399886;35639.754854399886;35639.754854399886;35639.754854399886;35639.754854399886;35639.754854399886;35639.754854399886;35639.754854399886;35639.754854399886;35639.754854399886;
10500.38454279444;35640.0;35640.0;35640.0;35640.0;35639.754854399886;35639.754854399886;35639.754854399886;35639.754854399886;35639.754854399886;35639.754854399886;35639.754854399886;35639.754854399886;35639.754854399886;35639.754854399886;35639.754854399886;35639.754854399886;35639.754854399886;35639.754854399886;35639.754854399886;35639.754854399886;35639.754854399886;35639.754854399886;35639.754854399886;35639.754854399886;35639.754854399886;35639.754854399886;35639.754854399886;35639.754854399886;35639.754854399886;35639.754854399886;35639.754854399886;35639.754854399886;35639.754854399886;35639.754854399886;35639.754854399886;35639.754854399886;35639.754854399886;35639.754854399886;35639.754854399886;35639.754854399886;35639.754854399886;35639.754854399886;35639.754854399886;35639.754854399886;
10800.0;35640.0;35640.0;35640.0;35640.0;35639.754854399886;35639.754854399886;35639.754854399886;35639.754854399886;35639.754854399886;35639.754854399886;35639.754854399886;35639.754854399886;35639.754854399886;35639.754854399886;35639.754854399886;35639.754854399886;35639.754854399886;35639.754854399886;35639.754854399886;35639.754854399886;35639.754854399886;35639.754854399886;35639.754854399886;35639.754854399886;35639.754854399886;35639.754854399886;35639.754854399886;35639.754854399886;35639.754854399886;35639.754854399886;35639.754854399886;35639.754854399886;35639.754854399886;35639.754854399886;35639.754854399886;35639.754854399886;35639.754854399886;35639.754854399886;35639.754854399886;35639.754854399886;35639.754854399886;35639.754854399886;35639.754854399886;35639.754854399886;
10800.0;35640.0;35640.0;35640.0;35640.0;35639.74804479988;35639.74804479988;35639.74804479988;35639.74804479988;35639.74804479988;35639.74804479988;35639.74804479988;35639.74804479988;35639.74804479988;35639.74804479988;35639.74804479988;35639.74804479988;35639.74804479988;35639.74804479988;35639.74804479988;35639.74804479988;35639.74804479988;35639.74804479988;35639.74804479988;35639.74804479988;35639.74804479988;35639.74804479988;35639.74804479988;35639.74804479988;35639.74804479988;35639.74804479988;35639.74804479988;35639.74804479988;35639.74804479988;35639.74804479988;35639.74804479988;35639.74804479988;35639.74804479988;35639.74804479988;35639.74804479988;35639.74804479988;35639.74804479988;35639.74804479988;35639.74804479988;35639.74804479988;
10800.38454279444;35640.0;35640.0;35640.0;35640.0;35639.74804479988;35639.74804479988;35639.74804479988;35639.74804479988;35639.74804479988;35639.74804479988;35639.74804479988;35639.74804479988;35639.74804479988;35639.74804479988;35639.74804479988;35639.74804479988;35639.74804479988;35639.74804479988;35639.74804479988;35639.74804479988;35639.74804479988;35639.74804479988;35639.74804479988;35639.74804479988;35639.74804479988;35639.74804479988;35639.74804479988;35639.74804479988;35639.74804479988;35639.74804479988;35639.74804479988;35639.74804479988;35639.74804479988;35639.74804479988;35639.74804479988;35639.74804479988;35639.74804479988;35639.74804479988;35639.74804479988;35639.74804479988;35639.74804479988;35639.74804479988;35639.74804479988;35639.74804479988;
11100.0;35640.0;35640.0;35640.0;35640.0;35639.74804479988;35639.74804479988;35639.74804479988;35639.74804479988;35639.74804479988;35639.74804479988;35639.74804479988;35639.74804479988;35639.74804479988;35639.74804479988;35639.74804479988;35639.74804479988;35639.74804479988;35639.74804479988;35639.74804479988;35639.74804479988;35639.74804479988;35639.74804479988;35639.74804479988;35639.74804479988;35639.74804479988;35639.74804479988;35639.74804479988;35639.74804479988;35639.74804479988;35639.74804479988;35639.74804479988;35639.74804479988;35639.74804479988;35639.74804479988;35639.74804479988;35639.74804479988;35639.74804479988;35639.74804479988;35639.74804479988;35639.74804479988;35639.74804479988;35639.74804479988;35639.74804479988;35639.74804479988;
11100.0;35640.0;35640.0;35640.0;35640.0;35639.74123519988;35639.74123519988;35639.74123519988;35639.74123519988;35639.74123519988;35639.74123519988;35639.74123519988;35639.74123519988;35639.74123519988;35639.74123519988;35639.74123519988;35639.74123519988;35639.74123519988;35639.74123519988;35639.74123519988;35639.74123519988;35639.74123519988;35639.74123519988;35639.74123519988;35639.74123519988;35639.74123519988;35639.74123519988;35639.74123519988;35639.74123519988;35639.74123519988;35639.74123519988;35639.74123519988;35639.74123519988;35639.74123519988;35639.74123519988;35639.74123519988;35639.74123519988;35639.74123519988;35639.74123519988;35639.74123519988;35639.74123519988;35639.74123519988;35639.74123519988;35639.74123519988;35639.74123519988;
11100.38454279444;35640.0;35640.0;35640.0;35640.0;35639.74123519988;35639.74123519988;35639.74123519988;35639.74123519988;35639.74123519988;35639.74123519988;35639.74123519988;35639.74123519988;35639.74123519988;35639.74123519988;35639.74123519988;35639.74123519988;35639.74123519988;35639.74123519988;35639.74123519988;35639.74123519988;35639.74123519988;35639.74123519988;35639.74123519988;35639.74123519988;35639.74123519988;35639.74123519988;35639.74123519988;35639.74123519988;35639.74123519988;35639.74123519988;35639.74123519988;35639.74123519988;35639.74123519988;35639.74123519988;35639.74123519988;35639.74123519988;35639.74123519988;35639.74123519988;35639.74123519988;35639.74123519988;35639.74123519988;35639.74123519988;35639.74123519988;35639.74123519988;
11400.0;35640.0;35640.0;35640.0;35640.0;35639.74123519988;35639.74123519988;35639.74123519988;35639.74123519988;35639.74123519988;35639.74123519988;35639.74123519988;35639.74123519988;35639.74123519988;35639.74123519988;35639.74123519988;35639.74123519988;35639.74123519988;35639.74123519988;35639.74123519988;35639.74123519988;35639.74123519988;35639.74123519988;35639.74123519988;35639.74123519988;35639.74123519988;35639.74123519988;35639.74123519988;35639.74123519988;35639.74123519988;35639.74123519988;35639.74123519988;35639.74123519988;35639.74123519988;35639.74123519988;35639.74123519988;35639.74123519988;35639.74123519988;35639.74123519988;35639.74123519988;35639.74123519988;35639.74123519988;35639.74123519988;35639.74123519988;35639.74123519988;
11400.0;35640.0;35640.0;35640.0;35640.0;35639.734425599876;35639.734425599876;35639.734425599876;35639.734425599876;35639.734425599876;35639.734425599876;35639.734425599876;35639.734425599876;35639.734425599876;35639.734425599876;35639.734425599876;35639.734425599876;35639.734425599876;35639.734425599876;35639.734425599876;35639.734425599876;35639.734425599876;35639.734425599876;35639.734425599876;35639.734425599876;35639.734425599876;35639.734425599876;35639.734425599876;35639.734425599876;35639.734425599876;35639.734425599876;35639.734425599876;35639.734425599876;35639.734425599876;35639.734425599876;35639.734425599876;35639.734425599876;35639.734425599876;35639.734425599876;35639.734425599876;35639.734425599876;35639.734425599876;35639.734425599876;35639.734425599876;35639.734425599876;
11400.0;35640.0;35640.0;35640.0;35640.0;35639.734425599876;35639.734425599876;35639.734425599876;35639.734425599876;35639.734425599876;35639.734425599876;35639.734425599876;35639.734425599876;35639.734425599876;35639.734425599876;35639.734425599876;35639.734425599876;35639.734425599876;35639.734425599876;35639.734425599876;35639.734425599876;35639.734425599876;35639.734425599876;35639.734425599876;35639.734425599876;35639.734425599876;35639.734425599876;35639.734425599876;35639.734425599876;35639.734425599876;35639.734425599876;35639.734425599876;35639.734425599876;35639.734425599876;35639.734425599876;35639.734425599876;35639.734425599876;35639.734425599876;35639.734425599876;35639.734425599876;35639.734425599876;35639.734425599876;35639.734425599876;35639.734425599876;35639.734425599876;
11400.38454279444;35640.0;35640.0;35640.0;35640.0;35639.734425599876;35639.734425599876;35639.734425599876;35639.734425599876;35639.734425599876;35639.734425599876;35639.734425599876;35639.734425599876;35639.734425599876;35639.734425599876;35639.734425599876;35639.734425599876;35639.734425599876;35639.734425599876;35639.734425599876;35639.734425599876;35639.734425599876;35639.734425599876;35639.734425599876;35639.734425599876;35639.734425599876;35639.734425599876;35639.734425599876;35639.734425599876;35639.734425599876;35639.734425599876;35639.734425599876;35639.734425599876;35639.734425599876;35639.734425599876;35639.734425599876;35639.734425599876;35639.734425599876;35639.734425599876;35639.734425599876;35639.734425599876;35639.734425599876;35639.734425599876;35639.734425599876;35639.734425599876;
11700.0;35640.0;35640.0;35640.0;35640.0;35639.734425599876;35639.734425599876;35639.734425599876;35639.734425599876;35639.734425599876;35639.734425599876;35639.734425599876;35639.734425599876;35639.734425599876;35639.734425599876;35639.734425599876;35639.734425599876;35639.734425599876;35639.734425599876;35639.734425599876;35639.734425599876;35639.734425599876;35639.734425599876;35639.734425599876;35639.734425599876;35639.734425599876;35639.734425599876;35639.734425599876;35639.734425599876;35639.734425599876;35639.734425599876;35639.734425599876;35639.734425599876;35639.734425599876;35639.734425599876;35639.734425599876;35639.734425599876;35639.734425599876;35639.734425599876;35639.734425599876;35639.734425599876;35639.734425599876;35639.734425599876;35639.734425599876;35639.734425599876;
11700.0;35640.0;35640.0;35640.0;35640.0;35639.72761599987;35639.72761599987;35639.72761599987;35639.72761599987;35639.72761599987;35639.72761599987;35639.72761599987;35639.72761599987;35639.72761599987;35639.72761599987;35639.72761599987;35639.72761599987;35639.72761599987;35639.72761599987;35639.72761599987;35639.72761599987;35639.72761599987;35639.72761599987;35639.72761599987;35639.72761599987;35639.72761599987;35639.72761599987;35639.72761599987;35639.72761599987;35639.72761599987;35639.72761599987;35639.72761599987;35639.72761599987;35639.72761599987;35639.72761599987;35639.72761599987;35639.72761599987;35639.72761599987;35639.72761599987;35639.72761599987;35639.72761599987;35639.72761599987;35639.72761599987;35639.72761599987;35639.72761599987;
11700.38454279444;35640.0;35640.0;35640.0;35640.0;35639.72761599987;35639.72761599987;35639.72761599987;35639.72761599987;35639.72761599987;35639.72761599987;35639.72761599987;35639.72761599987;35639.72761599987;35639.72761599987;35639.72761599987;35639.72761599987;35639.72761599987;35639.72761599987;35639.72761599987;35639.72761599987;35639.72761599987;35639.72761599987;35639.72761599987;35639.72761599987;35639.72761599987;35639.72761599987;35639.72761599987;35639.72761599987;35639.72761599987;35639.72761599987;35639.72761599987;35639.72761599987;35639.72761599987;35639.72761599987;35639.72761599987;35639.72761599987;35639.72761599987;35639.72761599987;35639.72761599987;35639.72761599987;35639.72761599987;35639.72761599987;35639.72761599987;35639.72761599987;
12000.0;35640.0;35640.0;35640.0;35640.0;35639.72761599987;35639.72761599987;35639.72761599987;35639.72761599987;35639.72761599987;35639.72761599987;35639.72761599987;35639.72761599987;35639.72761599987;35639.72761599987;35639.72761599987;35639.72761599987;35639.72761599987;35639.72761599987;35639.72761599987;35639.72761599987;35639.72761599987;35639.72761599987;35639.72761599987;35639.72761599987;35639.72761599987;35639.72761599987;35639.72761599987;35639.72761599987;35639.72761599987;35639.72761599987;35639.72761599987;35639.72761599987;35639.72761599987;35639.72761599987;35639.72761599987;35639.72761599987;35639.72761599987;35639.72761599987;35639.72761599987;35639.72761599987;35639.72761599987;35639.72761599987;35639.72761599987;35639.72761599987;
12000.0;35640.0;35640.0;35640.0;35640.0;35639.72080639987;35639.72080639987;35639.72080639987;35639.72080639987;35639.72080639987;35639.72080639987;35639.72080639987;35639.72080639987;35639.72080639987;35639.72080639987;35639.72080639987;35639.72080639987;35639.72080639987;35639.72080639987;35639.72080639987;35639.72080639987;35639.72080639987;35639.72080639987;35639.72080639987;35639.72080639987;35639.72080639987;35639.72080639987;35639.72080639987;35639.72080639987;35639.72080639987;35639.72080639987;35639.72080639987;35639.72080639987;35639.72080639987;35639.72080639987;35639.72080639987;35639.72080639987;35639.72080639987;35639.72080639987;35639.72080639987;35639.72080639987;35639.72080639987;35639.72080639987;35639.72080639987;35639.72080639987;
12000.38454279444;35640.0;35640.0;35640.0;35640.0;35639.72080639987;35639.72080639987;35639.72080639987;35639.72080639987;35639.72080639987;35639.72080639987;35639.72080639987;35639.72080639987;35639.72080639987;35639.72080639987;35639.72080639987;35639.72080639987;35639.72080639987;35639.72080639987;35639.72080639987;35639.72080639987;35639.72080639987;35639.72080639987;35639.72080639987;35639.72080639987;35639.72080639987;35639.72080639987;35639.72080639987;35639.72080639987;35639.72080639987;35639.72080639987;35639.72080639987;35639.72080639987;35639.72080639987;35639.72080639987;35639.72080639987;35639.72080639987;35639.72080639987;35639.72080639987;35639.72080639987;35639.72080639987;35639.72080639987;35639.72080639987;35639.72080639987;35639.72080639987;
12300.0;35640.0;35640.0;35640.0;35640.0;35639.72080639987;35639.72080639987;35639.72080639987;35639.72080639987;35639.72080639987;35639.72080639987;35639.72080639987;35639.72080639987;35639.72080639987;35639.72080639987;35639.72080639987;35639.72080639987;35639.72080639987;35639.72080639987;35639.72080639987;35639.72080639987;35639.72080639987;35639.72080639987;35639.72080639987;35639.72080639987;35639.72080639987;35639.72080639987;35639.72080639987;35639.72080639987;35639.72080639987;35639.72080639987;35639.72080639987;35639.72080639987;35639.72080639987;35639.72080639987;35639.72080639987;35639.72080639987;35639.72080639987;35639.72080639987;35639.72080639987;35639.72080639987;35639.72080639987;35639.72080639987;35639.72080639987;35639.72080639987;
12300.0;35640.0;35640.0;35640.0;35640.0;35639.71399679987;35639.71399679987;35639.71399679987;35639.71399679987;35639.71399679987;35639.71399679987;35639.71399679987;35639.71399679987;35639.71399679987;35639.71399679987;35639.71399679987;35639.71399679987;35639.71399679987;35639.71399679987;35639.71399679987;35639.71399679987;35639.71399679987;35639.71399679987;35639.71399679987;35639.71399679987;35639.71399679987;35639.71399679987;35639.71399679987;35639.71399679987;35639.71399679987;35639.71399679987;35639.71399679987;35639.71399679987;35639.71399679987;35639.71399679987;35639.71399679987;35639.71399679987;35639.71399679987;35639.71399679987;35639.71399679987;35639.71399679987;35639.71399679987;35639.71399679987;35639.71399679987;35639.71399679987;
12300.38454279444;35640.0;35640.0;35640.0;35640.0;35639.71399679987;35639.71399679987;35639.71399679987;35639.71399679987;35639.71399679987;35639.71399679987;35639.71399679987;35639.71399679987;35639.71399679987;35639.71399679987;35639.71399679987;35639.71399679987;35639.71399679987;35639.71399679987;35639.71399679987;35639.71399679987;35639.71399679987;35639.71399679987;35639.71399679987;35639.71399679987;35639.71399679987;35639.71399679987;35639.71399679987;35639.71399679987;35639.71399679987;35639.71399679987;35639.71399679987;35639.71399679987;35639.71399679987;35639.71399679987;35639.71399679987;35639.71399679987;35639.71399679987;35639.71399679987;35639.71399679987;35639.71399679987;35639.71399679987;35639.71399679987;35639.71399679987;35639.71399679987;
12600.0;35640.0;35640.0;35640.0;35640.0;35639.71399679987;35639.71399679987;35639.71399679987;35639.71399679987;35639.71399679987;35639.71399679987;35639.71399679987;35639.71399679987;35639.71399679987;35639.71399679987;35639.71399679987;35639.71399679987;35639.71399679987;35639.71399679987;35639.71399679987;35639.71399679987;35639.71399679987;35639.71399679987;35639.71399679987;35639.71399679987;35639.71399679987;35639.71399679987;35639.71399679987;35639.71399679987;35639.71399679987;35639.71399679987;35639.71399679987;35639.71399679987;35639.71399679987;35639.71399679987;35639.71399679987;35639.71399679987;35639.71399679987;35639.71399679987;35639.71399679987;35639.71399679987;35639.71399679987;35639.71399679987;35639.71399679987;35639.71399679987;
12600.0;35640.0;35640.0;35640.0;35640.0;35639.70718719986;35639.70718719986;35639.70718719986;35639.70718719986;35639.70718719986;35639.70718719986;35639.70718719986;35639.70718719986;35639.70718719986;35639.70718719986;35639.70718719986;35639.70718719986;35639.70718719986;35639.70718719986;35639.70718719986;35639.70718719986;35639.70718719986;35639.70718719986;35639.70718719986;35639.70718719986;35639.70718719986;35639.70718719986;35639.70718719986;35639.70718719986;35639.70718719986;35639.70718719986;35639.70718719986;35639.70718719986;35639.70718719986;35639.70718719986;35639.70718719986;35639.70718719986;35639.70718719986;35639.70718719986;35639.70718719986;35639.70718719986;35639.70718719986;35639.70718719986;35639.70718719986;35639.70718719986;
12600.0;35640.0;35640.0;35640.0;35640.0;35639.70718719986;35639.70718719986;35639.70718719986;35639.70718719986;35639.70718719986;35639.70718719986;35639.70718719986;35639.70718719986;35639.70718719986;35639.70718719986;35639.70718719986;35639.70718719986;35639.70718719986;35639.70718719986;35639.70718719986;35639.70718719986;35639.70718719986;35639.70718719986;35639.70718719986;35639.70718719986;35639.70718719986;35639.70718719986;35639.70718719986;35639.70718719986;35639.70718719986;35639.70718719986;35639.70718719986;35639.70718719986;35639.70718719986;35639.70718719986;35639.70718719986;35639.70718719986;35639.70718719986;35639.70718719986;35639.70718719986;35639.70718719986;35639.70718719986;35639.70718719986;35639.70718719986;35639.70718719986;
12600.38454279444;35640.0;35640.0;35640.0;35640.0;35639.70718719986;35639.70718719986;35639.70718719986;35639.70718719986;35639.70718719986;35639.70718719986;35639.70718719986;35639.70718719986;35639.70718719986;35639.70718719986;35639.70718719986;35639.70718719986;35639.70718719986;35639.70718719986;35639.70718719986;35639.70718719986;35639.70718719986;35639.70718719986;35639.70718719986;35639.70718719986;35639.70718719986;35639.70718719986;35639.70718719986;35639.70718719986;35639.70718719986;35639.70718719986;35639.70718719986;35639.70718719986;35639.70718719986;35639.70718719986;35639.70718719986;35639.70718719986;35639.70718719986;35639.70718719986;35639.70718719986;35639.70718719986;35639.70718719986;35639.70718719986;35639.70718719986;35639.70718719986;
12900.0;35640.0;35640.0;35640.0;35640.0;35639.70718719986;35639.70718719986;35639.70718719986;35639.70718719986;35639.70718719986;35639.70718719986;35639.70718719986;35639.70718719986;35639.70718719986;35639.70718719986;35639.70718719986;35639.70718719986;35639.70718719986;35639.70718719986;35639.70718719986;35639.70718719986;35639.70718719986;35639.70718719986;35639.70718719986;35639.70718719986;35639.70718719986;35639.70718719986;35639.70718719986;35639.70718719986;35639.70718719986;35639.70718719986;35639.70718719986;35639.70718719986;35639.70718719986;35639.70718719986;35639.70718719986;35639.70718719986;35639.70718719986;35639.70718719986;35639.70718719986;35639.70718719986;35639.70718719986;35639.70718719986;35639.70718719986;35639.70718719986;
12900.0;35640.0;35640.0;35640.0;35640.0;35639.70037759986;35639.70037759986;35639.70037759986;35639.70037759986;35639.70037759986;35639.70037759986;35639.70037759986;35639.70037759986;35639.70037759986;35639.70037759986;35639.70037759986;35639.70037759986;35639.70037759986;35639.70037759986;35639.70037759986;35639.70037759986;35639.70037759986;35639.70037759986;35639.70037759986;35639.70037759986;35639.70037759986;35639.70037759986;35639.70037759986;35639.70037759986;35639.70037759986;35639.70037759986;35639.70037759986;35639.70037759986;35639.70037759986;35639.70037759986;35639.70037759986;35639.70037759986;35639.70037759986;35639.70037759986;35639.70037759986;35639.70037759986;35639.70037759986;35639.70037759986;35639.70037759986;35639.70037759986;
12900.38454279444;35640.0;35640.0;35640.0;35640.0;35639.70037759986;35639.70037759986;35639.70037759986;35639.70037759986;35639.70037759986;35639.70037759986;35639.70037759986;35639.70037759986;35639.70037759986;35639.70037759986;35639.70037759986;35639.70037759986;35639.70037759986;35639.70037759986;35639.70037759986;35639.70037759986;35639.70037759986;35639.70037759986;35639.70037759986;35639.70037759986;35639.70037759986;35639.70037759986;35639.70037759986;35639.70037759986;35639.70037759986;35639.70037759986;35639.70037759986;35639.70037759986;35639.70037759986;35639.70037759986;35639.70037759986;35639.70037759986;35639.70037759986;35639.70037759986;35639.70037759986;35639.70037759986;35639.70037759986;35639.70037759986;35639.70037759986;35639.70037759986;
13200.0;35640.0;35640.0;35640.0;35640.0;35639.70037759986;35639.70037759986;35639.70037759986;35639.70037759986;35639.70037759986;35639.70037759986;35639.70037759986;35639.70037759986;35639.70037759986;35639.70037759986;35639.70037759986;35639.70037759986;35639.70037759986;35639.70037759986;35639.70037759986;35639.70037759986;35639.70037759986;35639.70037759986;35639.70037759986;35639.70037759986;35639.70037759986;35639.70037759986;35639.70037759986;35639.70037759986;35639.70037759986;35639.70037759986;35639.70037759986;35639.70037759986;35639.70037759986;35639.70037759986;35639.70037759986;35639.70037759986;35639.70037759986;35639.70037759986;35639.70037759986;35639.70037759986;35639.70037759986;35639.70037759986;35639.70037759986;35639.70037759986;
13200.0;35640.0;35640.0;35640.0;35640.0;35639.69356799986;35639.69356799986;35639.69356799986;35639.69356799986;35639.69356799986;35639.69356799986;35639.69356799986;35639.69356799986;35639.69356799986;35639.69356799986;35639.69356799986;35639.69356799986;35639.69356799986;35639.69356799986;35639.69356799986;35639.69356799986;35639.69356799986;35639.69356799986;35639.69356799986;35639.69356799986;35639.69356799986;35639.69356799986;35639.69356799986;35639.69356799986;35639.69356799986;35639.69356799986;35639.69356799986;35639.69356799986;35639.69356799986;35639.69356799986;35639.69356799986;35639.69356799986;35639.69356799986;35639.69356799986;35639.69356799986;35639.69356799986;35639.69356799986;35639.69356799986;35639.69356799986;35639.69356799986;
13200.38454279444;35640.0;35640.0;35640.0;35640.0;35639.69356799986;35639.69356799986;35639.69356799986;35639.69356799986;35639.69356799986;35639.69356799986;35639.69356799986;35639.69356799986;35639.69356799986;35639.69356799986;35639.69356799986;35639.69356799986;35639.69356799986;35639.69356799986;35639.69356799986;35639.69356799986;35639.69356799986;35639.69356799986;35639.69356799986;35639.69356799986;35639.69356799986;35639.69356799986;35639.69356799986;35639.69356799986;35639.69356799986;35639.69356799986;35639.69356799986;35639.69356799986;35639.69356799986;35639.69356799986;35639.69356799986;35639.69356799986;35639.69356799986;35639.69356799986;35639.69356799986;35639.69356799986;35639.69356799986;35639.69356799986;35639.69356799986;35639.69356799986;
13500.0;35640.0;35640.0;35640.0;35640.0;35639.69356799986;35639.69356799986;35639.69356799986;35639.69356799986;35639.69356799986;35639.69356799986;35639.69356799986;35639.69356799986;35639.69356799986;35639.69356799986;35639.69356799986;35639.69356799986;35639.69356799986;35639.69356799986;35639.69356799986;35639.69356799986;35639.69356799986;35639.69356799986;35639.69356799986;35639.69356799986;35639.69356799986;35639.69356799986;35639.69356799986;35639.69356799986;35639.69356799986;35639.69356799986;35639.69356799986;35639.69356799986;35639.69356799986;35639.69356799986;35639.69356799986;35639.69356799986;35639.69356799986;35639.69356799986;35639.69356799986;35639.69356799986;35639.69356799986;35639.69356799986;35639.69356799986;35639.69356799986;
13500.0;35640.0;35640.0;35640.0;35640.0;35639.686758399854;35639.686758399854;35639.686758399854;35639.686758399854;35639.686758399854;35639.686758399854;35639.686758399854;35639.686758399854;35639.686758399854;35639.686758399854;35639.686758399854;35639.686758399854;35639.686758399854;35639.686758399854;35639.686758399854;35639.686758399854;35639.686758399854;35639.686758399854;35639.686758399854;35639.686758399854;35639.686758399854;35639.686758399854;35639.686758399854;35639.686758399854;35639.686758399854;35639.686758399854;35639.686758399854;35639.686758399854;35639.686758399854;35639.686758399854;35639.686758399854;35639.686758399854;35639.686758399854;35639.686758399854;35639.686758399854;35639.686758399854;35639.686758399854;35639.686758399854;35639.686758399854;35639.686758399854;
13500.38454279444;35640.0;35640.0;35640.0;35640.0;35639.686758399854;35639.686758399854;35639.686758399854;35639.686758399854;35639.686758399854;35639.686758399854;35639.686758399854;35639.686758399854;35639.686758399854;35639.686758399854;35639.686758399854;35639.686758399854;35639.686758399854;35639.686758399854;35639.686758399854;35639.686758399854;35639.686758399854;35639.686758399854;35639.686758399854;35639.686758399854;35639.686758399854;35639.686758399854;35639.686758399854;35639.686758399854;35639.686758399854;35639.686758399854;35639.686758399854;35639.686758399854;35639.686758399854;35639.686758399854;35639.686758399854;35639.686758399854;35639.686758399854;35639.686758399854;35639.686758399854;35639.686758399854;35639.686758399854;35639.686758399854;35639.686758399854;35639.686758399854;
13800.0;35640.0;35640.0;35640.0;35640.0;35639.686758399854;35639.686758399854;35639.686758399854;35639.686758399854;35639.686758399854;35639.686758399854;35639.686758399854;35639.686758399854;35639.686758399854;35639.686758399854;35639.686758399854;35639.686758399854;35639.686758399854;35639.686758399854;35639.686758399854;35639.686758399854;35639.686758399854;35639.686758399854;35639.686758399854;35639.686758399854;35639.686758399854;35639.686758399854;35639.686758399854;35639.686758399854;35639.686758399854;35639.686758399854;35639.686758399854;35639.686758399854;35639.686758399854;35639.686758399854;35639.686758399854;35639.686758399854;35639.686758399854;35639.686758399854;35639.686758399854;35639.686758399854;35639.686758399854;35639.686758399854;35639.686758399854;35639.686758399854;
13800.0;35640.0;35640.0;35640.0;35640.0;35639.67994879985;35639.67994879985;35639.67994879985;35639.67994879985;35639.67994879985;35639.67994879985;35639.67994879985;35639.67994879985;35639.67994879985;35639.67994879985;35639.67994879985;35639.67994879985;35639.67994879985;35639.67994879985;35639.67994879985;35639.67994879985;35639.67994879985;35639.67994879985;35639.67994879985;35639.67994879985;35639.67994879985;35639.67994879985;35639.67994879985;35639.67994879985;35639.67994879985;35639.67994879985;35639.67994879985;35639.67994879985;35639.67994879985;35639.67994879985;35639.67994879985;35639.67994879985;35639.67994879985;35639.67994879985;35639.67994879985;35639.67994879985;35639.67994879985;35639.67994879985;35639.67994879985;35639.67994879985;
13800.38454279444;35640.0;35640.0;35640.0;35640.0;35639.67994879985;35639.67994879985;35639.67994879985;35639.67994879985;35639.67994879985;35639.67994879985;35639.67994879985;35639.67994879985;35639.67994879985;35639.67994879985;35639.67994879985;35639.67994879985;35639.67994879985;35639.67994879985;35639.67994879985;35639.67994879985;35639.67994879985;35639.67994879985;35639.67994879985;35639.67994879985;35639.67994879985;35639.67994879985;35639.67994879985;35639.67994879985;35639.67994879985;35639.67994879985;35639.67994879985;35639.67994879985;35639.67994879985;35639.67994879985;35639.67994879985;35639.67994879985;35639.67994879985;35639.67994879985;35639.67994879985;35639.67994879985;35639.67994879985;35639.67994879985;35639.67994879985;35639.67994879985;
13860.0;35640.0;35640.0;35640.0;35640.0;35639.67994879985;35639.67994879985;35639.67994879985;35639.67994879985;35639.67994879985;35639.67994879985;35639.67994879985;35639.67994879985;35639.67994879985;35639.67994879985;35639.67994879985;35639.67994879985;35639.67994879985;35639.67994879985;35639.67994879985;35639.67994879985;35639.67994879985;35639.67994879985;35639.67994879985;35639.67994879985;35639.67994879985;35639.67994879985;35639.67994879985;35639.67994879985;35639.67994879985;35639.67994879985;35639.67994879985;35639.67994879985;35639.67994879985;35639.67994879985;35639.67994879985;35639.67994879985;35639.67994879985;35639.67994879985;35639.67994879985;35639.67994879985;35639.67994879985;35639.67994879985;35639.67994879985;35639.67994879985;
14100.0;35640.0;35640.0;35640.0;35640.0;35639.67994879985;35639.67994879985;35639.67994879985;35639.67994879985;35639.67994879985;35639.67994879985;35639.67994879985;35639.67994879985;35639.67994879985;35639.67994879985;35639.67994879985;35639.67994879985;35639.67994879985;35639.67994879985;35639.67994879985;35639.67994879985;35639.67994879985;35639.67994879985;35639.67994879985;35639.67994879985;35639.67994879985;35639.67994879985;35639.67994879985;35639.67994879985;35639.67994879985;35639.67994879985;35639.67994879985;35639.67994879985;35639.67994879985;35639.67994879985;35639.67994879985;35639.67994879985;35639.67994879985;35639.67994879985;35639.67994879985;35639.67994879985;35639.67994879985;35639.67994879985;35639.67994879985;35639.67994879985;
14100.0;35640.0;35640.0;35640.0;35640.0;35639.67313919985;35639.67313919985;35639.67313919985;35639.67313919985;35639.67313919985;35639.67313919985;35639.67313919985;35639.67313919985;35639.67313919985;35639.67313919985;35639.67313919985;35639.67313919985;35639.67313919985;35639.67313919985;35639.67313919985;35639.67313919985;35639.67313919985;35639.67313919985;35639.67313919985;35639.67313919985;35639.67313919985;35639.67313919985;35639.67313919985;35639.67313919985;35639.67313919985;35639.67313919985;35639.67313919985;35639.67313919985;35639.67313919985;35639.67313919985;35639.67313919985;35639.67313919985;35639.67313919985;35639.67313919985;35639.67313919985;35639.67313919985;35639.67313919985;35639.67313919985;35639.67313919985;35639.67313919985;
14100.38454279444;35640.0;35640.0;35640.0;35640.0;35639.67313919985;35639.67313919985;35639.67313919985;35639.67313919985;35639.67313919985;35639.67313919985;35639.67313919985;35639.67313919985;35639.67313919985;35639.67313919985;35639.67313919985;35639.67313919985;35639.67313919985;35639.67313919985;35639.67313919985;35639.67313919985;35639.67313919985;35639.67313919985;35639.67313919985;35639.67313919985;35639.67313919985;35639.67313919985;35639.67313919985;35639.67313919985;35639.67313919985;35639.67313919985;35639.67313919985;35639.67313919985;35639.67313919985;35639.67313919985;35639.67313919985;35639.67313919985;35639.67313919985;35639.67313919985;35639.67313919985;35639.67313919985;35639.67313919985;35639.67313919985;35639.67313919985;35639.67313919985;
14400.0;35640.0;35640.0;35640.0;35640.0;35639.67313919985;35639.67313919985;35639.67313919985;35639.67313919985;35639.67313919985;35639.67313919985;35639.67313919985;35639.67313919985;35639.67313919985;35639.67313919985;35639.67313919985;35639.67313919985;35639.67313919985;35639.67313919985;35639.67313919985;35639.67313919985;35639.67313919985;35639.67313919985;35639.67313919985;35639.67313919985;35639.67313919985;35639.67313919985;35639.67313919985;35639.67313919985;35639.67313919985;35639.67313919985;35639.67313919985;35639.67313919985;35639.67313919985;35639.67313919985;35639.67313919985;35639.67313919985;35639.67313919985;35639.67313919985;35639.67313919985;35639.67313919985;35639.67313919985;35639.67313919985;35639.67313919985;35639.67313919985;
14400.0;35640.0;35640.0;35640.0;35640.0;35639.666329599844;35639.666329599844;35639.666329599844;35639.666329599844;35639.666329599844;35639.666329599844;35639.666329599844;35639.666329599844;35639.666329599844;35639.666329599844;35639.666329599844;35639.666329599844;35639.666329599844;35639.666329599844;35639.666329599844;35639.666329599844;35639.666329599844;35639.666329599844;35639.666329599844;35639.666329599844;35639.666329599844;35639.666329599844;35639.666329599844;35639.666329599844;35639.666329599844;35639.666329599844;35639.666329599844;35639.666329599844;35639.666329599844;35639.666329599844;35639.666329599844;35639.666329599844;35639.666329599844;35639.666329599844;35639.666329599844;35639.666329599844;35639.666329599844;35639.666329599844;35639.666329599844;35639.666329599844;
14400.38454279444;35640.0;35640.0;35640.0;35640.0;35639.666329599844;35639.666329599844;35639.666329599844;35639.666329599844;35639.666329599844;35639.666329599844;35639.666329599844;35639.666329599844;35639.666329599844;35639.666329599844;35639.666329599844;35639.666329599844;35639.666329599844;35639.666329599844;35639.666329599844;35639.666329599844;35639.666329599844;35639.666329599844;35639.666329599844;35639.666329599844;35639.666329599844;35639.666329599844;35639.666329599844;35639.666329599844;35639.666329599844;35639.666329599844;35639.666329599844;35639.666329599844;35639.666329599844;35639.666329599844;35639.666329599844;35639.666329599844;35639.666329599844;35639.666329599844;35639.666329599844;35639.666329599844;35639.666329599844;35639.666329599844;35639.666329599844;35639.666329599844;
14700.0;35640.0;35640.0;35640.0;35640.0;35639.666329599844;35639.666329599844;35639.666329599844;35639.666329599844;35639.666329599844;35639.666329599844;35639.666329599844;35639.666329599844;35639.666329599844;35639.666329599844;35639.666329599844;35639.666329599844;35639.666329599844;35639.666329599844;35639.666329599844;35639.666329599844;35639.666329599844;35639.666329599844;35639.666329599844;35639.666329599844;35639.666329599844;35639.666329599844;35639.666329599844;35639.666329599844;35639.666329599844;35639.666329599844;35639.666329599844;35639.666329599844;35639.666329599844;35639.666329599844;35639.666329599844;35639.666329599844;35639.666329599844;35639.666329599844;35639.666329599844;35639.666329599844;35639.666329599844;35639.666329599844;35639.666329599844;35639.666329599844;
14700.0;35640.0;35640.0;35640.0;35640.0;35639.65951999984;35639.65951999984;35639.65951999984;35639.65951999984;35639.65951999984;35639.65951999984;35639.65951999984;35639.65951999984;35639.65951999984;35639.65951999984;35639.65951999984;35639.65951999984;35639.65951999984;35639.65951999984;35639.65951999984;35639.65951999984;35639.65951999984;35639.65951999984;35639.65951999984;35639.65951999984;35639.65951999984;35639.65951999984;35639.65951999984;35639.65951999984;35639.65951999984;35639.65951999984;35639.65951999984;35639.65951999984;35639.65951999984;35639.65951999984;35639.65951999984;35639.65951999984;35639.65951999984;35639.65951999984;35639.65951999984;35639.65951999984;35639.65951999984;35639.65951999984;35639.65951999984;35639.65951999984;
14700.38454279444;35640.0;35640.0;35640.0;35640.0;35639.65951999984;35639.65951999984;35639.65951999984;35639.65951999984;35639.65951999984;35639.65951999984;35639.65951999984;35639.65951999984;35639.65951999984;35639.65951999984;35639.65951999984;35639.65951999984;35639.65951999984;35639.65951999984;35639.65951999984;35639.65951999984;35639.65951999984;35639.65951999984;35639.65951999984;35639.65951999984;35639.65951999984;35639.65951999984;35639.65951999984;35639.65951999984;35639.65951999984;35639.65951999984;35639.65951999984;35639.65951999984;35639.65951999984;35639.65951999984;35639.65951999984;35639.65951999984;35639.65951999984;35639.65951999984;35639.65951999984;35639.65951999984;35639.65951999984;35639.65951999984;35639.65951999984;35639.65951999984;
15000.0;35640.0;35640.0;35640.0;35640.0;35639.65951999984;35639.65951999984;35639.65951999984;35639.65951999984;35639.65951999984;35639.65951999984;35639.65951999984;35639.65951999984;35639.65951999984;35639.65951999984;35639.65951999984;35639.65951999984;35639.65951999984;35639.65951999984;35639.65951999984;35639.65951999984;35639.65951999984;35639.65951999984;35639.65951999984;35639.65951999984;35639.65951999984;35639.65951999984;35639.65951999984;35639.65951999984;35639.65951999984;35639.65951999984;35639.65951999984;35639.65951999984;35639.65951999984;35639.65951999984;35639.65951999984;35639.65951999984;35639.65951999984;35639.65951999984;35639.65951999984;35639.65951999984;35639.65951999984;35639.65951999984;35639.65951999984;35639.65951999984;
15000.0;35640.0;35640.0;35640.0;35640.0;35639.65271039984;35639.65271039984;35639.65271039984;35639.65271039984;35639.65271039984;35639.65271039984;35639.65271039984;35639.65271039984;35639.65271039984;35639.65271039984;35639.65271039984;35639.65271039984;35639.65271039984;35639.65271039984;35639.65271039984;35639.65271039984;35639.65271039984;35639.65271039984;35639.65271039984;35639.65271039984;35639.65271039984;35639.65271039984;35639.65271039984;35639.65271039984;35639.65271039984;35639.65271039984;35639.65271039984;35639.65271039984;35639.65271039984;35639.65271039984;35639.65271039984;35639.65271039984;35639.65271039984;35639.65271039984;35639.65271039984;35639.65271039984;35639.65271039984;35639.65271039984;35639.65271039984;35639.65271039984;
15000.38454279444;35640.0;35640.0;35640.0;35640.0;35639.65271039984;35639.65271039984;35639.65271039984;35639.65271039984;35639.65271039984;35639.65271039984;35639.65271039984;35639.65271039984;35639.65271039984;35639.65271039984;35639.65271039984;35639.65271039984;35639.65271039984;35639.65271039984;35639.65271039984;35639.65271039984;35639.65271039984;35639.65271039984;35639.65271039984;35639.65271039984;35639.65271039984;35639.65271039984;35639.65271039984;35639.65271039984;35639.65271039984;35639.65271039984;35639.65271039984;35639.65271039984;35639.65271039984;35639.65271039984;35639.65271039984;35639.65271039984;35639.65271039984;35639.65271039984;35639.65271039984;35639.65271039984;35639.65271039984;35639.65271039984;35639.65271039984;35639.65271039984;
15180.0;35640.0;35640.0;35640.0;35640.0;35639.65271039984;35639.65271039984;35639.65271039984;35639.65271039984;35639.65271039984;35639.65271039984;35639.65271039984;35639.65271039984;35639.65271039984;35639.65271039984;35639.65271039984;35639.65271039984;35639.65271039984;35639.65271039984;35639.65271039984;35639.65271039984;35639.65271039984;35639.65271039984;35639.65271039984;35639.65271039984;35639.65271039984;35639.65271039984;35639.65271039984;35639.65271039984;35639.65271039984;35639.65271039984;35639.65271039984;35639.65271039984;35639.65271039984;35639.65271039984;35639.65271039984;35639.65271039984;35639.65271039984;35639.65271039984;35639.65271039984;35639.65271039984;35639.65271039984;35639.65271039984;35639.65271039984;35639.65271039984;
15300.0;35640.0;35640.0;35640.0;35640.0;35639.65271039984;35639.65271039984;35639.65271039984;35639.65271039984;35639.65271039984;35639.65271039984;35639.65271039984;35639.65271039984;35639.65271039984;35639.65271039984;35639.65271039984;35639.65271039984;35639.65271039984;35639.65271039984;35639.65271039984;35639.65271039984;35639.65271039984;35639.65271039984;35639.65271039984;35639.65271039984;35639.65271039984;35639.65271039984;35639.65271039984;35639.65271039984;35639.65271039984;35639.65271039984;35639.65271039984;35639.65271039984;35639.65271039984;35639.65271039984;35639.65271039984;35639.65271039984;35639.65271039984;35639.65271039984;35639.65271039984;35639.65271039984;35639.65271039984;35639.65271039984;35639.65271039984;35639.65271039984;
15300.0;35640.0;35640.0;35640.0;35640.0;35639.645900799835;35639.645900799835;35639.645900799835;35639.645900799835;35639.645900799835;35639.645900799835;35639.645900799835;35639.645900799835;35639.645900799835;35639.645900799835;35639.645900799835;35639.645900799835;35639.645900799835;35639.645900799835;35639.645900799835;35639.645900799835;35639.645900799835;35639.645900799835;35639.645900799835;35639.645900799835;35639.645900799835;35639.645900799835;35639.645900799835;35639.645900799835;35639.645900799835;35639.645900799835;35639.645900799835;35639.645900799835;35639.645900799835;35639.645900799835;35639.645900799835;35639.645900799835;35639.645900799835;35639.645900799835;35639.645900799835;35639.645900799835;35639.645900799835;35639.645900799835;35639.645900799835;35639.645900799835;
15300.38454279444;35640.0;35640.0;35640.0;35640.0;35639.645900799835;35639.645900799835;35639.645900799835;35639.645900799835;35639.645900799835;35639.645900799835;35639.645900799835;35639.645900799835;35639.645900799835;35639.645900799835;35639.645900799835;35639.645900799835;35639.645900799835;35639.645900799835;35639.645900799835;35639.645900799835;35639.645900799835;35639.645900799835;35639.645900799835;35639.645900799835;35639.645900799835;35639.645900799835;35639.645900799835;35639.645900799835;35639.645900799835;35639.645900799835;35639.645900799835;35639.645900799835;35639.645900799835;35639.645900799835;35639.645900799835;35639.645900799835;35639.645900799835;35639.645900799835;35639.645900799835;35639.645900799835;35639.645900799835;35639.645900799835;35639.645900799835;35639.645900799835;
15600.0;35640.0;35640.0;35640.0;35640.0;35639.645900799835;35639.645900799835;35639.645900799835;35639.645900799835;35639.645900799835;35639.645900799835;35639.645900799835;35639.645900799835;35639.645900799835;35639.645900799835;35639.645900799835;35639.645900799835;35639.645900799835;35639.645900799835;35639.645900799835;35639.645900799835;35639.645900799835;35639.645900799835;35639.645900799835;35639.645900799835;35639.645900799835;35639.645900799835;35639.645900799835;35639.645900799835;35639.645900799835;35639.645900799835;35639.645900799835;35639.645900799835;35639.645900799835;35639.645900799835;35639.645900799835;35639.645900799835;35639.645900799835;35639.645900799835;35639.645900799835;35639.645900799835;35639.645900799835;35639.645900799835;35639.645900799835;35639.645900799835;
15600.0;35640.0;35640.0;35640.0;35640.0;35639.63909119983;35639.63909119983;35639.63909119983;35639.63909119983;35639.63909119983;35639.63909119983;35639.63909119983;35639.63909119983;35639.63909119983;35639.63909119983;35639.63909119983;35639.63909119983;35639.63909119983;35639.63909119983;35639.63909119983;35639.63909119983;35639.63909119983;35639.63909119983;35639.63909119983;35639.63909119983;35639.63909119983;35639.63909119983;35639.63909119983;35639.63909119983;35639.63909119983;35639.63909119983;35639.63909119983;35639.63909119983;35639.63909119983;35639.63909119983;35639.63909119983;35639.63909119983;35639.63909119983;35639.63909119983;35639.63909119983;35639.63909119983;35639.63909119983;35639.63909119983;35639.63909119983;35639.63909119983;
15600.38454279444;35640.0;35640.0;35640.0;35640.0;35639.63909119983;35639.63909119983;35639.63909119983;35639.63909119983;35639.63909119983;35639.63909119983;35639.63909119983;35639.63909119983;35639.63909119983;35639.63909119983;35639.63909119983;35639.63909119983;35639.63909119983;35639.63909119983;35639.63909119983;35639.63909119983;35639.63909119983;35639.63909119983;35639.63909119983;35639.63909119983;35639.63909119983;35639.63909119983;35639.63909119983;35639.63909119983;35639.63909119983;35639.63909119983;35639.63909119983;35639.63909119983;35639.63909119983;35639.63909119983;35639.63909119983;35639.63909119983;35639.63909119983;35639.63909119983;35639.63909119983;35639.63909119983;35639.63909119983;35639.63909119983;35639.63909119983;35639.63909119983;
15900.0;35640.0;35640.0;35640.0;35640.0;35639.63909119983;35639.63909119983;35639.63909119983;35639.63909119983;35639.63909119983;35639.63909119983;35639.63909119983;35639.63909119983;35639.63909119983;35639.63909119983;35639.63909119983;35639.63909119983;35639.63909119983;35639.63909119983;35639.63909119983;35639.63909119983;35639.63909119983;35639.63909119983;35639.63909119983;35639.63909119983;35639.63909119983;35639.63909119983;35639.63909119983;35639.63909119983;35639.63909119983;35639.63909119983;35639.63909119983;35639.63909119983;35639.63909119983;35639.63909119983;35639.63909119983;35639.63909119983;35639.63909119983;35639.63909119983;35639.63909119983;35639.63909119983;35639.63909119983;35639.63909119983;35639.63909119983;35639.63909119983;
15900.0;35640.0;35640.0;35640.0;35640.0;35639.63228159983;35639.63228159983;35639.63228159983;35639.63228159983;35639.63228159983;35639.63228159983;35639.63228159983;35639.63228159983;35639.63228159983;35639.63228159983;35639.63228159983;35639.63228159983;35639.63228159983;35639.63228159983;35639.63228159983;35639.63228159983;35639.63228159983;35639.63228159983;35639.63228159983;35639.63228159983;35639.63228159983;35639.63228159983;35639.63228159983;35639.63228159983;35639.63228159983;35639.63228159983;35639.63228159983;35639.63228159983;35639.63228159983;35639.63228159983;35639.63228159983;35639.63228159983;35639.63228159983;35639.63228159983;35639.63228159983;35639.63228159983;35639.63228159983;35639.63228159983;35639.63228159983;35639.63228159983;
15900.38454279444;35640.0;35640.0;35640.0;35640.0;35639.63228159983;35639.63228159983;35639.63228159983;35639.63228159983;35639.63228159983;35639.63228159983;35639.63228159983;35639.63228159983;35639.63228159983;35639.63228159983;35639.63228159983;35639.63228159983;35639.63228159983;35639.63228159983;35639.63228159983;35639.63228159983;35639.63228159983;35639.63228159983;35639.63228159983;35639.63228159983;35639.63228159983;35639.63228159983;35639.63228159983;35639.63228159983;35639.63228159983;35639.63228159983;35639.63228159983;35639.63228159983;35639.63228159983;35639.63228159983;35639.63228159983;35639.63228159983;35639.63228159983;35639.63228159983;35639.63228159983;35639.63228159983;35639.63228159983;35639.63228159983;35639.63228159983;35639.63228159983;
16200.0;35640.0;35640.0;35640.0;35640.0;35639.63228159983;35639.63228159983;35639.63228159983;35639.63228159983;35639.63228159983;35639.63228159983;35639.63228159983;35639.63228159983;35639.63228159983;35639.63228159983;35639.63228159983;35639.63228159983;35639.63228159983;35639.63228159983;35639.63228159983;35639.63228159983;35639.63228159983;35639.63228159983;35639.63228159983;35639.63228159983;35639.63228159983;35639.63228159983;35639.63228159983;35639.63228159983;35639.63228159983;35639.63228159983;35639.63228159983;35639.63228159983;35639.63228159983;35639.63228159983;35639.63228159983;35639.63228159983;35639.63228159983;35639.63228159983;35639.63228159983;35639.63228159983;35639.63228159983;35639.63228159983;35639.63228159983;35639.63228159983;
16200.0;35640.0;35640.0;35640.0;35640.0;35639.625471999825;35639.625471999825;35639.625471999825;35639.625471999825;35639.625471999825;35639.625471999825;35639.625471999825;35639.625471999825;35639.625471999825;35639.625471999825;35639.625471999825;35639.625471999825;35639.625471999825;35639.625471999825;35639.625471999825;35639.625471999825;35639.625471999825;35639.625471999825;35639.625471999825;35639.625471999825;35639.625471999825;35639.625471999825;35639.625471999825;35639.625471999825;35639.625471999825;35639.625471999825;35639.625471999825;35639.625471999825;35639.625471999825;35639.625471999825;35639.625471999825;35639.625471999825;35639.625471999825;35639.625471999825;35639.625471999825;35639.625471999825;35639.625471999825;35639.625471999825;35639.625471999825;35639.625471999825;
16200.38454279444;35640.0;35640.0;35640.0;35640.0;35639.625471999825;35639.625471999825;35639.625471999825;35639.625471999825;35639.625471999825;35639.625471999825;35639.625471999825;35639.625471999825;35639.625471999825;35639.625471999825;35639.625471999825;35639.625471999825;35639.625471999825;35639.625471999825;35639.625471999825;35639.625471999825;35639.625471999825;35639.625471999825;35639.625471999825;35639.625471999825;35639.625471999825;35639.625471999825;35639.625471999825;35639.625471999825;35639.625471999825;35639.625471999825;35639.625471999825;35639.625471999825;35639.625471999825;35639.625471999825;35639.625471999825;35639.625471999825;35639.625471999825;35639.625471999825;35639.625471999825;35639.625471999825;35639.625471999825;35639.625471999825;35639.625471999825;35639.625471999825;
16500.0;35640.0;35640.0;35640.0;35640.0;35639.625471999825;35639.625471999825;35639.625471999825;35639.625471999825;35639.625471999825;35639.625471999825;35639.625471999825;35639.625471999825;35639.625471999825;35639.625471999825;35639.625471999825;35639.625471999825;35639.625471999825;35639.625471999825;35639.625471999825;35639.625471999825;35639.625471999825;35639.625471999825;35639.625471999825;35639.625471999825;35639.625471999825;35639.625471999825;35639.625471999825;35639.625471999825;35639.625471999825;35639.625471999825;35639.625471999825;35639.625471999825;35639.625471999825;35639.625471999825;35639.625471999825;35639.625471999825;35639.625471999825;35639.625471999825;35639.625471999825;35639.625471999825;35639.625471999825;35639.625471999825;35639.625471999825;35639.625471999825;
16500.0;35640.0;35640.0;35640.0;35640.0;35639.61866239982;35639.61866239982;35639.61866239982;35639.61866239982;35639.61866239982;35639.61866239982;35639.61866239982;35639.61866239982;35639.61866239982;35639.61866239982;35639.61866239982;35639.61866239982;35639.61866239982;35639.61866239982;35639.61866239982;35639.61866239982;35639.61866239982;35639.61866239982;35639.61866239982;35639.61866239982;35639.61866239982;35639.61866239982;35639.61866239982;35639.61866239982;35639.61866239982;35639.61866239982;35639.61866239982;35639.61866239982;35639.61866239982;35639.61866239982;35639.61866239982;35639.61866239982;35639.61866239982;35639.61866239982;35639.61866239982;35639.61866239982;35639.61866239982;35639.61866239982;35639.61866239982;35639.61866239982;
16500.38454279444;35640.0;35640.0;35640.0;35640.0;35639.61866239982;35639.61866239982;35639.61866239982;35639.61866239982;35639.61866239982;35639.61866239982;35639.61866239982;35639.61866239982;35639.61866239982;35639.61866239982;35639.61866239982;35639.61866239982;35639.61866239982;35639.61866239982;35639.61866239982;35639.61866239982;35639.61866239982;35639.61866239982;35639.61866239982;35639.61866239982;35639.61866239982;35639.61866239982;35639.61866239982;35639.61866239982;35639.61866239982;35639.61866239982;35639.61866239982;35639.61866239982;35639.61866239982;35639.61866239982;35639.61866239982;35639.61866239982;35639.61866239982;35639.61866239982;35639.61866239982;35639.61866239982;35639.61866239982;35639.61866239982;35639.61866239982;35639.61866239982;
16560.0;35640.0;35640.0;35640.0;35640.0;35639.61866239982;35639.61866239982;35639.61866239982;35639.61866239982;35639.61866239982;35639.61866239982;35639.61866239982;35639.61866239982;35639.61866239982;35639.61866239982;35639.61866239982;35639.61866239982;35639.61866239982;35639.61866239982;35639.61866239982;35639.61866239982;35639.61866239982;35639.61866239982;35639.61866239982;35639.61866239982;35639.61866239982;35639.61866239982;35639.61866239982;35639.61866239982;35639.61866239982;35639.61866239982;35639.61866239982;35639.61866239982;35639.61866239982;35639.61866239982;35639.61866239982;35639.61866239982;35639.61866239982;35639.61866239982;35639.61866239982;35639.61866239982;35639.61866239982;35639.61866239982;35639.61866239982;35639.61866239982;
16800.0;35640.0;35640.0;35640.0;35640.0;35639.61866239982;35639.61866239982;35639.61866239982;35639.61866239982;35639.61866239982;35639.61866239982;35639.61866239982;35639.61866239982;35639.61866239982;35639.61866239982;35639.61866239982;35639.61866239982;35639.61866239982;35639.61866239982;35639.61866239982;35639.61866239982;35639.61866239982;35639.61866239982;35639.61866239982;35639.61866239982;35639.61866239982;35639.61866239982;35639.61866239982;35639.61866239982;35639.61866239982;35639.61866239982;35639.61866239982;35639.61866239982;35639.61866239982;35639.61866239982;35639.61866239982;35639.61866239982;35639.61866239982;35639.61866239982;35639.61866239982;35639.61866239982;35639.61866239982;35639.61866239982;35639.61866239982;35639.61866239982;
16800.0;35640.0;35640.0;35640.0;35640.0;35639.61185279982;35639.61185279982;35639.61185279982;35639.61185279982;35639.61185279982;35639.61185279982;35639.61185279982;35639.61185279982;35639.61185279982;35639.61185279982;35639.61185279982;35639.61185279982;35639.61185279982;35639.61185279982;35639.61185279982;35639.61185279982;35639.61185279982;35639.61185279982;35639.61185279982;35639.61185279982;35639.61185279982;35639.61185279982;35639.61185279982;35639.61185279982;35639.61185279982;35639.61185279982;35639.61185279982;35639.61185279982;35639.61185279982;35639.61185279982;35639.61185279982;35639.61185279982;35639.61185279982;35639.61185279982;35639.61185279982;35639.61185279982;35639.61185279982;35639.61185279982;35639.61185279982;35639.61185279982;
16800.38454279444;35640.0;35640.0;35640.0;35640.0;35639.61185279982;35639.61185279982;35639.61185279982;35639.61185279982;35639.61185279982;35639.61185279982;35639.61185279982;35639.61185279982;35639.61185279982;35639.61185279982;35639.61185279982;35639.61185279982;35639.61185279982;35639.61185279982;35639.61185279982;35639.61185279982;35639.61185279982;35639.61185279982;35639.61185279982;35639.61185279982;35639.61185279982;35639.61185279982;35639.61185279982;35639.61185279982;35639.61185279982;35639.61185279982;35639.61185279982;35639.61185279982;35639.61185279982;35639.61185279982;35639.61185279982;35639.61185279982;35639.61185279982;35639.61185279982;35639.61185279982;35639.61185279982;35639.61185279982;35639.61185279982;35639.61185279982;35639.61185279982;
17100.0;35640.0;35640.0;35640.0;35640.0;35639.61185279982;35639.61185279982;35639.61185279982;35639.61185279982;35639.61185279982;35639.61185279982;35639.61185279982;35639.61185279982;35639.61185279982;35639.61185279982;35639.61185279982;35639.61185279982;35639.61185279982;35639.61185279982;35639.61185279982;35639.61185279982;35639.61185279982;35639.61185279982;35639.61185279982;35639.61185279982;35639.61185279982;35639.61185279982;35639.61185279982;35639.61185279982;35639.61185279982;35639.61185279982;35639.61185279982;35639.61185279982;35639.61185279982;35639.61185279982;35639.61185279982;35639.61185279982;35639.61185279982;35639.61185279982;35639.61185279982;35639.61185279982;35639.61185279982;35639.61185279982;35639.61185279982;35639.61185279982;
17100.0;35640.0;35640.0;35640.0;35640.0;35639.605043199816;35639.605043199816;35639.605043199816;35639.605043199816;35639.605043199816;35639.605043199816;35639.605043199816;35639.605043199816;35639.605043199816;35639.605043199816;35639.605043199816;35639.605043199816;35639.605043199816;35639.605043199816;35639.605043199816;35639.605043199816;35639.605043199816;35639.605043199816;35639.605043199816;35639.605043199816;35639.605043199816;35639.605043199816;35639.605043199816;35639.605043199816;35639.605043199816;35639.605043199816;35639.605043199816;35639.605043199816;35639.605043199816;35639.605043199816;35639.605043199816;35639.605043199816;35639.605043199816;35639.605043199816;35639.605043199816;35639.605043199816;35639.605043199816;35639.605043199816;35639.605043199816;35639.605043199816;
17100.38454279444;35640.0;35640.0;35640.0;35640.0;35639.605043199816;35639.605043199816;35639.605043199816;35639.605043199816;35639.605043199816;35639.605043199816;35639.605043199816;35639.605043199816;35639.605043199816;35639.605043199816;35639.605043199816;35639.605043199816;35639.605043199816;35639.605043199816;35639.605043199816;35639.605043199816;35639.605043199816;35639.605043199816;35639.605043199816;35639.605043199816;35639.605043199816;35639.605043199816;35639.605043199816;35639.605043199816;35639.605043199816;35639.605043199816;35639.605043199816;35639.605043199816;35639.605043199816;35639.605043199816;35639.605043199816;35639.605043199816;35639.605043199816;35639.605043199816;35639.605043199816;35639.605043199816;35639.605043199816;35639.605043199816;35639.605043199816;35639.605043199816;
17400.0;35640.0;35640.0;35640.0;35640.0;35639.605043199816;35639.605043199816;35639.605043199816;35639.605043199816;35639.605043199816;35639.605043199816;35639.605043199816;35639.605043199816;35639.605043199816;35639.605043199816;35639.605043199816;35639.605043199816;35639.605043199816;35639.605043199816;35639.605043199816;35639.605043199816;35639.605043199816;35639.605043199816;35639.605043199816;35639.605043199816;35639.605043199816;35639.605043199816;35639.605043199816;35639.605043199816;35639.605043199816;35639.605043199816;35639.605043199816;35639.605043199816;35639.605043199816;35639.605043199816;35639.605043199816;35639.605043199816;35639.605043199816;35639.605043199816;35639.605043199816;35639.605043199816;35639.605043199816;35639.605043199816;35639.605043199816;35639.605043199816;
17400.0;35640.0;35640.0;35640.0;35640.0;35639.59823359981;35639.59823359981;35639.59823359981;35639.59823359981;35639.59823359981;35639.59823359981;35639.59823359981;35639.59823359981;35639.59823359981;35639.59823359981;35639.59823359981;35639.59823359981;35639.59823359981;35639.59823359981;35639.59823359981;35639.59823359981;35639.59823359981;35639.59823359981;35639.59823359981;35639.59823359981;35639.59823359981;35639.59823359981;35639.59823359981;35639.59823359981;35639.59823359981;35639.59823359981;35639.59823359981;35639.59823359981;35639.59823359981;35639.59823359981;35639.59823359981;35639.59823359981;35639.59823359981;35639.59823359981;35639.59823359981;35639.59823359981;35639.59823359981;35639.59823359981;35639.59823359981;35639.59823359981;
17400.38454279444;35640.0;35640.0;35640.0;35640.0;35639.59823359981;35639.59823359981;35639.59823359981;35639.59823359981;35639.59823359981;35639.59823359981;35639.59823359981;35639.59823359981;35639.59823359981;35639.59823359981;35639.59823359981;35639.59823359981;35639.59823359981;35639.59823359981;35639.59823359981;35639.59823359981;35639.59823359981;35639.59823359981;35639.59823359981;35639.59823359981;35639.59823359981;35639.59823359981;35639.59823359981;35639.59823359981;35639.59823359981;35639.59823359981;35639.59823359981;35639.59823359981;35639.59823359981;35639.59823359981;35639.59823359981;35639.59823359981;35639.59823359981;35639.59823359981;35639.59823359981;35639.59823359981;35639.59823359981;35639.59823359981;35639.59823359981;35639.59823359981;
17700.0;35640.0;35640.0;35640.0;35640.0;35639.59823359981;35639.59823359981;35639.59823359981;35639.59823359981;35639.59823359981;35639.59823359981;35639.59823359981;35639.59823359981;35639.59823359981;35639.59823359981;35639.59823359981;35639.59823359981;35639.59823359981;35639.59823359981;35639.59823359981;35639.59823359981;35639.59823359981;35639.59823359981;35639.59823359981;35639.59823359981;35639.59823359981;35639.59823359981;35639.59823359981;35639.59823359981;35639.59823359981;35639.59823359981;35639.59823359981;35639.59823359981;35639.59823359981;35639.59823359981;35639.59823359981;35639.59823359981;35639.59823359981;35639.59823359981;35639.59823359981;35639.59823359981;35639.59823359981;35639.59823359981;35639.59823359981;35639.59823359981;
17700.0;35640.0;35640.0;35640.0;35640.0;35639.59142399981;35639.59142399981;35639.59142399981;35639.59142399981;35639.59142399981;35639.59142399981;35639.59142399981;35639.59142399981;35639.59142399981;35639.59142399981;35639.59142399981;35639.59142399981;35639.59142399981;35639.59142399981;35639.59142399981;35639.59142399981;35639.59142399981;35639.59142399981;35639.59142399981;35639.59142399981;35639.59142399981;35639.59142399981;35639.59142399981;35639.59142399981;35639.59142399981;35639.59142399981;35639.59142399981;35639.59142399981;35639.59142399981;35639.59142399981;35639.59142399981;35639.59142399981;35639.59142399981;35639.59142399981;35639.59142399981;35639.59142399981;35639.59142399981;35639.59142399981;35639.59142399981;35639.59142399981;
17700.38454279444;35640.0;35640.0;35640.0;35640.0;35639.59142399981;35639.59142399981;35639.59142399981;35639.59142399981;35639.59142399981;35639.59142399981;35639.59142399981;35639.59142399981;35639.59142399981;35639.59142399981;35639.59142399981;35639.59142399981;35639.59142399981;35639.59142399981;35639.59142399981;35639.59142399981;35639.59142399981;35639.59142399981;35639.59142399981;35639.59142399981;35639.59142399981;35639.59142399981;35639.59142399981;35639.59142399981;35639.59142399981;35639.59142399981;35639.59142399981;35639.59142399981;35639.59142399981;35639.59142399981;35639.59142399981;35639.59142399981;35639.59142399981;35639.59142399981;35639.59142399981;35639.59142399981;35639.59142399981;35639.59142399981;35639.59142399981;35639.59142399981;
18000.0;35640.0;35640.0;35640.0;35640.0;35639.59142399981;35639.59142399981;35639.59142399981;35639.59142399981;35639.59142399981;35639.59142399981;35639.59142399981;35639.59142399981;35639.59142399981;35639.59142399981;35639.59142399981;35639.59142399981;35639.59142399981;35639.59142399981;35639.59142399981;35639.59142399981;35639.59142399981;35639.59142399981;35639.59142399981;35639.59142399981;35639.59142399981;35639.59142399981;35639.59142399981;35639.59142399981;35639.59142399981;35639.59142399981;35639.59142399981;35639.59142399981;35639.59142399981;35639.59142399981;35639.59142399981;35639.59142399981;35639.59142399981;35639.59142399981;35639.59142399981;35639.59142399981;35639.59142399981;35639.59142399981;35639.59142399981;35639.59142399981;
18000.0;35640.0;35640.0;35640.0;35640.0;35639.584614399806;35639.584614399806;35639.584614399806;35639.584614399806;35639.584614399806;35639.584614399806;35639.584614399806;35639.584614399806;35639.584614399806;35639.584614399806;35639.584614399806;35639.584614399806;35639.584614399806;35639.584614399806;35639.584614399806;35639.584614399806;35639.584614399806;35639.584614399806;35639.584614399806;35639.584614399806;35639.584614399806;35639.584614399806;35639.584614399806;35639.584614399806;35639.584614399806;35639.584614399806;35639.584614399806;35639.584614399806;35639.584614399806;35639.584614399806;35639.584614399806;35639.584614399806;35639.584614399806;35639.584614399806;35639.584614399806;35639.584614399806;35639.584614399806;35639.584614399806;35639.584614399806;35639.584614399806;
18000.0;35640.0;35640.0;35640.0;35640.0;35639.584614399806;35639.584614399806;35639.584614399806;35639.584614399806;35639.584614399806;35639.584614399806;35639.584614399806;35639.584614399806;35639.584614399806;35639.584614399806;35639.584614399806;35639.584614399806;35639.584614399806;35639.584614399806;35639.584614399806;35639.584614399806;35639.584614399806;35639.584614399806;35639.584614399806;35639.584614399806;35639.584614399806;35639.584614399806;35639.584614399806;35639.584614399806;35639.584614399806;35639.584614399806;35639.584614399806;35639.584614399806;35639.584614399806;35639.584614399806;35639.584614399806;35639.584614399806;35639.584614399806;35639.584614399806;35639.584614399806;35639.584614399806;35639.584614399806;35639.584614399806;35639.584614399806;35639.584614399806;
18000.38454279444;35640.0;35640.0;35640.0;35640.0;35639.584614399806;35639.584614399806;35639.584614399806;35639.584614399806;35639.584614399806;35639.584614399806;35639.584614399806;35639.584614399806;35639.584614399806;35639.584614399806;35639.584614399806;35639.584614399806;35639.584614399806;35639.584614399806;35639.584614399806;35639.584614399806;35639.584614399806;35639.584614399806;35639.584614399806;35639.584614399806;35639.584614399806;35639.584614399806;35639.584614399806;35639.584614399806;35639.584614399806;35639.584614399806;35639.584614399806;35639.584614399806;35639.584614399806;35639.584614399806;35639.584614399806;35639.584614399806;35639.584614399806;35639.584614399806;35639.584614399806;35639.584614399806;35639.584614399806;35639.584614399806;35639.584614399806;35639.584614399806;
18300.0;35640.0;35640.0;35640.0;35640.0;35639.584614399806;35639.584614399806;35639.584614399806;35639.584614399806;35639.584614399806;35639.584614399806;35639.584614399806;35639.584614399806;35639.584614399806;35639.584614399806;35639.584614399806;35639.584614399806;35639.584614399806;35639.584614399806;35639.584614399806;35639.584614399806;35639.584614399806;35639.584614399806;35639.584614399806;35639.584614399806;35639.584614399806;35639.584614399806;35639.584614399806;35639.584614399806;35639.584614399806;35639.584614399806;35639.584614399806;35639.584614399806;35639.584614399806;35639.584614399806;35639.584614399806;35639.584614399806;35639.584614399806;35639.584614399806;35639.584614399806;35639.584614399806;35639.584614399806;35639.584614399806;35639.584614399806;35639.584614399806;
18300.0;35640.0;35640.0;35640.0;35640.0;35639.5778047998;35639.5778047998;35639.5778047998;35639.5778047998;35639.5778047998;35639.5778047998;35639.5778047998;35639.5778047998;35639.5778047998;35639.5778047998;35639.5778047998;35639.5778047998;35639.5778047998;35639.5778047998;35639.5778047998;35639.5778047998;35639.5778047998;35639.5778047998;35639.5778047998;35639.5778047998;35639.5778047998;35639.5778047998;35639.5778047998;35639.5778047998;35639.5778047998;35639.5778047998;35639.5778047998;35639.5778047998;35639.5778047998;35639.5778047998;35639.5778047998;35639.5778047998;35639.5778047998;35639.5778047998;35639.5778047998;35639.5778047998;35639.5778047998;35639.5778047998;35639.5778047998;35639.5778047998;
18300.38454279444;35640.0;35640.0;35640.0;35640.0;35639.5778047998;35639.5778047998;35639.5778047998;35639.5778047998;35639.5778047998;35639.5778047998;35639.5778047998;35639.5778047998;35639.5778047998;35639.5778047998;35639.5778047998;35639.5778047998;35639.5778047998;35639.5778047998;35639.5778047998;35639.5778047998;35639.5778047998;35639.5778047998;35639.5778047998;35639.5778047998;35639.5778047998;35639.5778047998;35639.5778047998;35639.5778047998;35639.5778047998;35639.5778047998;35639.5778047998;35639.5778047998;35639.5778047998;35639.5778047998;35639.5778047998;35639.5778047998;35639.5778047998;35639.5778047998;35639.5778047998;35639.5778047998;35639.5778047998;35639.5778047998;35639.5778047998;35639.5778047998;
18600.0;35640.0;35640.0;35640.0;35640.0;35639.5778047998;35639.5778047998;35639.5778047998;35639.5778047998;35639.5778047998;35639.5778047998;35639.5778047998;35639.5778047998;35639.5778047998;35639.5778047998;35639.5778047998;35639.5778047998;35639.5778047998;35639.5778047998;35639.5778047998;35639.5778047998;35639.5778047998;35639.5778047998;35639.5778047998;35639.5778047998;35639.5778047998;35639.5778047998;35639.5778047998;35639.5778047998;35639.5778047998;35639.5778047998;35639.5778047998;35639.5778047998;35639.5778047998;35639.5778047998;35639.5778047998;35639.5778047998;35639.5778047998;35639.5778047998;35639.5778047998;35639.5778047998;35639.5778047998;35639.5778047998;35639.5778047998;35639.5778047998;
18600.0;35640.0;35640.0;35640.0;35640.0;35639.5709951998;35639.5709951998;35639.5709951998;35639.5709951998;35639.5709951998;35639.5709951998;35639.5709951998;35639.5709951998;35639.5709951998;35639.5709951998;35639.5709951998;35639.5709951998;35639.5709951998;35639.5709951998;35639.5709951998;35639.5709951998;35639.5709951998;35639.5709951998;35639.5709951998;35639.5709951998;35639.5709951998;35639.5709951998;35639.5709951998;35639.5709951998;35639.5709951998;35639.5709951998;35639.5709951998;35639.5709951998;35639.5709951998;35639.5709951998;35639.5709951998;35639.5709951998;35639.5709951998;35639.5709951998;35639.5709951998;35639.5709951998;35639.5709951998;35639.5709951998;35639.5709951998;35639.5709951998;
18600.38454279444;35640.0;35640.0;35640.0;35640.0;35639.5709951998;35639.5709951998;35639.5709951998;35639.5709951998;35639.5709951998;35639.5709951998;35639.5709951998;35639.5709951998;35639.5709951998;35639.5709951998;35639.5709951998;35639.5709951998;35639.5709951998;35639.5709951998;35639.5709951998;35639.5709951998;35639.5709951998;35639.5709951998;35639.5709951998;35639.5709951998;35639.5709951998;35639.5709951998;35639.5709951998;35639.5709951998;35639.5709951998;35639.5709951998;35639.5709951998;35639.5709951998;35639.5709951998;35639.5709951998;35639.5709951998;35639.5709951998;35639.5709951998;35639.5709951998;35639.5709951998;35639.5709951998;35639.5709951998;35639.5709951998;35639.5709951998;35639.5709951998;
18900.0;35640.0;35640.0;35640.0;35640.0;35639.5709951998;35639.5709951998;35639.5709951998;35639.5709951998;35639.5709951998;35639.5709951998;35639.5709951998;35639.5709951998;35639.5709951998;35639.5709951998;35639.5709951998;35639.5709951998;35639.5709951998;35639.5709951998;35639.5709951998;35639.5709951998;35639.5709951998;35639.5709951998;35639.5709951998;35639.5709951998;35639.5709951998;35639.5709951998;35639.5709951998;35639.5709951998;35639.5709951998;35639.5709951998;35639.5709951998;35639.5709951998;35639.5709951998;35639.5709951998;35639.5709951998;35639.5709951998;35639.5709951998;35639.5709951998;35639.5709951998;35639.5709951998;35639.5709951998;35639.5709951998;35639.5709951998;35639.5709951998;
18900.0;35640.0;35640.0;35640.0;35640.0;35639.5641855998;35639.5641855998;35639.5641855998;35639.5641855998;35639.5641855998;35639.5641855998;35639.5641855998;35639.5641855998;35639.5641855998;35639.5641855998;35639.5641855998;35639.5641855998;35639.5641855998;35639.5641855998;35639.5641855998;35639.5641855998;35639.5641855998;35639.5641855998;35639.5641855998;35639.5641855998;35639.5641855998;35639.5641855998;35639.5641855998;35639.5641855998;35639.5641855998;35639.5641855998;35639.5641855998;35639.5641855998;35639.5641855998;35639.5641855998;35639.5641855998;35639.5641855998;35639.5641855998;35639.5641855998;35639.5641855998;35639.5641855998;35639.5641855998;35639.5641855998;35639.5641855998;35639.5641855998;
18900.38454279444;35640.0;35640.0;35640.0;35640.0;35639.5641855998;35639.5641855998;35639.5641855998;35639.5641855998;35639.5641855998;35639.5641855998;35639.5641855998;35639.5641855998;35639.5641855998;35639.5641855998;35639.5641855998;35639.5641855998;35639.5641855998;35639.5641855998;35639.5641855998;35639.5641855998;35639.5641855998;35639.5641855998;35639.5641855998;35639.5641855998;35639.5641855998;35639.5641855998;35639.5641855998;35639.5641855998;35639.5641855998;35639.5641855998;35639.5641855998;35639.5641855998;35639.5641855998;35639.5641855998;35639.5641855998;35639.5641855998;35639.5641855998;35639.5641855998;35639.5641855998;35639.5641855998;35639.5641855998;35639.5641855998;35639.5641855998;35639.5641855998;
19200.0;35640.0;35640.0;35640.0;35640.0;35639.5641855998;35639.5641855998;35639.5641855998;35639.5641855998;35639.5641855998;35639.5641855998;35639.5641855998;35639.5641855998;35639.5641855998;35639.5641855998;35639.5641855998;35639.5641855998;35639.5641855998;35639.5641855998;35639.5641855998;35639.5641855998;35639.5641855998;35639.5641855998;35639.5641855998;35639.5641855998;35639.5641855998;35639.5641855998;35639.5641855998;35639.5641855998;35639.5641855998;35639.5641855998;35639.5641855998;35639.5641855998;35639.5641855998;35639.5641855998;35639.5641855998;35639.5641855998;35639.5641855998;35639.5641855998;35639.5641855998;35639.5641855998;35639.5641855998;35639.5641855998;35639.5641855998;35639.5641855998;
19200.0;35640.0;35640.0;35640.0;35640.0;35639.55737599979;35639.55737599979;35639.55737599979;35639.55737599979;35639.55737599979;35639.55737599979;35639.55737599979;35639.55737599979;35639.55737599979;35639.55737599979;35639.55737599979;35639.55737599979;35639.55737599979;35639.55737599979;35639.55737599979;35639.55737599979;35639.55737599979;35639.55737599979;35639.55737599979;35639.55737599979;35639.55737599979;35639.55737599979;35639.55737599979;35639.55737599979;35639.55737599979;35639.55737599979;35639.55737599979;35639.55737599979;35639.55737599979;35639.55737599979;35639.55737599979;35639.55737599979;35639.55737599979;35639.55737599979;35639.55737599979;35639.55737599979;35639.55737599979;35639.55737599979;35639.55737599979;35639.55737599979;
19200.38454279444;35640.0;35640.0;35640.0;35640.0;35639.55737599979;35639.55737599979;35639.55737599979;35639.55737599979;35639.55737599979;35639.55737599979;35639.55737599979;35639.55737599979;35639.55737599979;35639.55737599979;35639.55737599979;35639.55737599979;35639.55737599979;35639.55737599979;35639.55737599979;35639.55737599979;35639.55737599979;35639.55737599979;35639.55737599979;35639.55737599979;35639.55737599979;35639.55737599979;35639.55737599979;35639.55737599979;35639.55737599979;35639.55737599979;35639.55737599979;35639.55737599979;35639.55737599979;35639.55737599979;35639.55737599979;35639.55737599979;35639.55737599979;35639.55737599979;35639.55737599979;35639.55737599979;35639.55737599979;35639.55737599979;35639.55737599979;35639.55737599979;
19500.0;35640.0;35640.0;35640.0;35640.0;35639.55737599979;35639.55737599979;35639.55737599979;35639.55737599979;35639.55737599979;35639.55737599979;35639.55737599979;35639.55737599979;35639.55737599979;35639.55737599979;35639.55737599979;35639.55737599979;35639.55737599979;35639.55737599979;35639.55737599979;35639.55737599979;35639.55737599979;35639.55737599979;35639.55737599979;35639.55737599979;35639.55737599979;35639.55737599979;35639.55737599979;35639.55737599979;35639.55737599979;35639.55737599979;35639.55737599979;35639.55737599979;35639.55737599979;35639.55737599979;35639.55737599979;35639.55737599979;35639.55737599979;35639.55737599979;35639.55737599979;35639.55737599979;35639.55737599979;35639.55737599979;35639.55737599979;35639.55737599979;
19500.0;35640.0;35640.0;35640.0;35640.0;35639.55056639979;35639.55056639979;35639.55056639979;35639.55056639979;35639.55056639979;35639.55056639979;35639.55056639979;35639.55056639979;35639.55056639979;35639.55056639979;35639.55056639979;35639.55056639979;35639.55056639979;35639.55056639979;35639.55056639979;35639.55056639979;35639.55056639979;35639.55056639979;35639.55056639979;35639.55056639979;35639.55056639979;35639.55056639979;35639.55056639979;35639.55056639979;35639.55056639979;35639.55056639979;35639.55056639979;35639.55056639979;35639.55056639979;35639.55056639979;35639.55056639979;35639.55056639979;35639.55056639979;35639.55056639979;35639.55056639979;35639.55056639979;35639.55056639979;35639.55056639979;35639.55056639979;35639.55056639979;
19500.0;35640.0;35640.0;35640.0;35640.0;35639.55056639979;35639.55056639979;35639.55056639979;35639.55056639979;35639.55056639979;35639.55056639979;35639.55056639979;35639.55056639979;35639.55056639979;35639.55056639979;35639.55056639979;35639.55056639979;35639.55056639979;35639.55056639979;35639.55056639979;35639.55056639979;35639.55056639979;35639.55056639979;35639.55056639979;35639.55056639979;35639.55056639979;35639.55056639979;35639.55056639979;35639.55056639979;35639.55056639979;35639.55056639979;35639.55056639979;35639.55056639979;35639.55056639979;35639.55056639979;35639.55056639979;35639.55056639979;35639.55056639979;35639.55056639979;35639.55056639979;35639.55056639979;35639.55056639979;35639.55056639979;35639.55056639979;35639.55056639979;
19500.38454279444;35640.0;35640.0;35640.0;35640.0;35639.55056639979;35639.55056639979;35639.55056639979;35639.55056639979;35639.55056639979;35639.55056639979;35639.55056639979;35639.55056639979;35639.55056639979;35639.55056639979;35639.55056639979;35639.55056639979;35639.55056639979;35639.55056639979;35639.55056639979;35639.55056639979;35639.55056639979;35639.55056639979;35639.55056639979;35639.55056639979;35639.55056639979;35639.55056639979;35639.55056639979;35639.55056639979;35639.55056639979;35639.55056639979;35639.55056639979;35639.55056639979;35639.55056639979;35639.55056639979;35639.55056639979;35639.55056639979;35639.55056639979;35639.55056639979;35639.55056639979;35639.55056639979;35639.55056639979;35639.55056639979;35639.55056639979;35639.55056639979;
19800.0;35640.0;35640.0;35640.0;35640.0;35639.55056639979;35639.55056639979;35639.55056639979;35639.55056639979;35639.55056639979;35639.55056639979;35639.55056639979;35639.55056639979;35639.55056639979;35639.55056639979;35639.55056639979;35639.55056639979;35639.55056639979;35639.55056639979;35639.55056639979;35639.55056639979;35639.55056639979;35639.55056639979;35639.55056639979;35639.55056639979;35639.55056639979;35639.55056639979;35639.55056639979;35639.55056639979;35639.55056639979;35639.55056639979;35639.55056639979;35639.55056639979;35639.55056639979;35639.55056639979;35639.55056639979;35639.55056639979;35639.55056639979;35639.55056639979;35639.55056639979;35639.55056639979;35639.55056639979;35639.55056639979;35639.55056639979;35639.55056639979;
19800.0;35640.0;35640.0;35640.0;35640.0;35639.54375679979;35639.54375679979;35639.54375679979;35639.54375679979;35639.54375679979;35639.54375679979;35639.54375679979;35639.54375679979;35639.54375679979;35639.54375679979;35639.54375679979;35639.54375679979;35639.54375679979;35639.54375679979;35639.54375679979;35639.54375679979;35639.54375679979;35639.54375679979;35639.54375679979;35639.54375679979;35639.54375679979;35639.54375679979;35639.54375679979;35639.54375679979;35639.54375679979;35639.54375679979;35639.54375679979;35639.54375679979;35639.54375679979;35639.54375679979;35639.54375679979;35639.54375679979;35639.54375679979;35639.54375679979;35639.54375679979;35639.54375679979;35639.54375679979;35639.54375679979;35639.54375679979;35639.54375679979;
19800.38454279444;35640.0;35640.0;35640.0;35640.0;35639.54375679979;35639.54375679979;35639.54375679979;35639.54375679979;35639.54375679979;35639.54375679979;35639.54375679979;35639.54375679979;35639.54375679979;35639.54375679979;35639.54375679979;35639.54375679979;35639.54375679979;35639.54375679979;35639.54375679979;35639.54375679979;35639.54375679979;35639.54375679979;35639.54375679979;35639.54375679979;35639.54375679979;35639.54375679979;35639.54375679979;35639.54375679979;35639.54375679979;35639.54375679979;35639.54375679979;35639.54375679979;35639.54375679979;35639.54375679979;35639.54375679979;35639.54375679979;35639.54375679979;35639.54375679979;35639.54375679979;35639.54375679979;35639.54375679979;35639.54375679979;35639.54375679979;35639.54375679979;
20100.0;35640.0;35640.0;35640.0;35640.0;35639.54375679979;35639.54375679979;35639.54375679979;35639.54375679979;35639.54375679979;35639.54375679979;35639.54375679979;35639.54375679979;35639.54375679979;35639.54375679979;35639.54375679979;35639.54375679979;35639.54375679979;35639.54375679979;35639.54375679979;35639.54375679979;35639.54375679979;35639.54375679979;35639.54375679979;35639.54375679979;35639.54375679979;35639.54375679979;35639.54375679979;35639.54375679979;35639.54375679979;35639.54375679979;35639.54375679979;35639.54375679979;35639.54375679979;35639.54375679979;35639.54375679979;35639.54375679979;35639.54375679979;35639.54375679979;35639.54375679979;35639.54375679979;35639.54375679979;35639.54375679979;35639.54375679979;35639.54375679979;
20100.0;35640.0;35640.0;35640.0;35640.0;35639.536947199784;35639.536947199784;35639.536947199784;35639.536947199784;35639.536947199784;35639.536947199784;35639.536947199784;35639.536947199784;35639.536947199784;35639.536947199784;35639.536947199784;35639.536947199784;35639.536947199784;35639.536947199784;35639.536947199784;35639.536947199784;35639.536947199784;35639.536947199784;35639.536947199784;35639.536947199784;35639.536947199784;35639.536947199784;35639.536947199784;35639.536947199784;35639.536947199784;35639.536947199784;35639.536947199784;35639.536947199784;35639.536947199784;35639.536947199784;35639.536947199784;35639.536947199784;35639.536947199784;35639.536947199784;35639.536947199784;35639.536947199784;35639.536947199784;35639.536947199784;35639.536947199784;35639.536947199784;
20100.38454279444;35640.0;35640.0;35640.0;35640.0;35639.536947199784;35639.536947199784;35639.536947199784;35639.536947199784;35639.536947199784;35639.536947199784;35639.536947199784;35639.536947199784;35639.536947199784;35639.536947199784;35639.536947199784;35639.536947199784;35639.536947199784;35639.536947199784;35639.536947199784;35639.536947199784;35639.536947199784;35639.536947199784;35639.536947199784;35639.536947199784;35639.536947199784;35639.536947199784;35639.536947199784;35639.536947199784;35639.536947199784;35639.536947199784;35639.536947199784;35639.536947199784;35639.536947199784;35639.536947199784;35639.536947199784;35639.536947199784;35639.536947199784;35639.536947199784;35639.536947199784;35639.536947199784;35639.536947199784;35639.536947199784;35639.536947199784;35639.536947199784;
20400.0;35640.0;35640.0;35640.0;35640.0;35639.536947199784;35639.536947199784;35639.536947199784;35639.536947199784;35639.536947199784;35639.536947199784;35639.536947199784;35639.536947199784;35639.536947199784;35639.536947199784;35639.536947199784;35639.536947199784;35639.536947199784;35639.536947199784;35639.536947199784;35639.536947199784;35639.536947199784;35639.536947199784;35639.536947199784;35639.536947199784;35639.536947199784;35639.536947199784;35639.536947199784;35639.536947199784;35639.536947199784;35639.536947199784;35639.536947199784;35639.536947199784;35639.536947199784;35639.536947199784;35639.536947199784;35639.536947199784;35639.536947199784;35639.536947199784;35639.536947199784;35639.536947199784;35639.536947199784;35639.536947199784;35639.536947199784;35639.536947199784;
20400.0;35640.0;35640.0;35640.0;35640.0;35639.53013759978;35639.53013759978;35639.53013759978;35639.53013759978;35639.53013759978;35639.53013759978;35639.53013759978;35639.53013759978;35639.53013759978;35639.53013759978;35639.53013759978;35639.53013759978;35639.53013759978;35639.53013759978;35639.53013759978;35639.53013759978;35639.53013759978;35639.53013759978;35639.53013759978;35639.53013759978;35639.53013759978;35639.53013759978;35639.53013759978;35639.53013759978;35639.53013759978;35639.53013759978;35639.53013759978;35639.53013759978;35639.53013759978;35639.53013759978;35639.53013759978;35639.53013759978;35639.53013759978;35639.53013759978;35639.53013759978;35639.53013759978;35639.53013759978;35639.53013759978;35639.53013759978;35639.53013759978;
20400.38454279444;35640.0;35640.0;35640.0;35640.0;35639.53013759978;35639.53013759978;35639.53013759978;35639.53013759978;35639.53013759978;35639.53013759978;35639.53013759978;35639.53013759978;35639.53013759978;35639.53013759978;35639.53013759978;35639.53013759978;35639.53013759978;35639.53013759978;35639.53013759978;35639.53013759978;35639.53013759978;35639.53013759978;35639.53013759978;35639.53013759978;35639.53013759978;35639.53013759978;35639.53013759978;35639.53013759978;35639.53013759978;35639.53013759978;35639.53013759978;35639.53013759978;35639.53013759978;35639.53013759978;35639.53013759978;35639.53013759978;35639.53013759978;35639.53013759978;35639.53013759978;35639.53013759978;35639.53013759978;35639.53013759978;35639.53013759978;35639.53013759978;
20700.0;35640.0;35640.0;35640.0;35640.0;35639.53013759978;35639.53013759978;35639.53013759978;35639.53013759978;35639.53013759978;35639.53013759978;35639.53013759978;35639.53013759978;35639.53013759978;35639.53013759978;35639.53013759978;35639.53013759978;35639.53013759978;35639.53013759978;35639.53013759978;35639.53013759978;35639.53013759978;35639.53013759978;35639.53013759978;35639.53013759978;35639.53013759978;35639.53013759978;35639.53013759978;35639.53013759978;35639.53013759978;35639.53013759978;35639.53013759978;35639.53013759978;35639.53013759978;35639.53013759978;35639.53013759978;35639.53013759978;35639.53013759978;35639.53013759978;35639.53013759978;35639.53013759978;35639.53013759978;35639.53013759978;35639.53013759978;35639.53013759978;
20700.0;35640.0;35640.0;35640.0;35640.0;35639.52332799978;35639.52332799978;35639.52332799978;35639.52332799978;35639.52332799978;35639.52332799978;35639.52332799978;35639.52332799978;35639.52332799978;35639.52332799978;35639.52332799978;35639.52332799978;35639.52332799978;35639.52332799978;35639.52332799978;35639.52332799978;35639.52332799978;35639.52332799978;35639.52332799978;35639.52332799978;35639.52332799978;35639.52332799978;35639.52332799978;35639.52332799978;35639.52332799978;35639.52332799978;35639.52332799978;35639.52332799978;35639.52332799978;35639.52332799978;35639.52332799978;35639.52332799978;35639.52332799978;35639.52332799978;35639.52332799978;35639.52332799978;35639.52332799978;35639.52332799978;35639.52332799978;35639.52332799978;
20700.38454279444;35640.0;35640.0;35640.0;35640.0;35639.52332799978;35639.52332799978;35639.52332799978;35639.52332799978;35639.52332799978;35639.52332799978;35639.52332799978;35639.52332799978;35639.52332799978;35639.52332799978;35639.52332799978;35639.52332799978;35639.52332799978;35639.52332799978;35639.52332799978;35639.52332799978;35639.52332799978;35639.52332799978;35639.52332799978;35639.52332799978;35639.52332799978;35639.52332799978;35639.52332799978;35639.52332799978;35639.52332799978;35639.52332799978;35639.52332799978;35639.52332799978;35639.52332799978;35639.52332799978;35639.52332799978;35639.52332799978;35639.52332799978;35639.52332799978;35639.52332799978;35639.52332799978;35639.52332799978;35639.52332799978;35639.52332799978;35639.52332799978;
21000.0;35640.0;35640.0;35640.0;35640.0;35639.52332799978;35639.52332799978;35639.52332799978;35639.52332799978;35639.52332799978;35639.52332799978;35639.52332799978;35639.52332799978;35639.52332799978;35639.52332799978;35639.52332799978;35639.52332799978;35639.52332799978;35639.52332799978;35639.52332799978;35639.52332799978;35639.52332799978;35639.52332799978;35639.52332799978;35639.52332799978;35639.52332799978;35639.52332799978;35639.52332799978;35639.52332799978;35639.52332799978;35639.52332799978;35639.52332799978;35639.52332799978;35639.52332799978;35639.52332799978;35639.52332799978;35639.52332799978;35639.52332799978;35639.52332799978;35639.52332799978;35639.52332799978;35639.52332799978;35639.52332799978;35639.52332799978;35639.52332799978;
21000.0;35640.0;35640.0;35640.0;35640.0;35639.516518399774;35639.516518399774;35639.516518399774;35639.516518399774;35639.516518399774;35639.516518399774;35639.516518399774;35639.516518399774;35639.516518399774;35639.516518399774;35639.516518399774;35639.516518399774;35639.516518399774;35639.516518399774;35639.516518399774;35639.516518399774;35639.516518399774;35639.516518399774;35639.516518399774;35639.516518399774;35639.516518399774;35639.516518399774;35639.516518399774;35639.516518399774;35639.516518399774;35639.516518399774;35639.516518399774;35639.516518399774;35639.516518399774;35639.516518399774;35639.516518399774;35639.516518399774;35639.516518399774;35639.516518399774;35639.516518399774;35639.516518399774;35639.516518399774;35639.516518399774;35639.516518399774;35639.516518399774;
21000.38454279444;35640.0;35640.0;35640.0;35640.0;35639.516518399774;35639.516518399774;35639.516518399774;35639.516518399774;35639.516518399774;35639.516518399774;35639.516518399774;35639.516518399774;35639.516518399774;35639.516518399774;35639.516518399774;35639.516518399774;35639.516518399774;35639.516518399774;35639.516518399774;35639.516518399774;35639.516518399774;35639.516518399774;35639.516518399774;35639.516518399774;35639.516518399774;35639.516518399774;35639.516518399774;35639.516518399774;35639.516518399774;35639.516518399774;35639.516518399774;35639.516518399774;35639.516518399774;35639.516518399774;35639.516518399774;35639.516518399774;35639.516518399774;35639.516518399774;35639.516518399774;35639.516518399774;35639.516518399774;35639.516518399774;35639.516518399774;35639.516518399774;
21060.0;35640.0;35640.0;35640.0;35640.0;35639.516518399774;35639.516518399774;35639.516518399774;35639.516518399774;35639.516518399774;35639.516518399774;35639.516518399774;35639.516518399774;35639.516518399774;35639.516518399774;35639.516518399774;35639.516518399774;35639.516518399774;35639.516518399774;35639.516518399774;35639.516518399774;35639.516518399774;35639.516518399774;35639.516518399774;35639.516518399774;35639.516518399774;35639.516518399774;35639.516518399774;35639.516518399774;35639.516518399774;35639.516518399774;35639.516518399774;35639.516518399774;35639.516518399774;35639.516518399774;35639.516518399774;35639.516518399774;35639.516518399774;35639.516518399774;35639.516518399774;35639.516518399774;35639.516518399774;35639.516518399774;35639.516518399774;35639.516518399774;
21300.0;35640.0;35640.0;35640.0;35640.0;35639.516518399774;35639.516518399774;35639.516518399774;35639.516518399774;35639.516518399774;35639.516518399774;35639.516518399774;35639.516518399774;35639.516518399774;35639.516518399774;35639.516518399774;35639.516518399774;35639.516518399774;35639.516518399774;35639.516518399774;35639.516518399774;35639.516518399774;35639.516518399774;35639.516518399774;35639.516518399774;35639.516518399774;35639.516518399774;35639.516518399774;35639.516518399774;35639.516518399774;35639.516518399774;35639.516518399774;35639.516518399774;35639.516518399774;35639.516518399774;35639.516518399774;35639.516518399774;35639.516518399774;35639.516518399774;35639.516518399774;35639.516518399774;35639.516518399774;35639.516518399774;35639.516518399774;35639.516518399774;
21300.0;35640.0;35640.0;35640.0;35640.0;35639.50970879977;35639.50970879977;35639.50970879977;35639.50970879977;35639.50970879977;35639.50970879977;35639.50970879977;35639.50970879977;35639.50970879977;35639.50970879977;35639.50970879977;35639.50970879977;35639.50970879977;35639.50970879977;35639.50970879977;35639.50970879977;35639.50970879977;35639.50970879977;35639.50970879977;35639.50970879977;35639.50970879977;35639.50970879977;35639.50970879977;35639.50970879977;35639.50970879977;35639.50970879977;35639.50970879977;35639.50970879977;35639.50970879977;35639.50970879977;35639.50970879977;35639.50970879977;35639.50970879977;35639.50970879977;35639.50970879977;35639.50970879977;35639.50970879977;35639.50970879977;35639.50970879977;35639.50970879977;
21300.38454279444;35640.0;35640.0;35640.0;35640.0;35639.50970879977;35639.50970879977;35639.50970879977;35639.50970879977;35639.50970879977;35639.50970879977;35639.50970879977;35639.50970879977;35639.50970879977;35639.50970879977;35639.50970879977;35639.50970879977;35639.50970879977;35639.50970879977;35639.50970879977;35639.50970879977;35639.50970879977;35639.50970879977;35639.50970879977;35639.50970879977;35639.50970879977;35639.50970879977;35639.50970879977;35639.50970879977;35639.50970879977;35639.50970879977;35639.50970879977;35639.50970879977;35639.50970879977;35639.50970879977;35639.50970879977;35639.50970879977;35639.50970879977;35639.50970879977;35639.50970879977;35639.50970879977;35639.50970879977;35639.50970879977;35639.50970879977;35639.50970879977;
21600.0;35640.0;35640.0;35640.0;35640.0;35639.50970879977;35639.50970879977;35639.50970879977;35639.50970879977;35639.50970879977;35639.50970879977;35639.50970879977;35639.50970879977;35639.50970879977;35639.50970879977;35639.50970879977;35639.50970879977;35639.50970879977;35639.50970879977;35639.50970879977;35639.50970879977;35639.50970879977;35639.50970879977;35639.50970879977;35639.50970879977;35639.50970879977;35639.50970879977;35639.50970879977;35639.50970879977;35639.50970879977;35639.50970879977;35639.50970879977;35639.50970879977;35639.50970879977;35639.50970879977;35639.50970879977;35639.50970879977;35639.50970879977;35639.50970879977;35639.50970879977;35639.50970879977;35639.50970879977;35639.50970879977;35639.50970879977;35639.50970879977;
21600.0;35640.0;35640.0;35640.0;35640.0;35639.50289919977;35639.50289919977;35639.50289919977;35639.50289919977;35639.50289919977;35639.50289919977;35639.50289919977;35639.50289919977;35639.50289919977;35639.50289919977;35639.50289919977;35639.50289919977;35639.50289919977;35639.50289919977;35639.50289919977;35639.50289919977;35639.50289919977;35639.50289919977;35639.50289919977;35639.50289919977;35639.50289919977;35639.50289919977;35639.50289919977;35639.50289919977;35639.50289919977;35639.50289919977;35639.50289919977;35639.50289919977;35639.50289919977;35639.50289919977;35639.50289919977;35639.50289919977;35639.50289919977;35639.50289919977;35639.50289919977;35639.50289919977;35639.50289919977;35639.50289919977;35639.50289919977;35639.50289919977;
21600.38454279444;35640.0;35640.0;35640.0;35640.0;35639.50289919977;35639.50289919977;35639.50289919977;35639.50289919977;35639.50289919977;35639.50289919977;35639.50289919977;35639.50289919977;35639.50289919977;35639.50289919977;35639.50289919977;35639.50289919977;35639.50289919977;35639.50289919977;35639.50289919977;35639.50289919977;35639.50289919977;35639.50289919977;35639.50289919977;35639.50289919977;35639.50289919977;35639.50289919977;35639.50289919977;35639.50289919977;35639.50289919977;35639.50289919977;35639.50289919977;35639.50289919977;35639.50289919977;35639.50289919977;35639.50289919977;35639.50289919977;35639.50289919977;35639.50289919977;35639.50289919977;35639.50289919977;35639.50289919977;35639.50289919977;35639.50289919977;35639.50289919977;
21900.0;35640.0;35640.0;35640.0;35640.0;35639.50289919977;35639.50289919977;35639.50289919977;35639.50289919977;35639.50289919977;35639.50289919977;35639.50289919977;35639.50289919977;35639.50289919977;35639.50289919977;35639.50289919977;35639.50289919977;35639.50289919977;35639.50289919977;35639.50289919977;35639.50289919977;35639.50289919977;35639.50289919977;35639.50289919977;35639.50289919977;35639.50289919977;35639.50289919977;35639.50289919977;35639.50289919977;35639.50289919977;35639.50289919977;35639.50289919977;35639.50289919977;35639.50289919977;35639.50289919977;35639.50289919977;35639.50289919977;35639.50289919977;35639.50289919977;35639.50289919977;35639.50289919977;35639.50289919977;35639.50289919977;35639.50289919977;35639.50289919977;
21900.0;35640.0;35640.0;35640.0;35640.0;35639.496089599765;35639.496089599765;35639.496089599765;35639.496089599765;35639.496089599765;35639.496089599765;35639.496089599765;35639.496089599765;35639.496089599765;35639.496089599765;35639.496089599765;35639.496089599765;35639.496089599765;35639.496089599765;35639.496089599765;35639.496089599765;35639.496089599765;35639.496089599765;35639.496089599765;35639.496089599765;35639.496089599765;35639.496089599765;35639.496089599765;35639.496089599765;35639.496089599765;35639.496089599765;35639.496089599765;35639.496089599765;35639.496089599765;35639.496089599765;35639.496089599765;35639.496089599765;35639.496089599765;35639.496089599765;35639.496089599765;35639.496089599765;35639.496089599765;35639.496089599765;35639.496089599765;35639.496089599765;
21900.38454279444;35640.0;35640.0;35640.0;35640.0;35639.496089599765;35639.496089599765;35639.496089599765;35639.496089599765;35639.496089599765;35639.496089599765;35639.496089599765;35639.496089599765;35639.496089599765;35639.496089599765;35639.496089599765;35639.496089599765;35639.496089599765;35639.496089599765;35639.496089599765;35639.496089599765;35639.496089599765;35639.496089599765;35639.496089599765;35639.496089599765;35639.496089599765;35639.496089599765;35639.496089599765;35639.496089599765;35639.496089599765;35639.496089599765;35639.496089599765;35639.496089599765;35639.496089599765;35639.496089599765;35639.496089599765;35639.496089599765;35639.496089599765;35639.496089599765;35639.496089599765;35639.496089599765;35639.496089599765;35639.496089599765;35639.496089599765;35639.496089599765;
22200.0;35640.0;35640.0;35640.0;35640.0;35639.496089599765;35639.496089599765;35639.496089599765;35639.496089599765;35639.496089599765;35639.496089599765;35639.496089599765;35639.496089599765;35639.496089599765;35639.496089599765;35639.496089599765;35639.496089599765;35639.496089599765;35639.496089599765;35639.496089599765;35639.496089599765;35639.496089599765;35639.496089599765;35639.496089599765;35639.496089599765;35639.496089599765;35639.496089599765;35639.496089599765;35639.496089599765;35639.496089599765;35639.496089599765;35639.496089599765;35639.496089599765;35639.496089599765;35639.496089599765;35639.496089599765;35639.496089599765;35639.496089599765;35639.496089599765;35639.496089599765;35639.496089599765;35639.496089599765;35639.496089599765;35639.496089599765;35639.496089599765;
22200.0;35640.0;35640.0;35640.0;35640.0;35639.48927999976;35639.48927999976;35639.48927999976;35639.48927999976;35639.48927999976;35639.48927999976;35639.48927999976;35639.48927999976;35639.48927999976;35639.48927999976;35639.48927999976;35639.48927999976;35639.48927999976;35639.48927999976;35639.48927999976;35639.48927999976;35639.48927999976;35639.48927999976;35639.48927999976;35639.48927999976;35639.48927999976;35639.48927999976;35639.48927999976;35639.48927999976;35639.48927999976;35639.48927999976;35639.48927999976;35639.48927999976;35639.48927999976;35639.48927999976;35639.48927999976;35639.48927999976;35639.48927999976;35639.48927999976;35639.48927999976;35639.48927999976;35639.48927999976;35639.48927999976;35639.48927999976;35639.48927999976;
22200.38454279444;35640.0;35640.0;35640.0;35640.0;35639.48927999976;35639.48927999976;35639.48927999976;35639.48927999976;35639.48927999976;35639.48927999976;35639.48927999976;35639.48927999976;35639.48927999976;35639.48927999976;35639.48927999976;35639.48927999976;35639.48927999976;35639.48927999976;35639.48927999976;35639.48927999976;35639.48927999976;35639.48927999976;35639.48927999976;35639.48927999976;35639.48927999976;35639.48927999976;35639.48927999976;35639.48927999976;35639.48927999976;35639.48927999976;35639.48927999976;35639.48927999976;35639.48927999976;35639.48927999976;35639.48927999976;35639.48927999976;35639.48927999976;35639.48927999976;35639.48927999976;35639.48927999976;35639.48927999976;35639.48927999976;35639.48927999976;35639.48927999976;
22500.0;35640.0;35640.0;35640.0;35640.0;35639.48927999976;35639.48927999976;35639.48927999976;35639.48927999976;35639.48927999976;35639.48927999976;35639.48927999976;35639.48927999976;35639.48927999976;35639.48927999976;35639.48927999976;35639.48927999976;35639.48927999976;35639.48927999976;35639.48927999976;35639.48927999976;35639.48927999976;35639.48927999976;35639.48927999976;35639.48927999976;35639.48927999976;35639.48927999976;35639.48927999976;35639.48927999976;35639.48927999976;35639.48927999976;35639.48927999976;35639.48927999976;35639.48927999976;35639.48927999976;35639.48927999976;35639.48927999976;35639.48927999976;35639.48927999976;35639.48927999976;35639.48927999976;35639.48927999976;35639.48927999976;35639.48927999976;35639.48927999976;
22500.0;35640.0;35640.0;35640.0;35640.0;35639.48247039976;35639.48247039976;35639.48247039976;35639.48247039976;35639.48247039976;35639.48247039976;35639.48247039976;35639.48247039976;35639.48247039976;35639.48247039976;35639.48247039976;35639.48247039976;35639.48247039976;35639.48247039976;35639.48247039976;35639.48247039976;35639.48247039976;35639.48247039976;35639.48247039976;35639.48247039976;35639.48247039976;35639.48247039976;35639.48247039976;35639.48247039976;35639.48247039976;35639.48247039976;35639.48247039976;35639.48247039976;35639.48247039976;35639.48247039976;35639.48247039976;35639.48247039976;35639.48247039976;35639.48247039976;35639.48247039976;35639.48247039976;35639.48247039976;35639.48247039976;35639.48247039976;35639.48247039976;
22500.38454279444;35640.0;35640.0;35640.0;35640.0;35639.48247039976;35639.48247039976;35639.48247039976;35639.48247039976;35639.48247039976;35639.48247039976;35639.48247039976;35639.48247039976;35639.48247039976;35639.48247039976;35639.48247039976;35639.48247039976;35639.48247039976;35639.48247039976;35639.48247039976;35639.48247039976;35639.48247039976;35639.48247039976;35639.48247039976;35639.48247039976;35639.48247039976;35639.48247039976;35639.48247039976;35639.48247039976;35639.48247039976;35639.48247039976;35639.48247039976;35639.48247039976;35639.48247039976;35639.48247039976;35639.48247039976;35639.48247039976;35639.48247039976;35639.48247039976;35639.48247039976;35639.48247039976;35639.48247039976;35639.48247039976;35639.48247039976;35639.48247039976;
22680.0;35640.0;35640.0;35640.0;35640.0;35639.48247039976;35639.48247039976;35639.48247039976;35639.48247039976;35639.48247039976;35639.48247039976;35639.48247039976;35639.48247039976;35639.48247039976;35639.48247039976;35639.48247039976;35639.48247039976;35639.48247039976;35639.48247039976;35639.48247039976;35639.48247039976;35639.48247039976;35639.48247039976;35639.48247039976;35639.48247039976;35639.48247039976;35639.48247039976;35639.48247039976;35639.48247039976;35639.48247039976;35639.48247039976;35639.48247039976;35639.48247039976;35639.48247039976;35639.48247039976;35639.48247039976;35639.48247039976;35639.48247039976;35639.48247039976;35639.48247039976;35639.48247039976;35639.48247039976;35639.48247039976;35639.48247039976;35639.48247039976;
22800.0;35640.0;35640.0;35640.0;35640.0;35639.48247039976;35639.48247039976;35639.48247039976;35639.48247039976;35639.48247039976;35639.48247039976;35639.48247039976;35639.48247039976;35639.48247039976;35639.48247039976;35639.48247039976;35639.48247039976;35639.48247039976;35639.48247039976;35639.48247039976;35639.48247039976;35639.48247039976;35639.48247039976;35639.48247039976;35639.48247039976;35639.48247039976;35639.48247039976;35639.48247039976;35639.48247039976;35639.48247039976;35639.48247039976;35639.48247039976;35639.48247039976;35639.48247039976;35639.48247039976;35639.48247039976;35639.48247039976;35639.48247039976;35639.48247039976;35639.48247039976;35639.48247039976;35639.48247039976;35639.48247039976;35639.48247039976;35639.48247039976;
22800.0;35640.0;35640.0;35640.0;35640.0;35639.475660799755;35639.475660799755;35639.475660799755;35639.475660799755;35639.475660799755;35639.475660799755;35639.475660799755;35639.475660799755;35639.475660799755;35639.475660799755;35639.475660799755;35639.475660799755;35639.475660799755;35639.475660799755;35639.475660799755;35639.475660799755;35639.475660799755;35639.475660799755;35639.475660799755;35639.475660799755;35639.475660799755;35639.475660799755;35639.475660799755;35639.475660799755;35639.475660799755;35639.475660799755;35639.475660799755;35639.475660799755;35639.475660799755;35639.475660799755;35639.475660799755;35639.475660799755;35639.475660799755;35639.475660799755;35639.475660799755;35639.475660799755;35639.475660799755;35639.475660799755;35639.475660799755;35639.475660799755;
22800.38454279444;35640.0;35640.0;35640.0;35640.0;35639.475660799755;35639.475660799755;35639.475660799755;35639.475660799755;35639.475660799755;35639.475660799755;35639.475660799755;35639.475660799755;35639.475660799755;35639.475660799755;35639.475660799755;35639.475660799755;35639.475660799755;35639.475660799755;35639.475660799755;35639.475660799755;35639.475660799755;35639.475660799755;35639.475660799755;35639.475660799755;35639.475660799755;35639.475660799755;35639.475660799755;35639.475660799755;35639.475660799755;35639.475660799755;35639.475660799755;35639.475660799755;35639.475660799755;35639.475660799755;35639.475660799755;35639.475660799755;35639.475660799755;35639.475660799755;35639.475660799755;35639.475660799755;35639.475660799755;35639.475660799755;35639.475660799755;35639.475660799755;
23100.0;35640.0;35640.0;35640.0;35640.0;35639.475660799755;35639.475660799755;35639.475660799755;35639.475660799755;35639.475660799755;35639.475660799755;35639.475660799755;35639.475660799755;35639.475660799755;35639.475660799755;35639.475660799755;35639.475660799755;35639.475660799755;35639.475660799755;35639.475660799755;35639.475660799755;35639.475660799755;35639.475660799755;35639.475660799755;35639.475660799755;35639.475660799755;35639.475660799755;35639.475660799755;35639.475660799755;35639.475660799755;35639.475660799755;35639.475660799755;35639.475660799755;35639.475660799755;35639.475660799755;35639.475660799755;35639.475660799755;35639.475660799755;35639.475660799755;35639.475660799755;35639.475660799755;35639.475660799755;35639.475660799755;35639.475660799755;35639.475660799755;
23100.0;35640.0;35640.0;35640.0;35640.0;35639.46885119975;35639.46885119975;35639.46885119975;35639.46885119975;35639.46885119975;35639.46885119975;35639.46885119975;35639.46885119975;35639.46885119975;35639.46885119975;35639.46885119975;35639.46885119975;35639.46885119975;35639.46885119975;35639.46885119975;35639.46885119975;35639.46885119975;35639.46885119975;35639.46885119975;35639.46885119975;35639.46885119975;35639.46885119975;35639.46885119975;35639.46885119975;35639.46885119975;35639.46885119975;35639.46885119975;35639.46885119975;35639.46885119975;35639.46885119975;35639.46885119975;35639.46885119975;35639.46885119975;35639.46885119975;35639.46885119975;35639.46885119975;35639.46885119975;35639.46885119975;35639.46885119975;35639.46885119975;
23100.38454279444;35640.0;35640.0;35640.0;35640.0;35639.46885119975;35639.46885119975;35639.46885119975;35639.46885119975;35639.46885119975;35639.46885119975;35639.46885119975;35639.46885119975;35639.46885119975;35639.46885119975;35639.46885119975;35639.46885119975;35639.46885119975;35639.46885119975;35639.46885119975;35639.46885119975;35639.46885119975;35639.46885119975;35639.46885119975;35639.46885119975;35639.46885119975;35639.46885119975;35639.46885119975;35639.46885119975;35639.46885119975;35639.46885119975;35639.46885119975;35639.46885119975;35639.46885119975;35639.46885119975;35639.46885119975;35639.46885119975;35639.46885119975;35639.46885119975;35639.46885119975;35639.46885119975;35639.46885119975;35639.46885119975;35639.46885119975;35639.46885119975;
23400.0;35640.0;35640.0;35640.0;35640.0;35639.46885119975;35639.46885119975;35639.46885119975;35639.46885119975;35639.46885119975;35639.46885119975;35639.46885119975;35639.46885119975;35639.46885119975;35639.46885119975;35639.46885119975;35639.46885119975;35639.46885119975;35639.46885119975;35639.46885119975;35639.46885119975;35639.46885119975;35639.46885119975;35639.46885119975;35639.46885119975;35639.46885119975;35639.46885119975;35639.46885119975;35639.46885119975;35639.46885119975;35639.46885119975;35639.46885119975;35639.46885119975;35639.46885119975;35639.46885119975;35639.46885119975;35639.46885119975;35639.46885119975;35639.46885119975;35639.46885119975;35639.46885119975;35639.46885119975;35639.46885119975;35639.46885119975;35639.46885119975;
23400.0;35640.0;35640.0;35640.0;35640.0;35639.46204159975;35639.46204159975;35639.46204159975;35639.46204159975;35639.46204159975;35639.46204159975;35639.46204159975;35639.46204159975;35639.46204159975;35639.46204159975;35639.46204159975;35639.46204159975;35639.46204159975;35639.46204159975;35639.46204159975;35639.46204159975;35639.46204159975;35639.46204159975;35639.46204159975;35639.46204159975;35639.46204159975;35639.46204159975;35639.46204159975;35639.46204159975;35639.46204159975;35639.46204159975;35639.46204159975;35639.46204159975;35639.46204159975;35639.46204159975;35639.46204159975;35639.46204159975;35639.46204159975;35639.46204159975;35639.46204159975;35639.46204159975;35639.46204159975;35639.46204159975;35639.46204159975;35639.46204159975;
23400.38454279444;35640.0;35640.0;35640.0;35640.0;35639.46204159975;35639.46204159975;35639.46204159975;35639.46204159975;35639.46204159975;35639.46204159975;35639.46204159975;35639.46204159975;35639.46204159975;35639.46204159975;35639.46204159975;35639.46204159975;35639.46204159975;35639.46204159975;35639.46204159975;35639.46204159975;35639.46204159975;35639.46204159975;35639.46204159975;35639.46204159975;35639.46204159975;35639.46204159975;35639.46204159975;35639.46204159975;35639.46204159975;35639.46204159975;35639.46204159975;35639.46204159975;35639.46204159975;35639.46204159975;35639.46204159975;35639.46204159975;35639.46204159975;35639.46204159975;35639.46204159975;35639.46204159975;35639.46204159975;35639.46204159975;35639.46204159975;35639.46204159975;
23700.0;35640.0;35640.0;35640.0;35640.0;35639.46204159975;35639.46204159975;35639.46204159975;35639.46204159975;35639.46204159975;35639.46204159975;35639.46204159975;35639.46204159975;35639.46204159975;35639.46204159975;35639.46204159975;35639.46204159975;35639.46204159975;35639.46204159975;35639.46204159975;35639.46204159975;35639.46204159975;35639.46204159975;35639.46204159975;35639.46204159975;35639.46204159975;35639.46204159975;35639.46204159975;35639.46204159975;35639.46204159975;35639.46204159975;35639.46204159975;35639.46204159975;35639.46204159975;35639.46204159975;35639.46204159975;35639.46204159975;35639.46204159975;35639.46204159975;35639.46204159975;35639.46204159975;35639.46204159975;35639.46204159975;35639.46204159975;35639.46204159975;
23700.0;35640.0;35640.0;35640.0;35640.0;35639.455231999746;35639.455231999746;35639.455231999746;35639.455231999746;35639.455231999746;35639.455231999746;35639.455231999746;35639.455231999746;35639.455231999746;35639.455231999746;35639.455231999746;35639.455231999746;35639.455231999746;35639.455231999746;35639.455231999746;35639.455231999746;35639.455231999746;35639.455231999746;35639.455231999746;35639.455231999746;35639.455231999746;35639.455231999746;35639.455231999746;35639.455231999746;35639.455231999746;35639.455231999746;35639.455231999746;35639.455231999746;35639.455231999746;35639.455231999746;35639.455231999746;35639.455231999746;35639.455231999746;35639.455231999746;35639.455231999746;35639.455231999746;35639.455231999746;35639.455231999746;35639.455231999746;35639.455231999746;
23700.38454279444;35640.0;35640.0;35640.0;35640.0;35639.455231999746;35639.455231999746;35639.455231999746;35639.455231999746;35639.455231999746;35639.455231999746;35639.455231999746;35639.455231999746;35639.455231999746;35639.455231999746;35639.455231999746;35639.455231999746;35639.455231999746;35639.455231999746;35639.455231999746;35639.455231999746;35639.455231999746;35639.455231999746;35639.455231999746;35639.455231999746;35639.455231999746;35639.455231999746;35639.455231999746;35639.455231999746;35639.455231999746;35639.455231999746;35639.455231999746;35639.455231999746;35639.455231999746;35639.455231999746;35639.455231999746;35639.455231999746;35639.455231999746;35639.455231999746;35639.455231999746;35639.455231999746;35639.455231999746;35639.455231999746;35639.455231999746;35639.455231999746;
24000.0;35640.0;35640.0;35640.0;35640.0;35639.455231999746;35639.455231999746;35639.455231999746;35639.455231999746;35639.455231999746;35639.455231999746;35639.455231999746;35639.455231999746;35639.455231999746;35639.455231999746;35639.455231999746;35639.455231999746;35639.455231999746;35639.455231999746;35639.455231999746;35639.455231999746;35639.455231999746;35639.455231999746;35639.455231999746;35639.455231999746;35639.455231999746;35639.455231999746;35639.455231999746;35639.455231999746;35639.455231999746;35639.455231999746;35639.455231999746;35639.455231999746;35639.455231999746;35639.455231999746;35639.455231999746;35639.455231999746;35639.455231999746;35639.455231999746;35639.455231999746;35639.455231999746;35639.455231999746;35639.455231999746;35639.455231999746;35639.455231999746;
24000.0;35640.0;35640.0;35640.0;35640.0;35639.44842239974;35639.44842239974;35639.44842239974;35639.44842239974;35639.44842239974;35639.44842239974;35639.44842239974;35639.44842239974;35639.44842239974;35639.44842239974;35639.44842239974;35639.44842239974;35639.44842239974;35639.44842239974;35639.44842239974;35639.44842239974;35639.44842239974;35639.44842239974;35639.44842239974;35639.44842239974;35639.44842239974;35639.44842239974;35639.44842239974;35639.44842239974;35639.44842239974;35639.44842239974;35639.44842239974;35639.44842239974;35639.44842239974;35639.44842239974;35639.44842239974;35639.44842239974;35639.44842239974;35639.44842239974;35639.44842239974;35639.44842239974;35639.44842239974;35639.44842239974;35639.44842239974;35639.44842239974;
24000.38454279444;35640.0;35640.0;35640.0;35640.0;35639.44842239974;35639.44842239974;35639.44842239974;35639.44842239974;35639.44842239974;35639.44842239974;35639.44842239974;35639.44842239974;35639.44842239974;35639.44842239974;35639.44842239974;35639.44842239974;35639.44842239974;35639.44842239974;35639.44842239974;35639.44842239974;35639.44842239974;35639.44842239974;35639.44842239974;35639.44842239974;35639.44842239974;35639.44842239974;35639.44842239974;35639.44842239974;35639.44842239974;35639.44842239974;35639.44842239974;35639.44842239974;35639.44842239974;35639.44842239974;35639.44842239974;35639.44842239974;35639.44842239974;35639.44842239974;35639.44842239974;35639.44842239974;35639.44842239974;35639.44842239974;35639.44842239974;35639.44842239974;
24300.0;35640.0;35640.0;35640.0;35640.0;35639.44842239974;35639.44842239974;35639.44842239974;35639.44842239974;35639.44842239974;35639.44842239974;35639.44842239974;35639.44842239974;35639.44842239974;35639.44842239974;35639.44842239974;35639.44842239974;35639.44842239974;35639.44842239974;35639.44842239974;35639.44842239974;35639.44842239974;35639.44842239974;35639.44842239974;35639.44842239974;35639.44842239974;35639.44842239974;35639.44842239974;35639.44842239974;35639.44842239974;35639.44842239974;35639.44842239974;35639.44842239974;35639.44842239974;35639.44842239974;35639.44842239974;35639.44842239974;35639.44842239974;35639.44842239974;35639.44842239974;35639.44842239974;35639.44842239974;35639.44842239974;35639.44842239974;35639.44842239974;
24300.0;35640.0;35640.0;35640.0;35640.0;35639.44161279974;35639.44161279974;35639.44161279974;35639.44161279974;35639.44161279974;35639.44161279974;35639.44161279974;35639.44161279974;35639.44161279974;35639.44161279974;35639.44161279974;35639.44161279974;35639.44161279974;35639.44161279974;35639.44161279974;35639.44161279974;35639.44161279974;35639.44161279974;35639.44161279974;35639.44161279974;35639.44161279974;35639.44161279974;35639.44161279974;35639.44161279974;35639.44161279974;35639.44161279974;35639.44161279974;35639.44161279974;35639.44161279974;35639.44161279974;35639.44161279974;35639.44161279974;35639.44161279974;35639.44161279974;35639.44161279974;35639.44161279974;35639.44161279974;35639.44161279974;35639.44161279974;35639.44161279974;
24300.38454279444;35640.0;35640.0;35640.0;35640.0;35639.44161279974;35639.44161279974;35639.44161279974;35639.44161279974;35639.44161279974;35639.44161279974;35639.44161279974;35639.44161279974;35639.44161279974;35639.44161279974;35639.44161279974;35639.44161279974;35639.44161279974;35639.44161279974;35639.44161279974;35639.44161279974;35639.44161279974;35639.44161279974;35639.44161279974;35639.44161279974;35639.44161279974;35639.44161279974;35639.44161279974;35639.44161279974;35639.44161279974;35639.44161279974;35639.44161279974;35639.44161279974;35639.44161279974;35639.44161279974;35639.44161279974;35639.44161279974;35639.44161279974;35639.44161279974;35639.44161279974;35639.44161279974;35639.44161279974;35639.44161279974;35639.44161279974;35639.44161279974;
24360.0;35640.0;35640.0;35640.0;35640.0;35639.44161279974;35639.44161279974;35639.44161279974;35639.44161279974;35639.44161279974;35639.44161279974;35639.44161279974;35639.44161279974;35639.44161279974;35639.44161279974;35639.44161279974;35639.44161279974;35639.44161279974;35639.44161279974;35639.44161279974;35639.44161279974;35639.44161279974;35639.44161279974;35639.44161279974;35639.44161279974;35639.44161279974;35639.44161279974;35639.44161279974;35639.44161279974;35639.44161279974;35639.44161279974;35639.44161279974;35639.44161279974;35639.44161279974;35639.44161279974;35639.44161279974;35639.44161279974;35639.44161279974;35639.44161279974;35639.44161279974;35639.44161279974;35639.44161279974;35639.44161279974;35639.44161279974;35639.44161279974;
24600.0;35640.0;35640.0;35640.0;35640.0;35639.44161279974;35639.44161279974;35639.44161279974;35639.44161279974;35639.44161279974;35639.44161279974;35639.44161279974;35639.44161279974;35639.44161279974;35639.44161279974;35639.44161279974;35639.44161279974;35639.44161279974;35639.44161279974;35639.44161279974;35639.44161279974;35639.44161279974;35639.44161279974;35639.44161279974;35639.44161279974;35639.44161279974;35639.44161279974;35639.44161279974;35639.44161279974;35639.44161279974;35639.44161279974;35639.44161279974;35639.44161279974;35639.44161279974;35639.44161279974;35639.44161279974;35639.44161279974;35639.44161279974;35639.44161279974;35639.44161279974;35639.44161279974;35639.44161279974;35639.44161279974;35639.44161279974;35639.44161279974;
24600.0;35640.0;35640.0;35640.0;35640.0;35639.434803199736;35639.434803199736;35639.434803199736;35639.434803199736;35639.434803199736;35639.434803199736;35639.434803199736;35639.434803199736;35639.434803199736;35639.434803199736;35639.434803199736;35639.434803199736;35639.434803199736;35639.434803199736;35639.434803199736;35639.434803199736;35639.434803199736;35639.434803199736;35639.434803199736;35639.434803199736;35639.434803199736;35639.434803199736;35639.434803199736;35639.434803199736;35639.434803199736;35639.434803199736;35639.434803199736;35639.434803199736;35639.434803199736;35639.434803199736;35639.434803199736;35639.434803199736;35639.434803199736;35639.434803199736;35639.434803199736;35639.434803199736;35639.434803199736;35639.434803199736;35639.434803199736;35639.434803199736;
24600.38454279444;35640.0;35640.0;35640.0;35640.0;35639.434803199736;35639.434803199736;35639.434803199736;35639.434803199736;35639.434803199736;35639.434803199736;35639.434803199736;35639.434803199736;35639.434803199736;35639.434803199736;35639.434803199736;35639.434803199736;35639.434803199736;35639.434803199736;35639.434803199736;35639.434803199736;35639.434803199736;35639.434803199736;35639.434803199736;35639.434803199736;35639.434803199736;35639.434803199736;35639.434803199736;35639.434803199736;35639.434803199736;35639.434803199736;35639.434803199736;35639.434803199736;35639.434803199736;35639.434803199736;35639.434803199736;35639.434803199736;35639.434803199736;35639.434803199736;35639.434803199736;35639.434803199736;35639.434803199736;35639.434803199736;35639.434803199736;35639.434803199736;
24900.0;35640.0;35640.0;35640.0;35640.0;35639.434803199736;35639.434803199736;35639.434803199736;35639.434803199736;35639.434803199736;35639.434803199736;35639.434803199736;35639.434803199736;35639.434803199736;35639.434803199736;35639.434803199736;35639.434803199736;35639.434803199736;35639.434803199736;35639.434803199736;35639.434803199736;35639.434803199736;35639.434803199736;35639.434803199736;35639.434803199736;35639.434803199736;35639.434803199736;35639.434803199736;35639.434803199736;35639.434803199736;35639.434803199736;35639.434803199736;35639.434803199736;35639.434803199736;35639.434803199736;35639.434803199736;35639.434803199736;35639.434803199736;35639.434803199736;35639.434803199736;35639.434803199736;35639.434803199736;35639.434803199736;35639.434803199736;35639.434803199736;
24900.0;35640.0;35640.0;35640.0;35640.0;35639.42799359973;35639.42799359973;35639.42799359973;35639.42799359973;35639.42799359973;35639.42799359973;35639.42799359973;35639.42799359973;35639.42799359973;35639.42799359973;35639.42799359973;35639.42799359973;35639.42799359973;35639.42799359973;35639.42799359973;35639.42799359973;35639.42799359973;35639.42799359973;35639.42799359973;35639.42799359973;35639.42799359973;35639.42799359973;35639.42799359973;35639.42799359973;35639.42799359973;35639.42799359973;35639.42799359973;35639.42799359973;35639.42799359973;35639.42799359973;35639.42799359973;35639.42799359973;35639.42799359973;35639.42799359973;35639.42799359973;35639.42799359973;35639.42799359973;35639.42799359973;35639.42799359973;35639.42799359973;
24900.38454279444;35640.0;35640.0;35640.0;35640.0;35639.42799359973;35639.42799359973;35639.42799359973;35639.42799359973;35639.42799359973;35639.42799359973;35639.42799359973;35639.42799359973;35639.42799359973;35639.42799359973;35639.42799359973;35639.42799359973;35639.42799359973;35639.42799359973;35639.42799359973;35639.42799359973;35639.42799359973;35639.42799359973;35639.42799359973;35639.42799359973;35639.42799359973;35639.42799359973;35639.42799359973;35639.42799359973;35639.42799359973;35639.42799359973;35639.42799359973;35639.42799359973;35639.42799359973;35639.42799359973;35639.42799359973;35639.42799359973;35639.42799359973;35639.42799359973;35639.42799359973;35639.42799359973;35639.42799359973;35639.42799359973;35639.42799359973;35639.42799359973;
25200.0;35640.0;35640.0;35640.0;35640.0;35639.42799359973;35639.42799359973;35639.42799359973;35639.42799359973;35639.42799359973;35639.42799359973;35639.42799359973;35639.42799359973;35639.42799359973;35639.42799359973;35639.42799359973;35639.42799359973;35639.42799359973;35639.42799359973;35639.42799359973;35639.42799359973;35639.42799359973;35639.42799359973;35639.42799359973;35639.42799359973;35639.42799359973;35639.42799359973;35639.42799359973;35639.42799359973;35639.42799359973;35639.42799359973;35639.42799359973;35639.42799359973;35639.42799359973;35639.42799359973;35639.42799359973;35639.42799359973;35639.42799359973;35639.42799359973;35639.42799359973;35639.42799359973;35639.42799359973;35639.42799359973;35639.42799359973;35639.42799359973;
25200.0;35640.0;35640.0;35640.0;35640.0;35639.42118399973;35639.42118399973;35639.42118399973;35639.42118399973;35639.42118399973;35639.42118399973;35639.42118399973;35639.42118399973;35639.42118399973;35639.42118399973;35639.42118399973;35639.42118399973;35639.42118399973;35639.42118399973;35639.42118399973;35639.42118399973;35639.42118399973;35639.42118399973;35639.42118399973;35639.42118399973;35639.42118399973;35639.42118399973;35639.42118399973;35639.42118399973;35639.42118399973;35639.42118399973;35639.42118399973;35639.42118399973;35639.42118399973;35639.42118399973;35639.42118399973;35639.42118399973;35639.42118399973;35639.42118399973;35639.42118399973;35639.42118399973;35639.42118399973;35639.42118399973;35639.42118399973;35639.42118399973;
25200.38454279444;35640.0;35640.0;35640.0;35640.0;35639.42118399973;35639.42118399973;35639.42118399973;35639.42118399973;35639.42118399973;35639.42118399973;35639.42118399973;35639.42118399973;35639.42118399973;35639.42118399973;35639.42118399973;35639.42118399973;35639.42118399973;35639.42118399973;35639.42118399973;35639.42118399973;35639.42118399973;35639.42118399973;35639.42118399973;35639.42118399973;35639.42118399973;35639.42118399973;35639.42118399973;35639.42118399973;35639.42118399973;35639.42118399973;35639.42118399973;35639.42118399973;35639.42118399973;35639.42118399973;35639.42118399973;35639.42118399973;35639.42118399973;35639.42118399973;35639.42118399973;35639.42118399973;35639.42118399973;35639.42118399973;35639.42118399973;35639.42118399973;
25500.0;35640.0;35640.0;35640.0;35640.0;35639.42118399973;35639.42118399973;35639.42118399973;35639.42118399973;35639.42118399973;35639.42118399973;35639.42118399973;35639.42118399973;35639.42118399973;35639.42118399973;35639.42118399973;35639.42118399973;35639.42118399973;35639.42118399973;35639.42118399973;35639.42118399973;35639.42118399973;35639.42118399973;35639.42118399973;35639.42118399973;35639.42118399973;35639.42118399973;35639.42118399973;35639.42118399973;35639.42118399973;35639.42118399973;35639.42118399973;35639.42118399973;35639.42118399973;35639.42118399973;35639.42118399973;35639.42118399973;35639.42118399973;35639.42118399973;35639.42118399973;35639.42118399973;35639.42118399973;35639.42118399973;35639.42118399973;35639.42118399973;
25500.0;35640.0;35640.0;35640.0;35640.0;35639.41437439973;35639.41437439973;35639.41437439973;35639.41437439973;35639.41437439973;35639.41437439973;35639.41437439973;35639.41437439973;35639.41437439973;35639.41437439973;35639.41437439973;35639.41437439973;35639.41437439973;35639.41437439973;35639.41437439973;35639.41437439973;35639.41437439973;35639.41437439973;35639.41437439973;35639.41437439973;35639.41437439973;35639.41437439973;35639.41437439973;35639.41437439973;35639.41437439973;35639.41437439973;35639.41437439973;35639.41437439973;35639.41437439973;35639.41437439973;35639.41437439973;35639.41437439973;35639.41437439973;35639.41437439973;35639.41437439973;35639.41437439973;35639.41437439973;35639.41437439973;35639.41437439973;35639.41437439973;
25500.38454279444;35640.0;35640.0;35640.0;35640.0;35639.41437439973;35639.41437439973;35639.41437439973;35639.41437439973;35639.41437439973;35639.41437439973;35639.41437439973;35639.41437439973;35639.41437439973;35639.41437439973;35639.41437439973;35639.41437439973;35639.41437439973;35639.41437439973;35639.41437439973;35639.41437439973;35639.41437439973;35639.41437439973;35639.41437439973;35639.41437439973;35639.41437439973;35639.41437439973;35639.41437439973;35639.41437439973;35639.41437439973;35639.41437439973;35639.41437439973;35639.41437439973;35639.41437439973;35639.41437439973;35639.41437439973;35639.41437439973;35639.41437439973;35639.41437439973;35639.41437439973;35639.41437439973;35639.41437439973;35639.41437439973;35639.41437439973;35639.41437439973;
25800.0;35640.0;35640.0;35640.0;35640.0;35639.41437439973;35639.41437439973;35639.41437439973;35639.41437439973;35639.41437439973;35639.41437439973;35639.41437439973;35639.41437439973;35639.41437439973;35639.41437439973;35639.41437439973;35639.41437439973;35639.41437439973;35639.41437439973;35639.41437439973;35639.41437439973;35639.41437439973;35639.41437439973;35639.41437439973;35639.41437439973;35639.41437439973;35639.41437439973;35639.41437439973;35639.41437439973;35639.41437439973;35639.41437439973;35639.41437439973;35639.41437439973;35639.41437439973;35639.41437439973;35639.41437439973;35639.41437439973;35639.41437439973;35639.41437439973;35639.41437439973;35639.41437439973;35639.41437439973;35639.41437439973;35639.41437439973;35639.41437439973;
25800.0;35640.0;35640.0;35640.0;35640.0;35639.40756479972;35639.40756479972;35639.40756479972;35639.40756479972;35639.40756479972;35639.40756479972;35639.40756479972;35639.40756479972;35639.40756479972;35639.40756479972;35639.40756479972;35639.40756479972;35639.40756479972;35639.40756479972;35639.40756479972;35639.40756479972;35639.40756479972;35639.40756479972;35639.40756479972;35639.40756479972;35639.40756479972;35639.40756479972;35639.40756479972;35639.40756479972;35639.40756479972;35639.40756479972;35639.40756479972;35639.40756479972;35639.40756479972;35639.40756479972;35639.40756479972;35639.40756479972;35639.40756479972;35639.40756479972;35639.40756479972;35639.40756479972;35639.40756479972;35639.40756479972;35639.40756479972;35639.40756479972;
25800.38454279444;35640.0;35640.0;35640.0;35640.0;35639.40756479972;35639.40756479972;35639.40756479972;35639.40756479972;35639.40756479972;35639.40756479972;35639.40756479972;35639.40756479972;35639.40756479972;35639.40756479972;35639.40756479972;35639.40756479972;35639.40756479972;35639.40756479972;35639.40756479972;35639.40756479972;35639.40756479972;35639.40756479972;35639.40756479972;35639.40756479972;35639.40756479972;35639.40756479972;35639.40756479972;35639.40756479972;35639.40756479972;35639.40756479972;35639.40756479972;35639.40756479972;35639.40756479972;35639.40756479972;35639.40756479972;35639.40756479972;35639.40756479972;35639.40756479972;35639.40756479972;35639.40756479972;35639.40756479972;35639.40756479972;35639.40756479972;35639.40756479972;
26100.0;35640.0;35640.0;35640.0;35640.0;35639.40756479972;35639.40756479972;35639.40756479972;35639.40756479972;35639.40756479972;35639.40756479972;35639.40756479972;35639.40756479972;35639.40756479972;35639.40756479972;35639.40756479972;35639.40756479972;35639.40756479972;35639.40756479972;35639.40756479972;35639.40756479972;35639.40756479972;35639.40756479972;35639.40756479972;35639.40756479972;35639.40756479972;35639.40756479972;35639.40756479972;35639.40756479972;35639.40756479972;35639.40756479972;35639.40756479972;35639.40756479972;35639.40756479972;35639.40756479972;35639.40756479972;35639.40756479972;35639.40756479972;35639.40756479972;35639.40756479972;35639.40756479972;35639.40756479972;35639.40756479972;35639.40756479972;35639.40756479972;
26100.0;35640.0;35640.0;35640.0;35640.0;35639.40075519972;35639.40075519972;35639.40075519972;35639.40075519972;35639.40075519972;35639.40075519972;35639.40075519972;35639.40075519972;35639.40075519972;35639.40075519972;35639.40075519972;35639.40075519972;35639.40075519972;35639.40075519972;35639.40075519972;35639.40075519972;35639.40075519972;35639.40075519972;35639.40075519972;35639.40075519972;35639.40075519972;35639.40075519972;35639.40075519972;35639.40075519972;35639.40075519972;35639.40075519972;35639.40075519972;35639.40075519972;35639.40075519972;35639.40075519972;35639.40075519972;35639.40075519972;35639.40075519972;35639.40075519972;35639.40075519972;35639.40075519972;35639.40075519972;35639.40075519972;35639.40075519972;35639.40075519972;
26100.0;35640.0;35640.0;35640.0;35640.0;35639.40075519972;35639.40075519972;35639.40075519972;35639.40075519972;35639.40075519972;35639.40075519972;35639.40075519972;35639.40075519972;35639.40075519972;35639.40075519972;35639.40075519972;35639.40075519972;35639.40075519972;35639.40075519972;35639.40075519972;35639.40075519972;35639.40075519972;35639.40075519972;35639.40075519972;35639.40075519972;35639.40075519972;35639.40075519972;35639.40075519972;35639.40075519972;35639.40075519972;35639.40075519972;35639.40075519972;35639.40075519972;35639.40075519972;35639.40075519972;35639.40075519972;35639.40075519972;35639.40075519972;35639.40075519972;35639.40075519972;35639.40075519972;35639.40075519972;35639.40075519972;35639.40075519972;35639.40075519972;
26100.38454279444;35640.0;35640.0;35640.0;35640.0;35639.40075519972;35639.40075519972;35639.40075519972;35639.40075519972;35639.40075519972;35639.40075519972;35639.40075519972;35639.40075519972;35639.40075519972;35639.40075519972;35639.40075519972;35639.40075519972;35639.40075519972;35639.40075519972;35639.40075519972;35639.40075519972;35639.40075519972;35639.40075519972;35639.40075519972;35639.40075519972;35639.40075519972;35639.40075519972;35639.40075519972;35639.40075519972;35639.40075519972;35639.40075519972;35639.40075519972;35639.40075519972;35639.40075519972;35639.40075519972;35639.40075519972;35639.40075519972;35639.40075519972;35639.40075519972;35639.40075519972;35639.40075519972;35639.40075519972;35639.40075519972;35639.40075519972;35639.40075519972;
26400.0;35640.0;35640.0;35640.0;35640.0;35639.40075519972;35639.40075519972;35639.40075519972;35639.40075519972;35639.40075519972;35639.40075519972;35639.40075519972;35639.40075519972;35639.40075519972;35639.40075519972;35639.40075519972;35639.40075519972;35639.40075519972;35639.40075519972;35639.40075519972;35639.40075519972;35639.40075519972;35639.40075519972;35639.40075519972;35639.40075519972;35639.40075519972;35639.40075519972;35639.40075519972;35639.40075519972;35639.40075519972;35639.40075519972;35639.40075519972;35639.40075519972;35639.40075519972;35639.40075519972;35639.40075519972;35639.40075519972;35639.40075519972;35639.40075519972;35639.40075519972;35639.40075519972;35639.40075519972;35639.40075519972;35639.40075519972;35639.40075519972;
26400.0;35640.0;35640.0;35640.0;35640.0;35639.39394559972;35639.39394559972;35639.39394559972;35639.39394559972;35639.39394559972;35639.39394559972;35639.39394559972;35639.39394559972;35639.39394559972;35639.39394559972;35639.39394559972;35639.39394559972;35639.39394559972;35639.39394559972;35639.39394559972;35639.39394559972;35639.39394559972;35639.39394559972;35639.39394559972;35639.39394559972;35639.39394559972;35639.39394559972;35639.39394559972;35639.39394559972;35639.39394559972;35639.39394559972;35639.39394559972;35639.39394559972;35639.39394559972;35639.39394559972;35639.39394559972;35639.39394559972;35639.39394559972;35639.39394559972;35639.39394559972;35639.39394559972;35639.39394559972;35639.39394559972;35639.39394559972;35639.39394559972;
26400.38454279444;35640.0;35640.0;35640.0;35640.0;35639.39394559972;35639.39394559972;35639.39394559972;35639.39394559972;35639.39394559972;35639.39394559972;35639.39394559972;35639.39394559972;35639.39394559972;35639.39394559972;35639.39394559972;35639.39394559972;35639.39394559972;35639.39394559972;35639.39394559972;35639.39394559972;35639.39394559972;35639.39394559972;35639.39394559972;35639.39394559972;35639.39394559972;35639.39394559972;35639.39394559972;35639.39394559972;35639.39394559972;35639.39394559972;35639.39394559972;35639.39394559972;35639.39394559972;35639.39394559972;35639.39394559972;35639.39394559972;35639.39394559972;35639.39394559972;35639.39394559972;35639.39394559972;35639.39394559972;35639.39394559972;35639.39394559972;35639.39394559972;
26700.0;35640.0;35640.0;35640.0;35640.0;35639.39394559972;35639.39394559972;35639.39394559972;35639.39394559972;35639.39394559972;35639.39394559972;35639.39394559972;35639.39394559972;35639.39394559972;35639.39394559972;35639.39394559972;35639.39394559972;35639.39394559972;35639.39394559972;35639.39394559972;35639.39394559972;35639.39394559972;35639.39394559972;35639.39394559972;35639.39394559972;35639.39394559972;35639.39394559972;35639.39394559972;35639.39394559972;35639.39394559972;35639.39394559972;35639.39394559972;35639.39394559972;35639.39394559972;35639.39394559972;35639.39394559972;35639.39394559972;35639.39394559972;35639.39394559972;35639.39394559972;35639.39394559972;35639.39394559972;35639.39394559972;35639.39394559972;35639.39394559972;
26700.0;35640.0;35640.0;35640.0;35640.0;35639.387135999714;35639.387135999714;35639.387135999714;35639.387135999714;35639.387135999714;35639.387135999714;35639.387135999714;35639.387135999714;35639.387135999714;35639.387135999714;35639.387135999714;35639.387135999714;35639.387135999714;35639.387135999714;35639.387135999714;35639.387135999714;35639.387135999714;35639.387135999714;35639.387135999714;35639.387135999714;35639.387135999714;35639.387135999714;35639.387135999714;35639.387135999714;35639.387135999714;35639.387135999714;35639.387135999714;35639.387135999714;35639.387135999714;35639.387135999714;35639.387135999714;35639.387135999714;35639.387135999714;35639.387135999714;35639.387135999714;35639.387135999714;35639.387135999714;35639.387135999714;35639.387135999714;35639.387135999714;
26700.38454279444;35640.0;35640.0;35640.0;35640.0;35639.387135999714;35639.387135999714;35639.387135999714;35639.387135999714;35639.387135999714;35639.387135999714;35639.387135999714;35639.387135999714;35639.387135999714;35639.387135999714;35639.387135999714;35639.387135999714;35639.387135999714;35639.387135999714;35639.387135999714;35639.387135999714;35639.387135999714;35639.387135999714;35639.387135999714;35639.387135999714;35639.387135999714;35639.387135999714;35639.387135999714;35639.387135999714;35639.387135999714;35639.387135999714;35639.387135999714;35639.387135999714;35639.387135999714;35639.387135999714;35639.387135999714;35639.387135999714;35639.387135999714;35639.387135999714;35639.387135999714;35639.387135999714;35639.387135999714;35639.387135999714;35639.387135999714;35639.387135999714;
27000.0;35640.0;35640.0;35640.0;35640.0;35639.387135999714;35639.387135999714;35639.387135999714;35639.387135999714;35639.387135999714;35639.387135999714;35639.387135999714;35639.387135999714;35639.387135999714;35639.387135999714;35639.387135999714;35639.387135999714;35639.387135999714;35639.387135999714;35639.387135999714;35639.387135999714;35639.387135999714;35639.387135999714;35639.387135999714;35639.387135999714;35639.387135999714;35639.387135999714;35639.387135999714;35639.387135999714;35639.387135999714;35639.387135999714;35639.387135999714;35639.387135999714;35639.387135999714;35639.387135999714;35639.387135999714;35639.387135999714;35639.387135999714;35639.387135999714;35639.387135999714;35639.387135999714;35639.387135999714;35639.387135999714;35639.387135999714;35639.387135999714;
27000.0;35640.0;35640.0;35640.0;35640.0;35639.38032639971;35639.38032639971;35639.38032639971;35639.38032639971;35639.38032639971;35639.38032639971;35639.38032639971;35639.38032639971;35639.38032639971;35639.38032639971;35639.38032639971;35639.38032639971;35639.38032639971;35639.38032639971;35639.38032639971;35639.38032639971;35639.38032639971;35639.38032639971;35639.38032639971;35639.38032639971;35639.38032639971;35639.38032639971;35639.38032639971;35639.38032639971;35639.38032639971;35639.38032639971;35639.38032639971;35639.38032639971;35639.38032639971;35639.38032639971;35639.38032639971;35639.38032639971;35639.38032639971;35639.38032639971;35639.38032639971;35639.38032639971;35639.38032639971;35639.38032639971;35639.38032639971;35639.38032639971;
27000.38454279444;35640.0;35640.0;35640.0;35640.0;35639.38032639971;35639.38032639971;35639.38032639971;35639.38032639971;35639.38032639971;35639.38032639971;35639.38032639971;35639.38032639971;35639.38032639971;35639.38032639971;35639.38032639971;35639.38032639971;35639.38032639971;35639.38032639971;35639.38032639971;35639.38032639971;35639.38032639971;35639.38032639971;35639.38032639971;35639.38032639971;35639.38032639971;35639.38032639971;35639.38032639971;35639.38032639971;35639.38032639971;35639.38032639971;35639.38032639971;35639.38032639971;35639.38032639971;35639.38032639971;35639.38032639971;35639.38032639971;35639.38032639971;35639.38032639971;35639.38032639971;35639.38032639971;35639.38032639971;35639.38032639971;35639.38032639971;35639.38032639971;
27300.0;35640.0;35640.0;35640.0;35640.0;35639.38032639971;35639.38032639971;35639.38032639971;35639.38032639971;35639.38032639971;35639.38032639971;35639.38032639971;35639.38032639971;35639.38032639971;35639.38032639971;35639.38032639971;35639.38032639971;35639.38032639971;35639.38032639971;35639.38032639971;35639.38032639971;35639.38032639971;35639.38032639971;35639.38032639971;35639.38032639971;35639.38032639971;35639.38032639971;35639.38032639971;35639.38032639971;35639.38032639971;35639.38032639971;35639.38032639971;35639.38032639971;35639.38032639971;35639.38032639971;35639.38032639971;35639.38032639971;35639.38032639971;35639.38032639971;35639.38032639971;35639.38032639971;35639.38032639971;35639.38032639971;35639.38032639971;35639.38032639971;
27300.0;35640.0;35640.0;35640.0;35640.0;35639.37351679971;35639.37351679971;35639.37351679971;35639.37351679971;35639.37351679971;35639.37351679971;35639.37351679971;35639.37351679971;35639.37351679971;35639.37351679971;35639.37351679971;35639.37351679971;35639.37351679971;35639.37351679971;35639.37351679971;35639.37351679971;35639.37351679971;35639.37351679971;35639.37351679971;35639.37351679971;35639.37351679971;35639.37351679971;35639.37351679971;35639.37351679971;35639.37351679971;35639.37351679971;35639.37351679971;35639.37351679971;35639.37351679971;35639.37351679971;35639.37351679971;35639.37351679971;35639.37351679971;35639.37351679971;35639.37351679971;35639.37351679971;35639.37351679971;35639.37351679971;35639.37351679971;35639.37351679971;
27300.38454279444;35640.0;35640.0;35640.0;35640.0;35639.37351679971;35639.37351679971;35639.37351679971;35639.37351679971;35639.37351679971;35639.37351679971;35639.37351679971;35639.37351679971;35639.37351679971;35639.37351679971;35639.37351679971;35639.37351679971;35639.37351679971;35639.37351679971;35639.37351679971;35639.37351679971;35639.37351679971;35639.37351679971;35639.37351679971;35639.37351679971;35639.37351679971;35639.37351679971;35639.37351679971;35639.37351679971;35639.37351679971;35639.37351679971;35639.37351679971;35639.37351679971;35639.37351679971;35639.37351679971;35639.37351679971;35639.37351679971;35639.37351679971;35639.37351679971;35639.37351679971;35639.37351679971;35639.37351679971;35639.37351679971;35639.37351679971;35639.37351679971;
27600.0;35640.0;35640.0;35640.0;35640.0;35639.37351679971;35639.37351679971;35639.37351679971;35639.37351679971;35639.37351679971;35639.37351679971;35639.37351679971;35639.37351679971;35639.37351679971;35639.37351679971;35639.37351679971;35639.37351679971;35639.37351679971;35639.37351679971;35639.37351679971;35639.37351679971;35639.37351679971;35639.37351679971;35639.37351679971;35639.37351679971;35639.37351679971;35639.37351679971;35639.37351679971;35639.37351679971;35639.37351679971;35639.37351679971;35639.37351679971;35639.37351679971;35639.37351679971;35639.37351679971;35639.37351679971;35639.37351679971;35639.37351679971;35639.37351679971;35639.37351679971;35639.37351679971;35639.37351679971;35639.37351679971;35639.37351679971;35639.37351679971;
27600.0;35640.0;35640.0;35640.0;35640.0;35639.366707199704;35639.366707199704;35639.366707199704;35639.366707199704;35639.366707199704;35639.366707199704;35639.366707199704;35639.366707199704;35639.366707199704;35639.366707199704;35639.366707199704;35639.366707199704;35639.366707199704;35639.366707199704;35639.366707199704;35639.366707199704;35639.366707199704;35639.366707199704;35639.366707199704;35639.366707199704;35639.366707199704;35639.366707199704;35639.366707199704;35639.366707199704;35639.366707199704;35639.366707199704;35639.366707199704;35639.366707199704;35639.366707199704;35639.366707199704;35639.366707199704;35639.366707199704;35639.366707199704;35639.366707199704;35639.366707199704;35639.366707199704;35639.366707199704;35639.366707199704;35639.366707199704;35639.366707199704;
27600.38454279444;35640.0;35640.0;35640.0;35640.0;35639.366707199704;35639.366707199704;35639.366707199704;35639.366707199704;35639.366707199704;35639.366707199704;35639.366707199704;35639.366707199704;35639.366707199704;35639.366707199704;35639.366707199704;35639.366707199704;35639.366707199704;35639.366707199704;35639.366707199704;35639.366707199704;35639.366707199704;35639.366707199704;35639.366707199704;35639.366707199704;35639.366707199704;35639.366707199704;35639.366707199704;35639.366707199704;35639.366707199704;35639.366707199704;35639.366707199704;35639.366707199704;35639.366707199704;35639.366707199704;35639.366707199704;35639.366707199704;35639.366707199704;35639.366707199704;35639.366707199704;35639.366707199704;35639.366707199704;35639.366707199704;35639.366707199704;35639.366707199704;
27900.0;35640.0;35640.0;35640.0;35640.0;35639.366707199704;35639.366707199704;35639.366707199704;35639.366707199704;35639.366707199704;35639.366707199704;35639.366707199704;35639.366707199704;35639.366707199704;35639.366707199704;35639.366707199704;35639.366707199704;35639.366707199704;35639.366707199704;35639.366707199704;35639.366707199704;35639.366707199704;35639.366707199704;35639.366707199704;35639.366707199704;35639.366707199704;35639.366707199704;35639.366707199704;35639.366707199704;35639.366707199704;35639.366707199704;35639.366707199704;35639.366707199704;35639.366707199704;35639.366707199704;35639.366707199704;35639.366707199704;35639.366707199704;35639.366707199704;35639.366707199704;35639.366707199704;35639.366707199704;35639.366707199704;35639.366707199704;35639.366707199704;
27900.0;35640.0;35640.0;35640.0;35640.0;35639.3598975997;35639.3598975997;35639.3598975997;35639.3598975997;35639.3598975997;35639.3598975997;35639.3598975997;35639.3598975997;35639.3598975997;35639.3598975997;35639.3598975997;35639.3598975997;35639.3598975997;35639.3598975997;35639.3598975997;35639.3598975997;35639.3598975997;35639.3598975997;35639.3598975997;35639.3598975997;35639.3598975997;35639.3598975997;35639.3598975997;35639.3598975997;35639.3598975997;35639.3598975997;35639.3598975997;35639.3598975997;35639.3598975997;35639.3598975997;35639.3598975997;35639.3598975997;35639.3598975997;35639.3598975997;35639.3598975997;35639.3598975997;35639.3598975997;35639.3598975997;35639.3598975997;35639.3598975997;
27900.0;35640.0;35640.0;35640.0;35640.0;35639.3598975997;35639.3598975997;35639.3598975997;35639.3598975997;35639.3598975997;35639.3598975997;35639.3598975997;35639.3598975997;35639.3598975997;35639.3598975997;35639.3598975997;35639.3598975997;35639.3598975997;35639.3598975997;35639.3598975997;35639.3598975997;35639.3598975997;35639.3598975997;35639.3598975997;35639.3598975997;35639.3598975997;35639.3598975997;35639.3598975997;35639.3598975997;35639.3598975997;35639.3598975997;35639.3598975997;35639.3598975997;35639.3598975997;35639.3598975997;35639.3598975997;35639.3598975997;35639.3598975997;35639.3598975997;35639.3598975997;35639.3598975997;35639.3598975997;35639.3598975997;35639.3598975997;35639.3598975997;
27900.38454279444;35640.0;35640.0;35640.0;35640.0;35639.3598975997;35639.3598975997;35639.3598975997;35639.3598975997;35639.3598975997;35639.3598975997;35639.3598975997;35639.3598975997;35639.3598975997;35639.3598975997;35639.3598975997;35639.3598975997;35639.3598975997;35639.3598975997;35639.3598975997;35639.3598975997;35639.3598975997;35639.3598975997;35639.3598975997;35639.3598975997;35639.3598975997;35639.3598975997;35639.3598975997;35639.3598975997;35639.3598975997;35639.3598975997;35639.3598975997;35639.3598975997;35639.3598975997;35639.3598975997;35639.3598975997;35639.3598975997;35639.3598975997;35639.3598975997;35639.3598975997;35639.3598975997;35639.3598975997;35639.3598975997;35639.3598975997;35639.3598975997;
28200.0;35640.0;35640.0;35640.0;35640.0;35639.3598975997;35639.3598975997;35639.3598975997;35639.3598975997;35639.3598975997;35639.3598975997;35639.3598975997;35639.3598975997;35639.3598975997;35639.3598975997;35639.3598975997;35639.3598975997;35639.3598975997;35639.3598975997;35639.3598975997;35639.3598975997;35639.3598975997;35639.3598975997;35639.3598975997;35639.3598975997;35639.3598975997;35639.3598975997;35639.3598975997;35639.3598975997;35639.3598975997;35639.3598975997;35639.3598975997;35639.3598975997;35639.3598975997;35639.3598975997;35639.3598975997;35639.3598975997;35639.3598975997;35639.3598975997;35639.3598975997;35639.3598975997;35639.3598975997;35639.3598975997;35639.3598975997;35639.3598975997;
28200.0;35640.0;35640.0;35640.0;35640.0;35639.3530879997;35639.3530879997;35639.3530879997;35639.3530879997;35639.3530879997;35639.3530879997;35639.3530879997;35639.3530879997;35639.3530879997;35639.3530879997;35639.3530879997;35639.3530879997;35639.3530879997;35639.3530879997;35639.3530879997;35639.3530879997;35639.3530879997;35639.3530879997;35639.3530879997;35639.3530879997;35639.3530879997;35639.3530879997;35639.3530879997;35639.3530879997;35639.3530879997;35639.3530879997;35639.3530879997;35639.3530879997;35639.3530879997;35639.3530879997;35639.3530879997;35639.3530879997;35639.3530879997;35639.3530879997;35639.3530879997;35639.3530879997;35639.3530879997;35639.3530879997;35639.3530879997;35639.3530879997;
28200.38454279444;35640.0;35640.0;35640.0;35640.0;35639.3530879997;35639.3530879997;35639.3530879997;35639.3530879997;35639.3530879997;35639.3530879997;35639.3530879997;35639.3530879997;35639.3530879997;35639.3530879997;35639.3530879997;35639.3530879997;35639.3530879997;35639.3530879997;35639.3530879997;35639.3530879997;35639.3530879997;35639.3530879997;35639.3530879997;35639.3530879997;35639.3530879997;35639.3530879997;35639.3530879997;35639.3530879997;35639.3530879997;35639.3530879997;35639.3530879997;35639.3530879997;35639.3530879997;35639.3530879997;35639.3530879997;35639.3530879997;35639.3530879997;35639.3530879997;35639.3530879997;35639.3530879997;35639.3530879997;35639.3530879997;35639.3530879997;35639.3530879997;
28500.0;35640.0;35640.0;35640.0;35640.0;35639.3530879997;35639.3530879997;35639.3530879997;35639.3530879997;35639.3530879997;35639.3530879997;35639.3530879997;35639.3530879997;35639.3530879997;35639.3530879997;35639.3530879997;35639.3530879997;35639.3530879997;35639.3530879997;35639.3530879997;35639.3530879997;35639.3530879997;35639.3530879997;35639.3530879997;35639.3530879997;35639.3530879997;35639.3530879997;35639.3530879997;35639.3530879997;35639.3530879997;35639.3530879997;35639.3530879997;35639.3530879997;35639.3530879997;35639.3530879997;35639.3530879997;35639.3530879997;35639.3530879997;35639.3530879997;35639.3530879997;35639.3530879997;35639.3530879997;35639.3530879997;35639.3530879997;35639.3530879997;
28500.0;35640.0;35640.0;35640.0;35640.0;35639.346278399695;35639.346278399695;35639.346278399695;35639.346278399695;35639.346278399695;35639.346278399695;35639.346278399695;35639.346278399695;35639.346278399695;35639.346278399695;35639.346278399695;35639.346278399695;35639.346278399695;35639.346278399695;35639.346278399695;35639.346278399695;35639.346278399695;35639.346278399695;35639.346278399695;35639.346278399695;35639.346278399695;35639.346278399695;35639.346278399695;35639.346278399695;35639.346278399695;35639.346278399695;35639.346278399695;35639.346278399695;35639.346278399695;35639.346278399695;35639.346278399695;35639.346278399695;35639.346278399695;35639.346278399695;35639.346278399695;35639.346278399695;35639.346278399695;35639.346278399695;35639.346278399695;35639.346278399695;
28500.38454279444;35640.0;35640.0;35640.0;35640.0;35639.346278399695;35639.346278399695;35639.346278399695;35639.346278399695;35639.346278399695;35639.346278399695;35639.346278399695;35639.346278399695;35639.346278399695;35639.346278399695;35639.346278399695;35639.346278399695;35639.346278399695;35639.346278399695;35639.346278399695;35639.346278399695;35639.346278399695;35639.346278399695;35639.346278399695;35639.346278399695;35639.346278399695;35639.346278399695;35639.346278399695;35639.346278399695;35639.346278399695;35639.346278399695;35639.346278399695;35639.346278399695;35639.346278399695;35639.346278399695;35639.346278399695;35639.346278399695;35639.346278399695;35639.346278399695;35639.346278399695;35639.346278399695;35639.346278399695;35639.346278399695;35639.346278399695;35639.346278399695;
28800.0;35640.0;35640.0;35640.0;35640.0;35639.346278399695;35639.346278399695;35639.346278399695;35639.346278399695;35639.346278399695;35639.346278399695;35639.346278399695;35639.346278399695;35639.346278399695;35639.346278399695;35639.346278399695;35639.346278399695;35639.346278399695;35639.346278399695;35639.346278399695;35639.346278399695;35639.346278399695;35639.346278399695;35639.346278399695;35639.346278399695;35639.346278399695;35639.346278399695;35639.346278399695;35639.346278399695;35639.346278399695;35639.346278399695;35639.346278399695;35639.346278399695;35639.346278399695;35639.346278399695;35639.346278399695;35639.346278399695;35639.346278399695;35639.346278399695;35639.346278399695;35639.346278399695;35639.346278399695;35639.346278399695;35639.346278399695;35639.346278399695;
28800.0;35640.0;35640.0;35640.0;35640.0;35639.33946879969;35639.33946879969;35639.33946879969;35639.33946879969;35639.33946879969;35639.33946879969;35639.33946879969;35639.33946879969;35639.33946879969;35639.33946879969;35639.33946879969;35639.33946879969;35639.33946879969;35639.33946879969;35639.33946879969;35639.33946879969;35639.33946879969;35639.33946879969;35639.33946879969;35639.33946879969;35639.33946879969;35639.33946879969;35639.33946879969;35639.33946879969;35639.33946879969;35639.33946879969;35639.33946879969;35639.33946879969;35639.33946879969;35639.33946879969;35639.33946879969;35639.33946879969;35639.33946879969;35639.33946879969;35639.33946879969;35639.33946879969;35639.33946879969;35639.33946879969;35639.33946879969;35639.33946879969;
28800.38454279444;35640.0;35640.0;35640.0;35640.0;35639.33946879969;35639.33946879969;35639.33946879969;35639.33946879969;35639.33946879969;35639.33946879969;35639.33946879969;35639.33946879969;35639.33946879969;35639.33946879969;35639.33946879969;35639.33946879969;35639.33946879969;35639.33946879969;35639.33946879969;35639.33946879969;35639.33946879969;35639.33946879969;35639.33946879969;35639.33946879969;35639.33946879969;35639.33946879969;35639.33946879969;35639.33946879969;35639.33946879969;35639.33946879969;35639.33946879969;35639.33946879969;35639.33946879969;35639.33946879969;35639.33946879969;35639.33946879969;35639.33946879969;35639.33946879969;35639.33946879969;35639.33946879969;35639.33946879969;35639.33946879969;35639.33946879969;35639.33946879969;
29100.0;35640.0;35640.0;35640.0;35640.0;35639.33946879969;35639.33946879969;35639.33946879969;35639.33946879969;35639.33946879969;35639.33946879969;35639.33946879969;35639.33946879969;35639.33946879969;35639.33946879969;35639.33946879969;35639.33946879969;35639.33946879969;35639.33946879969;35639.33946879969;35639.33946879969;35639.33946879969;35639.33946879969;35639.33946879969;35639.33946879969;35639.33946879969;35639.33946879969;35639.33946879969;35639.33946879969;35639.33946879969;35639.33946879969;35639.33946879969;35639.33946879969;35639.33946879969;35639.33946879969;35639.33946879969;35639.33946879969;35639.33946879969;35639.33946879969;35639.33946879969;35639.33946879969;35639.33946879969;35639.33946879969;35639.33946879969;35639.33946879969;
29100.0;35640.0;35640.0;35640.0;35640.0;35639.33265919969;35639.33265919969;35639.33265919969;35639.33265919969;35639.33265919969;35639.33265919969;35639.33265919969;35639.33265919969;35639.33265919969;35639.33265919969;35639.33265919969;35639.33265919969;35639.33265919969;35639.33265919969;35639.33265919969;35639.33265919969;35639.33265919969;35639.33265919969;35639.33265919969;35639.33265919969;35639.33265919969;35639.33265919969;35639.33265919969;35639.33265919969;35639.33265919969;35639.33265919969;35639.33265919969;35639.33265919969;35639.33265919969;35639.33265919969;35639.33265919969;35639.33265919969;35639.33265919969;35639.33265919969;35639.33265919969;35639.33265919969;35639.33265919969;35639.33265919969;35639.33265919969;35639.33265919969;
29100.38454279444;35640.0;35640.0;35640.0;35640.0;35639.33265919969;35639.33265919969;35639.33265919969;35639.33265919969;35639.33265919969;35639.33265919969;35639.33265919969;35639.33265919969;35639.33265919969;35639.33265919969;35639.33265919969;35639.33265919969;35639.33265919969;35639.33265919969;35639.33265919969;35639.33265919969;35639.33265919969;35639.33265919969;35639.33265919969;35639.33265919969;35639.33265919969;35639.33265919969;35639.33265919969;35639.33265919969;35639.33265919969;35639.33265919969;35639.33265919969;35639.33265919969;35639.33265919969;35639.33265919969;35639.33265919969;35639.33265919969;35639.33265919969;35639.33265919969;35639.33265919969;35639.33265919969;35639.33265919969;35639.33265919969;35639.33265919969;35639.33265919969;
29400.0;35640.0;35640.0;35640.0;35640.0;35639.33265919969;35639.33265919969;35639.33265919969;35639.33265919969;35639.33265919969;35639.33265919969;35639.33265919969;35639.33265919969;35639.33265919969;35639.33265919969;35639.33265919969;35639.33265919969;35639.33265919969;35639.33265919969;35639.33265919969;35639.33265919969;35639.33265919969;35639.33265919969;35639.33265919969;35639.33265919969;35639.33265919969;35639.33265919969;35639.33265919969;35639.33265919969;35639.33265919969;35639.33265919969;35639.33265919969;35639.33265919969;35639.33265919969;35639.33265919969;35639.33265919969;35639.33265919969;35639.33265919969;35639.33265919969;35639.33265919969;35639.33265919969;35639.33265919969;35639.33265919969;35639.33265919969;35639.33265919969;
29400.0;35640.0;35640.0;35640.0;35640.0;35639.325849599685;35639.325849599685;35639.325849599685;35639.325849599685;35639.325849599685;35639.325849599685;35639.325849599685;35639.325849599685;35639.325849599685;35639.325849599685;35639.325849599685;35639.325849599685;35639.325849599685;35639.325849599685;35639.325849599685;35639.325849599685;35639.325849599685;35639.325849599685;35639.325849599685;35639.325849599685;35639.325849599685;35639.325849599685;35639.325849599685;35639.325849599685;35639.325849599685;35639.325849599685;35639.325849599685;35639.325849599685;35639.325849599685;35639.325849599685;35639.325849599685;35639.325849599685;35639.325849599685;35639.325849599685;35639.325849599685;35639.325849599685;35639.325849599685;35639.325849599685;35639.325849599685;35639.325849599685;
29400.38454279444;35640.0;35640.0;35640.0;35640.0;35639.325849599685;35639.325849599685;35639.325849599685;35639.325849599685;35639.325849599685;35639.325849599685;35639.325849599685;35639.325849599685;35639.325849599685;35639.325849599685;35639.325849599685;35639.325849599685;35639.325849599685;35639.325849599685;35639.325849599685;35639.325849599685;35639.325849599685;35639.325849599685;35639.325849599685;35639.325849599685;35639.325849599685;35639.325849599685;35639.325849599685;35639.325849599685;35639.325849599685;35639.325849599685;35639.325849599685;35639.325849599685;35639.325849599685;35639.325849599685;35639.325849599685;35639.325849599685;35639.325849599685;35639.325849599685;35639.325849599685;35639.325849599685;35639.325849599685;35639.325849599685;35639.325849599685;35639.325849599685;
29700.0;35640.0;35640.0;35640.0;35640.0;35639.325849599685;35639.325849599685;35639.325849599685;35639.325849599685;35639.325849599685;35639.325849599685;35639.325849599685;35639.325849599685;35639.325849599685;35639.325849599685;35639.325849599685;35639.325849599685;35639.325849599685;35639.325849599685;35639.325849599685;35639.325849599685;35639.325849599685;35639.325849599685;35639.325849599685;35639.325849599685;35639.325849599685;35639.325849599685;35639.325849599685;35639.325849599685;35639.325849599685;35639.325849599685;35639.325849599685;35639.325849599685;35639.325849599685;35639.325849599685;35639.325849599685;35639.325849599685;35639.325849599685;35639.325849599685;35639.325849599685;35639.325849599685;35639.325849599685;35639.325849599685;35639.325849599685;35639.325849599685;
29700.0;35640.0;35640.0;35640.0;35640.0;35639.31903999968;35639.31903999968;35639.31903999968;35639.31903999968;35639.31903999968;35639.31903999968;35639.31903999968;35639.31903999968;35639.31903999968;35639.31903999968;35639.31903999968;35639.31903999968;35639.31903999968;35639.31903999968;35639.31903999968;35639.31903999968;35639.31903999968;35639.31903999968;35639.31903999968;35639.31903999968;35639.31903999968;35639.31903999968;35639.31903999968;35639.31903999968;35639.31903999968;35639.31903999968;35639.31903999968;35639.31903999968;35639.31903999968;35639.31903999968;35639.31903999968;35639.31903999968;35639.31903999968;35639.31903999968;35639.31903999968;35639.31903999968;35639.31903999968;35639.31903999968;35639.31903999968;35639.31903999968;
29700.38454279444;35640.0;35640.0;35640.0;35640.0;35639.31903999968;35639.31903999968;35639.31903999968;35639.31903999968;35639.31903999968;35639.31903999968;35639.31903999968;35639.31903999968;35639.31903999968;35639.31903999968;35639.31903999968;35639.31903999968;35639.31903999968;35639.31903999968;35639.31903999968;35639.31903999968;35639.31903999968;35639.31903999968;35639.31903999968;35639.31903999968;35639.31903999968;35639.31903999968;35639.31903999968;35639.31903999968;35639.31903999968;35639.31903999968;35639.31903999968;35639.31903999968;35639.31903999968;35639.31903999968;35639.31903999968;35639.31903999968;35639.31903999968;35639.31903999968;35639.31903999968;35639.31903999968;35639.31903999968;35639.31903999968;35639.31903999968;35639.31903999968;
29760.0;35640.0;35640.0;35640.0;35640.0;35639.31903999968;35639.31903999968;35639.31903999968;35639.31903999968;35639.31903999968;35639.31903999968;35639.31903999968;35639.31903999968;35639.31903999968;35639.31903999968;35639.31903999968;35639.31903999968;35639.31903999968;35639.31903999968;35639.31903999968;35639.31903999968;35639.31903999968;35639.31903999968;35639.31903999968;35639.31903999968;35639.31903999968;35639.31903999968;35639.31903999968;35639.31903999968;35639.31903999968;35639.31903999968;35639.31903999968;35639.31903999968;35639.31903999968;35639.31903999968;35639.31903999968;35639.31903999968;35639.31903999968;35639.31903999968;35639.31903999968;35639.31903999968;35639.31903999968;35639.31903999968;35639.31903999968;35639.31903999968;
30000.0;35640.0;35640.0;35640.0;35640.0;35639.31903999968;35639.31903999968;35639.31903999968;35639.31903999968;35639.31903999968;35639.31903999968;35639.31903999968;35639.31903999968;35639.31903999968;35639.31903999968;35639.31903999968;35639.31903999968;35639.31903999968;35639.31903999968;35639.31903999968;35639.31903999968;35639.31903999968;35639.31903999968;35639.31903999968;35639.31903999968;35639.31903999968;35639.31903999968;35639.31903999968;35639.31903999968;35639.31903999968;35639.31903999968;35639.31903999968;35639.31903999968;35639.31903999968;35639.31903999968;35639.31903999968;35639.31903999968;35639.31903999968;35639.31903999968;35639.31903999968;35639.31903999968;35639.31903999968;35639.31903999968;35639.31903999968;35639.31903999968;
30000.0;35640.0;35640.0;35640.0;35640.0;35639.31223039968;35639.31223039968;35639.31223039968;35639.31223039968;35639.31223039968;35639.31223039968;35639.31223039968;35639.31223039968;35639.31223039968;35639.31223039968;35639.31223039968;35639.31223039968;35639.31223039968;35639.31223039968;35639.31223039968;35639.31223039968;35639.31223039968;35639.31223039968;35639.31223039968;35639.31223039968;35639.31223039968;35639.31223039968;35639.31223039968;35639.31223039968;35639.31223039968;35639.31223039968;35639.31223039968;35639.31223039968;35639.31223039968;35639.31223039968;35639.31223039968;35639.31223039968;35639.31223039968;35639.31223039968;35639.31223039968;35639.31223039968;35639.31223039968;35639.31223039968;35639.31223039968;35639.31223039968;
30000.38454279444;35640.0;35640.0;35640.0;35640.0;35639.31223039968;35639.31223039968;35639.31223039968;35639.31223039968;35639.31223039968;35639.31223039968;35639.31223039968;35639.31223039968;35639.31223039968;35639.31223039968;35639.31223039968;35639.31223039968;35639.31223039968;35639.31223039968;35639.31223039968;35639.31223039968;35639.31223039968;35639.31223039968;35639.31223039968;35639.31223039968;35639.31223039968;35639.31223039968;35639.31223039968;35639.31223039968;35639.31223039968;35639.31223039968;35639.31223039968;35639.31223039968;35639.31223039968;35639.31223039968;35639.31223039968;35639.31223039968;35639.31223039968;35639.31223039968;35639.31223039968;35639.31223039968;35639.31223039968;35639.31223039968;35639.31223039968;35639.31223039968;
30300.0;35640.0;35640.0;35640.0;35640.0;35639.31223039968;35639.31223039968;35639.31223039968;35639.31223039968;35639.31223039968;35639.31223039968;35639.31223039968;35639.31223039968;35639.31223039968;35639.31223039968;35639.31223039968;35639.31223039968;35639.31223039968;35639.31223039968;35639.31223039968;35639.31223039968;35639.31223039968;35639.31223039968;35639.31223039968;35639.31223039968;35639.31223039968;35639.31223039968;35639.31223039968;35639.31223039968;35639.31223039968;35639.31223039968;35639.31223039968;35639.31223039968;35639.31223039968;35639.31223039968;35639.31223039968;35639.31223039968;35639.31223039968;35639.31223039968;35639.31223039968;35639.31223039968;35639.31223039968;35639.31223039968;35639.31223039968;35639.31223039968;
30300.0;35640.0;35640.0;35640.0;35640.0;35639.305420799676;35639.305420799676;35639.305420799676;35639.305420799676;35639.305420799676;35639.305420799676;35639.305420799676;35639.305420799676;35639.305420799676;35639.305420799676;35639.305420799676;35639.305420799676;35639.305420799676;35639.305420799676;35639.305420799676;35639.305420799676;35639.305420799676;35639.305420799676;35639.305420799676;35639.305420799676;35639.305420799676;35639.305420799676;35639.305420799676;35639.305420799676;35639.305420799676;35639.305420799676;35639.305420799676;35639.305420799676;35639.305420799676;35639.305420799676;35639.305420799676;35639.305420799676;35639.305420799676;35639.305420799676;35639.305420799676;35639.305420799676;35639.305420799676;35639.305420799676;35639.305420799676;35639.305420799676;
30300.38454279444;35640.0;35640.0;35640.0;35640.0;35639.305420799676;35639.305420799676;35639.305420799676;35639.305420799676;35639.305420799676;35639.305420799676;35639.305420799676;35639.305420799676;35639.305420799676;35639.305420799676;35639.305420799676;35639.305420799676;35639.305420799676;35639.305420799676;35639.305420799676;35639.305420799676;35639.305420799676;35639.305420799676;35639.305420799676;35639.305420799676;35639.305420799676;35639.305420799676;35639.305420799676;35639.305420799676;35639.305420799676;35639.305420799676;35639.305420799676;35639.305420799676;35639.305420799676;35639.305420799676;35639.305420799676;35639.305420799676;35639.305420799676;35639.305420799676;35639.305420799676;35639.305420799676;35639.305420799676;35639.305420799676;35639.305420799676;35639.305420799676;
30600.0;35640.0;35640.0;35640.0;35640.0;35639.305420799676;35639.305420799676;35639.305420799676;35639.305420799676;35639.305420799676;35639.305420799676;35639.305420799676;35639.305420799676;35639.305420799676;35639.305420799676;35639.305420799676;35639.305420799676;35639.305420799676;35639.305420799676;35639.305420799676;35639.305420799676;35639.305420799676;35639.305420799676;35639.305420799676;35639.305420799676;35639.305420799676;35639.305420799676;35639.305420799676;35639.305420799676;35639.305420799676;35639.305420799676;35639.305420799676;35639.305420799676;35639.305420799676;35639.305420799676;35639.305420799676;35639.305420799676;35639.305420799676;35639.305420799676;35639.305420799676;35639.305420799676;35639.305420799676;35639.305420799676;35639.305420799676;35639.305420799676;
30600.0;35640.0;35640.0;35640.0;35640.0;35639.29861119967;35639.29861119967;35639.29861119967;35639.29861119967;35639.29861119967;35639.29861119967;35639.29861119967;35639.29861119967;35639.29861119967;35639.29861119967;35639.29861119967;35639.29861119967;35639.29861119967;35639.29861119967;35639.29861119967;35639.29861119967;35639.29861119967;35639.29861119967;35639.29861119967;35639.29861119967;35639.29861119967;35639.29861119967;35639.29861119967;35639.29861119967;35639.29861119967;35639.29861119967;35639.29861119967;35639.29861119967;35639.29861119967;35639.29861119967;35639.29861119967;35639.29861119967;35639.29861119967;35639.29861119967;35639.29861119967;35639.29861119967;35639.29861119967;35639.29861119967;35639.29861119967;35639.29861119967;
30600.38454279444;35640.0;35640.0;35640.0;35640.0;35639.29861119967;35639.29861119967;35639.29861119967;35639.29861119967;35639.29861119967;35639.29861119967;35639.29861119967;35639.29861119967;35639.29861119967;35639.29861119967;35639.29861119967;35639.29861119967;35639.29861119967;35639.29861119967;35639.29861119967;35639.29861119967;35639.29861119967;35639.29861119967;35639.29861119967;35639.29861119967;35639.29861119967;35639.29861119967;35639.29861119967;35639.29861119967;35639.29861119967;35639.29861119967;35639.29861119967;35639.29861119967;35639.29861119967;35639.29861119967;35639.29861119967;35639.29861119967;35639.29861119967;35639.29861119967;35639.29861119967;35639.29861119967;35639.29861119967;35639.29861119967;35639.29861119967;35639.29861119967;
30900.0;35640.0;35640.0;35640.0;35640.0;35639.29861119967;35639.29861119967;35639.29861119967;35639.29861119967;35639.29861119967;35639.29861119967;35639.29861119967;35639.29861119967;35639.29861119967;35639.29861119967;35639.29861119967;35639.29861119967;35639.29861119967;35639.29861119967;35639.29861119967;35639.29861119967;35639.29861119967;35639.29861119967;35639.29861119967;35639.29861119967;35639.29861119967;35639.29861119967;35639.29861119967;35639.29861119967;35639.29861119967;35639.29861119967;35639.29861119967;35639.29861119967;35639.29861119967;35639.29861119967;35639.29861119967;35639.29861119967;35639.29861119967;35639.29861119967;35639.29861119967;35639.29861119967;35639.29861119967;35639.29861119967;35639.29861119967;35639.29861119967;
30900.0;35640.0;35640.0;35640.0;35640.0;35639.29180159967;35639.29180159967;35639.29180159967;35639.29180159967;35639.29180159967;35639.29180159967;35639.29180159967;35639.29180159967;35639.29180159967;35639.29180159967;35639.29180159967;35639.29180159967;35639.29180159967;35639.29180159967;35639.29180159967;35639.29180159967;35639.29180159967;35639.29180159967;35639.29180159967;35639.29180159967;35639.29180159967;35639.29180159967;35639.29180159967;35639.29180159967;35639.29180159967;35639.29180159967;35639.29180159967;35639.29180159967;35639.29180159967;35639.29180159967;35639.29180159967;35639.29180159967;35639.29180159967;35639.29180159967;35639.29180159967;35639.29180159967;35639.29180159967;35639.29180159967;35639.29180159967;35639.29180159967;
30900.38454279444;35640.0;35640.0;35640.0;35640.0;35639.29180159967;35639.29180159967;35639.29180159967;35639.29180159967;35639.29180159967;35639.29180159967;35639.29180159967;35639.29180159967;35639.29180159967;35639.29180159967;35639.29180159967;35639.29180159967;35639.29180159967;35639.29180159967;35639.29180159967;35639.29180159967;35639.29180159967;35639.29180159967;35639.29180159967;35639.29180159967;35639.29180159967;35639.29180159967;35639.29180159967;35639.29180159967;35639.29180159967;35639.29180159967;35639.29180159967;35639.29180159967;35639.29180159967;35639.29180159967;35639.29180159967;35639.29180159967;35639.29180159967;35639.29180159967;35639.29180159967;35639.29180159967;35639.29180159967;35639.29180159967;35639.29180159967;35639.29180159967;
31200.0;35640.0;35640.0;35640.0;35640.0;35639.29180159967;35639.29180159967;35639.29180159967;35639.29180159967;35639.29180159967;35639.29180159967;35639.29180159967;35639.29180159967;35639.29180159967;35639.29180159967;35639.29180159967;35639.29180159967;35639.29180159967;35639.29180159967;35639.29180159967;35639.29180159967;35639.29180159967;35639.29180159967;35639.29180159967;35639.29180159967;35639.29180159967;35639.29180159967;35639.29180159967;35639.29180159967;35639.29180159967;35639.29180159967;35639.29180159967;35639.29180159967;35639.29180159967;35639.29180159967;35639.29180159967;35639.29180159967;35639.29180159967;35639.29180159967;35639.29180159967;35639.29180159967;35639.29180159967;35639.29180159967;35639.29180159967;35639.29180159967;
31200.0;35640.0;35640.0;35640.0;35640.0;35639.284991999666;35639.284991999666;35639.284991999666;35639.284991999666;35639.284991999666;35639.284991999666;35639.284991999666;35639.284991999666;35639.284991999666;35639.284991999666;35639.284991999666;35639.284991999666;35639.284991999666;35639.284991999666;35639.284991999666;35639.284991999666;35639.284991999666;35639.284991999666;35639.284991999666;35639.284991999666;35639.284991999666;35639.284991999666;35639.284991999666;35639.284991999666;35639.284991999666;35639.284991999666;35639.284991999666;35639.284991999666;35639.284991999666;35639.284991999666;35639.284991999666;35639.284991999666;35639.284991999666;35639.284991999666;35639.284991999666;35639.284991999666;35639.284991999666;35639.284991999666;35639.284991999666;35639.284991999666;
31200.38454279444;35640.0;35640.0;35640.0;35640.0;35639.284991999666;35639.284991999666;35639.284991999666;35639.284991999666;35639.284991999666;35639.284991999666;35639.284991999666;35639.284991999666;35639.284991999666;35639.284991999666;35639.284991999666;35639.284991999666;35639.284991999666;35639.284991999666;35639.284991999666;35639.284991999666;35639.284991999666;35639.284991999666;35639.284991999666;35639.284991999666;35639.284991999666;35639.284991999666;35639.284991999666;35639.284991999666;35639.284991999666;35639.284991999666;35639.284991999666;35639.284991999666;35639.284991999666;35639.284991999666;35639.284991999666;35639.284991999666;35639.284991999666;35639.284991999666;35639.284991999666;35639.284991999666;35639.284991999666;35639.284991999666;35639.284991999666;35639.284991999666;
31500.0;35640.0;35640.0;35640.0;35640.0;35639.284991999666;35639.284991999666;35639.284991999666;35639.284991999666;35639.284991999666;35639.284991999666;35639.284991999666;35639.284991999666;35639.284991999666;35639.284991999666;35639.284991999666;35639.284991999666;35639.284991999666;35639.284991999666;35639.284991999666;35639.284991999666;35639.284991999666;35639.284991999666;35639.284991999666;35639.284991999666;35639.284991999666;35639.284991999666;35639.284991999666;35639.284991999666;35639.284991999666;35639.284991999666;35639.284991999666;35639.284991999666;35639.284991999666;35639.284991999666;35639.284991999666;35639.284991999666;35639.284991999666;35639.284991999666;35639.284991999666;35639.284991999666;35639.284991999666;35639.284991999666;35639.284991999666;35639.284991999666;
31500.0;35640.0;35640.0;35640.0;35640.0;35639.27818239966;35639.27818239966;35639.27818239966;35639.27818239966;35639.27818239966;35639.27818239966;35639.27818239966;35639.27818239966;35639.27818239966;35639.27818239966;35639.27818239966;35639.27818239966;35639.27818239966;35639.27818239966;35639.27818239966;35639.27818239966;35639.27818239966;35639.27818239966;35639.27818239966;35639.27818239966;35639.27818239966;35639.27818239966;35639.27818239966;35639.27818239966;35639.27818239966;35639.27818239966;35639.27818239966;35639.27818239966;35639.27818239966;35639.27818239966;35639.27818239966;35639.27818239966;35639.27818239966;35639.27818239966;35639.27818239966;35639.27818239966;35639.27818239966;35639.27818239966;35639.27818239966;35639.27818239966;
31500.38454279444;35640.0;35640.0;35640.0;35640.0;35639.27818239966;35639.27818239966;35639.27818239966;35639.27818239966;35639.27818239966;35639.27818239966;35639.27818239966;35639.27818239966;35639.27818239966;35639.27818239966;35639.27818239966;35639.27818239966;35639.27818239966;35639.27818239966;35639.27818239966;35639.27818239966;35639.27818239966;35639.27818239966;35639.27818239966;35639.27818239966;35639.27818239966;35639.27818239966;35639.27818239966;35639.27818239966;35639.27818239966;35639.27818239966;35639.27818239966;35639.27818239966;35639.27818239966;35639.27818239966;35639.27818239966;35639.27818239966;35639.27818239966;35639.27818239966;35639.27818239966;35639.27818239966;35639.27818239966;35639.27818239966;35639.27818239966;35639.27818239966;
31680.0;35640.0;35640.0;35640.0;35640.0;35639.27818239966;35639.27818239966;35639.27818239966;35639.27818239966;35639.27818239966;35639.27818239966;35639.27818239966;35639.27818239966;35639.27818239966;35639.27818239966;35639.27818239966;35639.27818239966;35639.27818239966;35639.27818239966;35639.27818239966;35639.27818239966;35639.27818239966;35639.27818239966;35639.27818239966;35639.27818239966;35639.27818239966;35639.27818239966;35639.27818239966;35639.27818239966;35639.27818239966;35639.27818239966;35639.27818239966;35639.27818239966;35639.27818239966;35639.27818239966;35639.27818239966;35639.27818239966;35639.27818239966;35639.27818239966;35639.27818239966;35639.27818239966;35639.27818239966;35639.27818239966;35639.27818239966;35639.27818239966;
31800.0;35640.0;35640.0;35640.0;35640.0;35639.27818239966;35639.27818239966;35639.27818239966;35639.27818239966;35639.27818239966;35639.27818239966;35639.27818239966;35639.27818239966;35639.27818239966;35639.27818239966;35639.27818239966;35639.27818239966;35639.27818239966;35639.27818239966;35639.27818239966;35639.27818239966;35639.27818239966;35639.27818239966;35639.27818239966;35639.27818239966;35639.27818239966;35639.27818239966;35639.27818239966;35639.27818239966;35639.27818239966;35639.27818239966;35639.27818239966;35639.27818239966;35639.27818239966;35639.27818239966;35639.27818239966;35639.27818239966;35639.27818239966;35639.27818239966;35639.27818239966;35639.27818239966;35639.27818239966;35639.27818239966;35639.27818239966;35639.27818239966;
31800.0;35640.0;35640.0;35640.0;35640.0;35639.27137279966;35639.27137279966;35639.27137279966;35639.27137279966;35639.27137279966;35639.27137279966;35639.27137279966;35639.27137279966;35639.27137279966;35639.27137279966;35639.27137279966;35639.27137279966;35639.27137279966;35639.27137279966;35639.27137279966;35639.27137279966;35639.27137279966;35639.27137279966;35639.27137279966;35639.27137279966;35639.27137279966;35639.27137279966;35639.27137279966;35639.27137279966;35639.27137279966;35639.27137279966;35639.27137279966;35639.27137279966;35639.27137279966;35639.27137279966;35639.27137279966;35639.27137279966;35639.27137279966;35639.27137279966;35639.27137279966;35639.27137279966;35639.27137279966;35639.27137279966;35639.27137279966;35639.27137279966;
31800.38454279444;35640.0;35640.0;35640.0;35640.0;35639.27137279966;35639.27137279966;35639.27137279966;35639.27137279966;35639.27137279966;35639.27137279966;35639.27137279966;35639.27137279966;35639.27137279966;35639.27137279966;35639.27137279966;35639.27137279966;35639.27137279966;35639.27137279966;35639.27137279966;35639.27137279966;35639.27137279966;35639.27137279966;35639.27137279966;35639.27137279966;35639.27137279966;35639.27137279966;35639.27137279966;35639.27137279966;35639.27137279966;35639.27137279966;35639.27137279966;35639.27137279966;35639.27137279966;35639.27137279966;35639.27137279966;35639.27137279966;35639.27137279966;35639.27137279966;35639.27137279966;35639.27137279966;35639.27137279966;35639.27137279966;35639.27137279966;35639.27137279966;
32100.0;35640.0;35640.0;35640.0;35640.0;35639.27137279966;35639.27137279966;35639.27137279966;35639.27137279966;35639.27137279966;35639.27137279966;35639.27137279966;35639.27137279966;35639.27137279966;35639.27137279966;35639.27137279966;35639.27137279966;35639.27137279966;35639.27137279966;35639.27137279966;35639.27137279966;35639.27137279966;35639.27137279966;35639.27137279966;35639.27137279966;35639.27137279966;35639.27137279966;35639.27137279966;35639.27137279966;35639.27137279966;35639.27137279966;35639.27137279966;35639.27137279966;35639.27137279966;35639.27137279966;35639.27137279966;35639.27137279966;35639.27137279966;35639.27137279966;35639.27137279966;35639.27137279966;35639.27137279966;35639.27137279966;35639.27137279966;35639.27137279966;
32100.0;35640.0;35640.0;35640.0;35640.0;35639.26456319966;35639.26456319966;35639.26456319966;35639.26456319966;35639.26456319966;35639.26456319966;35639.26456319966;35639.26456319966;35639.26456319966;35639.26456319966;35639.26456319966;35639.26456319966;35639.26456319966;35639.26456319966;35639.26456319966;35639.26456319966;35639.26456319966;35639.26456319966;35639.26456319966;35639.26456319966;35639.26456319966;35639.26456319966;35639.26456319966;35639.26456319966;35639.26456319966;35639.26456319966;35639.26456319966;35639.26456319966;35639.26456319966;35639.26456319966;35639.26456319966;35639.26456319966;35639.26456319966;35639.26456319966;35639.26456319966;35639.26456319966;35639.26456319966;35639.26456319966;35639.26456319966;35639.26456319966;
32100.38454279444;35640.0;35640.0;35640.0;35640.0;35639.26456319966;35639.26456319966;35639.26456319966;35639.26456319966;35639.26456319966;35639.26456319966;35639.26456319966;35639.26456319966;35639.26456319966;35639.26456319966;35639.26456319966;35639.26456319966;35639.26456319966;35639.26456319966;35639.26456319966;35639.26456319966;35639.26456319966;35639.26456319966;35639.26456319966;35639.26456319966;35639.26456319966;35639.26456319966;35639.26456319966;35639.26456319966;35639.26456319966;35639.26456319966;35639.26456319966;35639.26456319966;35639.26456319966;35639.26456319966;35639.26456319966;35639.26456319966;35639.26456319966;35639.26456319966;35639.26456319966;35639.26456319966;35639.26456319966;35639.26456319966;35639.26456319966;35639.26456319966;
32400.0;35640.0;35640.0;35640.0;35640.0;35639.26456319966;35639.26456319966;35639.26456319966;35639.26456319966;35639.26456319966;35639.26456319966;35639.26456319966;35639.26456319966;35639.26456319966;35639.26456319966;35639.26456319966;35639.26456319966;35639.26456319966;35639.26456319966;35639.26456319966;35639.26456319966;35639.26456319966;35639.26456319966;35639.26456319966;35639.26456319966;35639.26456319966;35639.26456319966;35639.26456319966;35639.26456319966;35639.26456319966;35639.26456319966;35639.26456319966;35639.26456319966;35639.26456319966;35639.26456319966;35639.26456319966;35639.26456319966;35639.26456319966;35639.26456319966;35639.26456319966;35639.26456319966;35639.26456319966;35639.26456319966;35639.26456319966;35639.26456319966;
32400.0;35640.0;35640.0;35640.0;35640.0;35639.25775359965;35639.25775359965;35639.25775359965;35639.25775359965;35639.25775359965;35639.25775359965;35639.25775359965;35639.25775359965;35639.25775359965;35639.25775359965;35639.25775359965;35639.25775359965;35639.25775359965;35639.25775359965;35639.25775359965;35639.25775359965;35639.25775359965;35639.25775359965;35639.25775359965;35639.25775359965;35639.25775359965;35639.25775359965;35639.25775359965;35639.25775359965;35639.25775359965;35639.25775359965;35639.25775359965;35639.25775359965;35639.25775359965;35639.25775359965;35639.25775359965;35639.25775359965;35639.25775359965;35639.25775359965;35639.25775359965;35639.25775359965;35639.25775359965;35639.25775359965;35639.25775359965;35639.25775359965;
32400.38454279444;35640.0;35640.0;35640.0;35640.0;35639.25775359965;35639.25775359965;35639.25775359965;35639.25775359965;35639.25775359965;35639.25775359965;35639.25775359965;35639.25775359965;35639.25775359965;35639.25775359965;35639.25775359965;35639.25775359965;35639.25775359965;35639.25775359965;35639.25775359965;35639.25775359965;35639.25775359965;35639.25775359965;35639.25775359965;35639.25775359965;35639.25775359965;35639.25775359965;35639.25775359965;35639.25775359965;35639.25775359965;35639.25775359965;35639.25775359965;35639.25775359965;35639.25775359965;35639.25775359965;35639.25775359965;35639.25775359965;35639.25775359965;35639.25775359965;35639.25775359965;35639.25775359965;35639.25775359965;35639.25775359965;35639.25775359965;35639.25775359965;
32700.0;35640.0;35640.0;35640.0;35640.0;35639.25775359965;35639.25775359965;35639.25775359965;35639.25775359965;35639.25775359965;35639.25775359965;35639.25775359965;35639.25775359965;35639.25775359965;35639.25775359965;35639.25775359965;35639.25775359965;35639.25775359965;35639.25775359965;35639.25775359965;35639.25775359965;35639.25775359965;35639.25775359965;35639.25775359965;35639.25775359965;35639.25775359965;35639.25775359965;35639.25775359965;35639.25775359965;35639.25775359965;35639.25775359965;35639.25775359965;35639.25775359965;35639.25775359965;35639.25775359965;35639.25775359965;35639.25775359965;35639.25775359965;35639.25775359965;35639.25775359965;35639.25775359965;35639.25775359965;35639.25775359965;35639.25775359965;35639.25775359965;
32700.0;35640.0;35640.0;35640.0;35640.0;35639.25094399965;35639.25094399965;35639.25094399965;35639.25094399965;35639.25094399965;35639.25094399965;35639.25094399965;35639.25094399965;35639.25094399965;35639.25094399965;35639.25094399965;35639.25094399965;35639.25094399965;35639.25094399965;35639.25094399965;35639.25094399965;35639.25094399965;35639.25094399965;35639.25094399965;35639.25094399965;35639.25094399965;35639.25094399965;35639.25094399965;35639.25094399965;35639.25094399965;35639.25094399965;35639.25094399965;35639.25094399965;35639.25094399965;35639.25094399965;35639.25094399965;35639.25094399965;35639.25094399965;35639.25094399965;35639.25094399965;35639.25094399965;35639.25094399965;35639.25094399965;35639.25094399965;35639.25094399965;
32700.38454279444;35640.0;35640.0;35640.0;35640.0;35639.25094399965;35639.25094399965;35639.25094399965;35639.25094399965;35639.25094399965;35639.25094399965;35639.25094399965;35639.25094399965;35639.25094399965;35639.25094399965;35639.25094399965;35639.25094399965;35639.25094399965;35639.25094399965;35639.25094399965;35639.25094399965;35639.25094399965;35639.25094399965;35639.25094399965;35639.25094399965;35639.25094399965;35639.25094399965;35639.25094399965;35639.25094399965;35639.25094399965;35639.25094399965;35639.25094399965;35639.25094399965;35639.25094399965;35639.25094399965;35639.25094399965;35639.25094399965;35639.25094399965;35639.25094399965;35639.25094399965;35639.25094399965;35639.25094399965;35639.25094399965;35639.25094399965;35639.25094399965;
33000.0;35640.0;35640.0;35640.0;35640.0;35639.25094399965;35639.25094399965;35639.25094399965;35639.25094399965;35639.25094399965;35639.25094399965;35639.25094399965;35639.25094399965;35639.25094399965;35639.25094399965;35639.25094399965;35639.25094399965;35639.25094399965;35639.25094399965;35639.25094399965;35639.25094399965;35639.25094399965;35639.25094399965;35639.25094399965;35639.25094399965;35639.25094399965;35639.25094399965;35639.25094399965;35639.25094399965;35639.25094399965;35639.25094399965;35639.25094399965;35639.25094399965;35639.25094399965;35639.25094399965;35639.25094399965;35639.25094399965;35639.25094399965;35639.25094399965;35639.25094399965;35639.25094399965;35639.25094399965;35639.25094399965;35639.25094399965;35639.25094399965;
33000.0;35640.0;35640.0;35640.0;35640.0;35639.24413439965;35639.24413439965;35639.24413439965;35639.24413439965;35639.24413439965;35639.24413439965;35639.24413439965;35639.24413439965;35639.24413439965;35639.24413439965;35639.24413439965;35639.24413439965;35639.24413439965;35639.24413439965;35639.24413439965;35639.24413439965;35639.24413439965;35639.24413439965;35639.24413439965;35639.24413439965;35639.24413439965;35639.24413439965;35639.24413439965;35639.24413439965;35639.24413439965;35639.24413439965;35639.24413439965;35639.24413439965;35639.24413439965;35639.24413439965;35639.24413439965;35639.24413439965;35639.24413439965;35639.24413439965;35639.24413439965;35639.24413439965;35639.24413439965;35639.24413439965;35639.24413439965;35639.24413439965;
33000.38454279444;35640.0;35640.0;35640.0;35640.0;35639.24413439965;35639.24413439965;35639.24413439965;35639.24413439965;35639.24413439965;35639.24413439965;35639.24413439965;35639.24413439965;35639.24413439965;35639.24413439965;35639.24413439965;35639.24413439965;35639.24413439965;35639.24413439965;35639.24413439965;35639.24413439965;35639.24413439965;35639.24413439965;35639.24413439965;35639.24413439965;35639.24413439965;35639.24413439965;35639.24413439965;35639.24413439965;35639.24413439965;35639.24413439965;35639.24413439965;35639.24413439965;35639.24413439965;35639.24413439965;35639.24413439965;35639.24413439965;35639.24413439965;35639.24413439965;35639.24413439965;35639.24413439965;35639.24413439965;35639.24413439965;35639.24413439965;35639.24413439965;
33300.0;35640.0;35640.0;35640.0;35640.0;35639.24413439965;35639.24413439965;35639.24413439965;35639.24413439965;35639.24413439965;35639.24413439965;35639.24413439965;35639.24413439965;35639.24413439965;35639.24413439965;35639.24413439965;35639.24413439965;35639.24413439965;35639.24413439965;35639.24413439965;35639.24413439965;35639.24413439965;35639.24413439965;35639.24413439965;35639.24413439965;35639.24413439965;35639.24413439965;35639.24413439965;35639.24413439965;35639.24413439965;35639.24413439965;35639.24413439965;35639.24413439965;35639.24413439965;35639.24413439965;35639.24413439965;35639.24413439965;35639.24413439965;35639.24413439965;35639.24413439965;35639.24413439965;35639.24413439965;35639.24413439965;35639.24413439965;35639.24413439965;
33300.0;35640.0;35640.0;35640.0;35640.0;35639.237324799644;35639.237324799644;35639.237324799644;35639.237324799644;35639.237324799644;35639.237324799644;35639.237324799644;35639.237324799644;35639.237324799644;35639.237324799644;35639.237324799644;35639.237324799644;35639.237324799644;35639.237324799644;35639.237324799644;35639.237324799644;35639.237324799644;35639.237324799644;35639.237324799644;35639.237324799644;35639.237324799644;35639.237324799644;35639.237324799644;35639.237324799644;35639.237324799644;35639.237324799644;35639.237324799644;35639.237324799644;35639.237324799644;35639.237324799644;35639.237324799644;35639.237324799644;35639.237324799644;35639.237324799644;35639.237324799644;35639.237324799644;35639.237324799644;35639.237324799644;35639.237324799644;35639.237324799644;
33300.38454279444;35640.0;35640.0;35640.0;35640.0;35639.237324799644;35639.237324799644;35639.237324799644;35639.237324799644;35639.237324799644;35639.237324799644;35639.237324799644;35639.237324799644;35639.237324799644;35639.237324799644;35639.237324799644;35639.237324799644;35639.237324799644;35639.237324799644;35639.237324799644;35639.237324799644;35639.237324799644;35639.237324799644;35639.237324799644;35639.237324799644;35639.237324799644;35639.237324799644;35639.237324799644;35639.237324799644;35639.237324799644;35639.237324799644;35639.237324799644;35639.237324799644;35639.237324799644;35639.237324799644;35639.237324799644;35639.237324799644;35639.237324799644;35639.237324799644;35639.237324799644;35639.237324799644;35639.237324799644;35639.237324799644;35639.237324799644;35639.237324799644;
33600.0;35640.0;35640.0;35640.0;35640.0;35639.237324799644;35639.237324799644;35639.237324799644;35639.237324799644;35639.237324799644;35639.237324799644;35639.237324799644;35639.237324799644;35639.237324799644;35639.237324799644;35639.237324799644;35639.237324799644;35639.237324799644;35639.237324799644;35639.237324799644;35639.237324799644;35639.237324799644;35639.237324799644;35639.237324799644;35639.237324799644;35639.237324799644;35639.237324799644;35639.237324799644;35639.237324799644;35639.237324799644;35639.237324799644;35639.237324799644;35639.237324799644;35639.237324799644;35639.237324799644;35639.237324799644;35639.237324799644;35639.237324799644;35639.237324799644;35639.237324799644;35639.237324799644;35639.237324799644;35639.237324799644;35639.237324799644;35639.237324799644;
33600.0;35640.0;35640.0;35640.0;35640.0;35639.23051519964;35639.23051519964;35639.23051519964;35639.23051519964;35639.23051519964;35639.23051519964;35639.23051519964;35639.23051519964;35639.23051519964;35639.23051519964;35639.23051519964;35639.23051519964;35639.23051519964;35639.23051519964;35639.23051519964;35639.23051519964;35639.23051519964;35639.23051519964;35639.23051519964;35639.23051519964;35639.23051519964;35639.23051519964;35639.23051519964;35639.23051519964;35639.23051519964;35639.23051519964;35639.23051519964;35639.23051519964;35639.23051519964;35639.23051519964;35639.23051519964;35639.23051519964;35639.23051519964;35639.23051519964;35639.23051519964;35639.23051519964;35639.23051519964;35639.23051519964;35639.23051519964;35639.23051519964;
33600.38454279444;35640.0;35640.0;35640.0;35640.0;35639.23051519964;35639.23051519964;35639.23051519964;35639.23051519964;35639.23051519964;35639.23051519964;35639.23051519964;35639.23051519964;35639.23051519964;35639.23051519964;35639.23051519964;35639.23051519964;35639.23051519964;35639.23051519964;35639.23051519964;35639.23051519964;35639.23051519964;35639.23051519964;35639.23051519964;35639.23051519964;35639.23051519964;35639.23051519964;35639.23051519964;35639.23051519964;35639.23051519964;35639.23051519964;35639.23051519964;35639.23051519964;35639.23051519964;35639.23051519964;35639.23051519964;35639.23051519964;35639.23051519964;35639.23051519964;35639.23051519964;35639.23051519964;35639.23051519964;35639.23051519964;35639.23051519964;35639.23051519964;
33660.0;35640.0;35640.0;35640.0;35640.0;35639.23051519964;35639.23051519964;35639.23051519964;35639.23051519964;35639.23051519964;35639.23051519964;35639.23051519964;35639.23051519964;35639.23051519964;35639.23051519964;35639.23051519964;35639.23051519964;35639.23051519964;35639.23051519964;35639.23051519964;35639.23051519964;35639.23051519964;35639.23051519964;35639.23051519964;35639.23051519964;35639.23051519964;35639.23051519964;35639.23051519964;35639.23051519964;35639.23051519964;35639.23051519964;35639.23051519964;35639.23051519964;35639.23051519964;35639.23051519964;35639.23051519964;35639.23051519964;35639.23051519964;35639.23051519964;35639.23051519964;35639.23051519964;35639.23051519964;35639.23051519964;35639.23051519964;35639.23051519964;
33900.0;35640.0;35640.0;35640.0;35640.0;35639.23051519964;35639.23051519964;35639.23051519964;35639.23051519964;35639.23051519964;35639.23051519964;35639.23051519964;35639.23051519964;35639.23051519964;35639.23051519964;35639.23051519964;35639.23051519964;35639.23051519964;35639.23051519964;35639.23051519964;35639.23051519964;35639.23051519964;35639.23051519964;35639.23051519964;35639.23051519964;35639.23051519964;35639.23051519964;35639.23051519964;35639.23051519964;35639.23051519964;35639.23051519964;35639.23051519964;35639.23051519964;35639.23051519964;35639.23051519964;35639.23051519964;35639.23051519964;35639.23051519964;35639.23051519964;35639.23051519964;35639.23051519964;35639.23051519964;35639.23051519964;35639.23051519964;35639.23051519964;
33900.0;35640.0;35640.0;35640.0;35640.0;35639.22370559964;35639.22370559964;35639.22370559964;35639.22370559964;35639.22370559964;35639.22370559964;35639.22370559964;35639.22370559964;35639.22370559964;35639.22370559964;35639.22370559964;35639.22370559964;35639.22370559964;35639.22370559964;35639.22370559964;35639.22370559964;35639.22370559964;35639.22370559964;35639.22370559964;35639.22370559964;35639.22370559964;35639.22370559964;35639.22370559964;35639.22370559964;35639.22370559964;35639.22370559964;35639.22370559964;35639.22370559964;35639.22370559964;35639.22370559964;35639.22370559964;35639.22370559964;35639.22370559964;35639.22370559964;35639.22370559964;35639.22370559964;35639.22370559964;35639.22370559964;35639.22370559964;35639.22370559964;
33900.38454279444;35640.0;35640.0;35640.0;35640.0;35639.22370559964;35639.22370559964;35639.22370559964;35639.22370559964;35639.22370559964;35639.22370559964;35639.22370559964;35639.22370559964;35639.22370559964;35639.22370559964;35639.22370559964;35639.22370559964;35639.22370559964;35639.22370559964;35639.22370559964;35639.22370559964;35639.22370559964;35639.22370559964;35639.22370559964;35639.22370559964;35639.22370559964;35639.22370559964;35639.22370559964;35639.22370559964;35639.22370559964;35639.22370559964;35639.22370559964;35639.22370559964;35639.22370559964;35639.22370559964;35639.22370559964;35639.22370559964;35639.22370559964;35639.22370559964;35639.22370559964;35639.22370559964;35639.22370559964;35639.22370559964;35639.22370559964;35639.22370559964;
34200.0;35640.0;35640.0;35640.0;35640.0;35639.22370559964;35639.22370559964;35639.22370559964;35639.22370559964;35639.22370559964;35639.22370559964;35639.22370559964;35639.22370559964;35639.22370559964;35639.22370559964;35639.22370559964;35639.22370559964;35639.22370559964;35639.22370559964;35639.22370559964;35639.22370559964;35639.22370559964;35639.22370559964;35639.22370559964;35639.22370559964;35639.22370559964;35639.22370559964;35639.22370559964;35639.22370559964;35639.22370559964;35639.22370559964;35639.22370559964;35639.22370559964;35639.22370559964;35639.22370559964;35639.22370559964;35639.22370559964;35639.22370559964;35639.22370559964;35639.22370559964;35639.22370559964;35639.22370559964;35639.22370559964;35639.22370559964;35639.22370559964;
34200.0;35640.0;35640.0;35640.0;35640.0;35639.216895999634;35639.216895999634;35639.216895999634;35639.216895999634;35639.216895999634;35639.216895999634;35639.216895999634;35639.216895999634;35639.216895999634;35639.216895999634;35639.216895999634;35639.216895999634;35639.216895999634;35639.216895999634;35639.216895999634;35639.216895999634;35639.216895999634;35639.216895999634;35639.216895999634;35639.216895999634;35639.216895999634;35639.216895999634;35639.216895999634;35639.216895999634;35639.216895999634;35639.216895999634;35639.216895999634;35639.216895999634;35639.216895999634;35639.216895999634;35639.216895999634;35639.216895999634;35639.216895999634;35639.216895999634;35639.216895999634;35639.216895999634;35639.216895999634;35639.216895999634;35639.216895999634;35639.216895999634;
34200.38454279444;35640.0;35640.0;35640.0;35640.0;35639.216895999634;35639.216895999634;35639.216895999634;35639.216895999634;35639.216895999634;35639.216895999634;35639.216895999634;35639.216895999634;35639.216895999634;35639.216895999634;35639.216895999634;35639.216895999634;35639.216895999634;35639.216895999634;35639.216895999634;35639.216895999634;35639.216895999634;35639.216895999634;35639.216895999634;35639.216895999634;35639.216895999634;35639.216895999634;35639.216895999634;35639.216895999634;35639.216895999634;35639.216895999634;35639.216895999634;35639.216895999634;35639.216895999634;35639.216895999634;35639.216895999634;35639.216895999634;35639.216895999634;35639.216895999634;35639.216895999634;35639.216895999634;35639.216895999634;35639.216895999634;35639.216895999634;35639.216895999634;
34500.0;35640.0;35640.0;35640.0;35640.0;35639.216895999634;35639.216895999634;35639.216895999634;35639.216895999634;35639.216895999634;35639.216895999634;35639.216895999634;35639.216895999634;35639.216895999634;35639.216895999634;35639.216895999634;35639.216895999634;35639.216895999634;35639.216895999634;35639.216895999634;35639.216895999634;35639.216895999634;35639.216895999634;35639.216895999634;35639.216895999634;35639.216895999634;35639.216895999634;35639.216895999634;35639.216895999634;35639.216895999634;35639.216895999634;35639.216895999634;35639.216895999634;35639.216895999634;35639.216895999634;35639.216895999634;35639.216895999634;35639.216895999634;35639.216895999634;35639.216895999634;35639.216895999634;35639.216895999634;35639.216895999634;35639.216895999634;35639.216895999634;
34500.0;35640.0;35640.0;35640.0;35640.0;35639.21008639963;35639.21008639963;35639.21008639963;35639.21008639963;35639.21008639963;35639.21008639963;35639.21008639963;35639.21008639963;35639.21008639963;35639.21008639963;35639.21008639963;35639.21008639963;35639.21008639963;35639.21008639963;35639.21008639963;35639.21008639963;35639.21008639963;35639.21008639963;35639.21008639963;35639.21008639963;35639.21008639963;35639.21008639963;35639.21008639963;35639.21008639963;35639.21008639963;35639.21008639963;35639.21008639963;35639.21008639963;35639.21008639963;35639.21008639963;35639.21008639963;35639.21008639963;35639.21008639963;35639.21008639963;35639.21008639963;35639.21008639963;35639.21008639963;35639.21008639963;35639.21008639963;35639.21008639963;
34500.38454279444;35640.0;35640.0;35640.0;35640.0;35639.21008639963;35639.21008639963;35639.21008639963;35639.21008639963;35639.21008639963;35639.21008639963;35639.21008639963;35639.21008639963;35639.21008639963;35639.21008639963;35639.21008639963;35639.21008639963;35639.21008639963;35639.21008639963;35639.21008639963;35639.21008639963;35639.21008639963;35639.21008639963;35639.21008639963;35639.21008639963;35639.21008639963;35639.21008639963;35639.21008639963;35639.21008639963;35639.21008639963;35639.21008639963;35639.21008639963;35639.21008639963;35639.21008639963;35639.21008639963;35639.21008639963;35639.21008639963;35639.21008639963;35639.21008639963;35639.21008639963;35639.21008639963;35639.21008639963;35639.21008639963;35639.21008639963;35639.21008639963;
34800.0;35640.0;35640.0;35640.0;35640.0;35639.21008639963;35639.21008639963;35639.21008639963;35639.21008639963;35639.21008639963;35639.21008639963;35639.21008639963;35639.21008639963;35639.21008639963;35639.21008639963;35639.21008639963;35639.21008639963;35639.21008639963;35639.21008639963;35639.21008639963;35639.21008639963;35639.21008639963;35639.21008639963;35639.21008639963;35639.21008639963;35639.21008639963;35639.21008639963;35639.21008639963;35639.21008639963;35639.21008639963;35639.21008639963;35639.21008639963;35639.21008639963;35639.21008639963;35639.21008639963;35639.21008639963;35639.21008639963;35639.21008639963;35639.21008639963;35639.21008639963;35639.21008639963;35639.21008639963;35639.21008639963;35639.21008639963;35639.21008639963;
34800.0;35640.0;35640.0;35640.0;35640.0;35639.20327679963;35639.20327679963;35639.20327679963;35639.20327679963;35639.20327679963;35639.20327679963;35639.20327679963;35639.20327679963;35639.20327679963;35639.20327679963;35639.20327679963;35639.20327679963;35639.20327679963;35639.20327679963;35639.20327679963;35639.20327679963;35639.20327679963;35639.20327679963;35639.20327679963;35639.20327679963;35639.20327679963;35639.20327679963;35639.20327679963;35639.20327679963;35639.20327679963;35639.20327679963;35639.20327679963;35639.20327679963;35639.20327679963;35639.20327679963;35639.20327679963;35639.20327679963;35639.20327679963;35639.20327679963;35639.20327679963;35639.20327679963;35639.20327679963;35639.20327679963;35639.20327679963;35639.20327679963;
34800.38454279444;35640.0;35640.0;35640.0;35640.0;35639.20327679963;35639.20327679963;35639.20327679963;35639.20327679963;35639.20327679963;35639.20327679963;35639.20327679963;35639.20327679963;35639.20327679963;35639.20327679963;35639.20327679963;35639.20327679963;35639.20327679963;35639.20327679963;35639.20327679963;35639.20327679963;35639.20327679963;35639.20327679963;35639.20327679963;35639.20327679963;35639.20327679963;35639.20327679963;35639.20327679963;35639.20327679963;35639.20327679963;35639.20327679963;35639.20327679963;35639.20327679963;35639.20327679963;35639.20327679963;35639.20327679963;35639.20327679963;35639.20327679963;35639.20327679963;35639.20327679963;35639.20327679963;35639.20327679963;35639.20327679963;35639.20327679963;35639.20327679963;
35100.0;35640.0;35640.0;35640.0;35640.0;35639.20327679963;35639.20327679963;35639.20327679963;35639.20327679963;35639.20327679963;35639.20327679963;35639.20327679963;35639.20327679963;35639.20327679963;35639.20327679963;35639.20327679963;35639.20327679963;35639.20327679963;35639.20327679963;35639.20327679963;35639.20327679963;35639.20327679963;35639.20327679963;35639.20327679963;35639.20327679963;35639.20327679963;35639.20327679963;35639.20327679963;35639.20327679963;35639.20327679963;35639.20327679963;35639.20327679963;35639.20327679963;35639.20327679963;35639.20327679963;35639.20327679963;35639.20327679963;35639.20327679963;35639.20327679963;35639.20327679963;35639.20327679963;35639.20327679963;35639.20327679963;35639.20327679963;35639.20327679963;
35100.0;35640.0;35640.0;35640.0;35640.0;35639.196467199625;35639.196467199625;35639.196467199625;35639.196467199625;35639.196467199625;35639.196467199625;35639.196467199625;35639.196467199625;35639.196467199625;35639.196467199625;35639.196467199625;35639.196467199625;35639.196467199625;35639.196467199625;35639.196467199625;35639.196467199625;35639.196467199625;35639.196467199625;35639.196467199625;35639.196467199625;35639.196467199625;35639.196467199625;35639.196467199625;35639.196467199625;35639.196467199625;35639.196467199625;35639.196467199625;35639.196467199625;35639.196467199625;35639.196467199625;35639.196467199625;35639.196467199625;35639.196467199625;35639.196467199625;35639.196467199625;35639.196467199625;35639.196467199625;35639.196467199625;35639.196467199625;35639.196467199625;
35100.38454279444;35640.0;35640.0;35640.0;35640.0;35639.196467199625;35639.196467199625;35639.196467199625;35639.196467199625;35639.196467199625;35639.196467199625;35639.196467199625;35639.196467199625;35639.196467199625;35639.196467199625;35639.196467199625;35639.196467199625;35639.196467199625;35639.196467199625;35639.196467199625;35639.196467199625;35639.196467199625;35639.196467199625;35639.196467199625;35639.196467199625;35639.196467199625;35639.196467199625;35639.196467199625;35639.196467199625;35639.196467199625;35639.196467199625;35639.196467199625;35639.196467199625;35639.196467199625;35639.196467199625;35639.196467199625;35639.196467199625;35639.196467199625;35639.196467199625;35639.196467199625;35639.196467199625;35639.196467199625;35639.196467199625;35639.196467199625;35639.196467199625;
35400.0;35640.0;35640.0;35640.0;35640.0;35639.196467199625;35639.196467199625;35639.196467199625;35639.196467199625;35639.196467199625;35639.196467199625;35639.196467199625;35639.196467199625;35639.196467199625;35639.196467199625;35639.196467199625;35639.196467199625;35639.196467199625;35639.196467199625;35639.196467199625;35639.196467199625;35639.196467199625;35639.196467199625;35639.196467199625;35639.196467199625;35639.196467199625;35639.196467199625;35639.196467199625;35639.196467199625;35639.196467199625;35639.196467199625;35639.196467199625;35639.196467199625;35639.196467199625;35639.196467199625;35639.196467199625;35639.196467199625;35639.196467199625;35639.196467199625;35639.196467199625;35639.196467199625;35639.196467199625;35639.196467199625;35639.196467199625;35639.196467199625;
35400.0;35640.0;35640.0;35640.0;35640.0;35639.18965759962;35639.18965759962;35639.18965759962;35639.18965759962;35639.18965759962;35639.18965759962;35639.18965759962;35639.18965759962;35639.18965759962;35639.18965759962;35639.18965759962;35639.18965759962;35639.18965759962;35639.18965759962;35639.18965759962;35639.18965759962;35639.18965759962;35639.18965759962;35639.18965759962;35639.18965759962;35639.18965759962;35639.18965759962;35639.18965759962;35639.18965759962;35639.18965759962;35639.18965759962;35639.18965759962;35639.18965759962;35639.18965759962;35639.18965759962;35639.18965759962;35639.18965759962;35639.18965759962;35639.18965759962;35639.18965759962;35639.18965759962;35639.18965759962;35639.18965759962;35639.18965759962;35639.18965759962;
35400.38454279444;35640.0;35640.0;35640.0;35640.0;35639.18965759962;35639.18965759962;35639.18965759962;35639.18965759962;35639.18965759962;35639.18965759962;35639.18965759962;35639.18965759962;35639.18965759962;35639.18965759962;35639.18965759962;35639.18965759962;35639.18965759962;35639.18965759962;35639.18965759962;35639.18965759962;35639.18965759962;35639.18965759962;35639.18965759962;35639.18965759962;35639.18965759962;35639.18965759962;35639.18965759962;35639.18965759962;35639.18965759962;35639.18965759962;35639.18965759962;35639.18965759962;35639.18965759962;35639.18965759962;35639.18965759962;35639.18965759962;35639.18965759962;35639.18965759962;35639.18965759962;35639.18965759962;35639.18965759962;35639.18965759962;35639.18965759962;35639.18965759962;
35700.0;35640.0;35640.0;35640.0;35640.0;35639.18965759962;35639.18965759962;35639.18965759962;35639.18965759962;35639.18965759962;35639.18965759962;35639.18965759962;35639.18965759962;35639.18965759962;35639.18965759962;35639.18965759962;35639.18965759962;35639.18965759962;35639.18965759962;35639.18965759962;35639.18965759962;35639.18965759962;35639.18965759962;35639.18965759962;35639.18965759962;35639.18965759962;35639.18965759962;35639.18965759962;35639.18965759962;35639.18965759962;35639.18965759962;35639.18965759962;35639.18965759962;35639.18965759962;35639.18965759962;35639.18965759962;35639.18965759962;35639.18965759962;35639.18965759962;35639.18965759962;35639.18965759962;35639.18965759962;35639.18965759962;35639.18965759962;35639.18965759962;
35700.0;35640.0;35640.0;35640.0;35640.0;35639.18284799962;35639.18284799962;35639.18284799962;35639.18284799962;35639.18284799962;35639.18284799962;35639.18284799962;35639.18284799962;35639.18284799962;35639.18284799962;35639.18284799962;35639.18284799962;35639.18284799962;35639.18284799962;35639.18284799962;35639.18284799962;35639.18284799962;35639.18284799962;35639.18284799962;35639.18284799962;35639.18284799962;35639.18284799962;35639.18284799962;35639.18284799962;35639.18284799962;35639.18284799962;35639.18284799962;35639.18284799962;35639.18284799962;35639.18284799962;35639.18284799962;35639.18284799962;35639.18284799962;35639.18284799962;35639.18284799962;35639.18284799962;35639.18284799962;35639.18284799962;35639.18284799962;35639.18284799962;
35700.0;35640.0;35640.0;35640.0;35640.0;35639.18284799962;35639.18284799962;35639.18284799962;35639.18284799962;35639.18284799962;35639.18284799962;35639.18284799962;35639.18284799962;35639.18284799962;35639.18284799962;35639.18284799962;35639.18284799962;35639.18284799962;35639.18284799962;35639.18284799962;35639.18284799962;35639.18284799962;35639.18284799962;35639.18284799962;35639.18284799962;35639.18284799962;35639.18284799962;35639.18284799962;35639.18284799962;35639.18284799962;35639.18284799962;35639.18284799962;35639.18284799962;35639.18284799962;35639.18284799962;35639.18284799962;35639.18284799962;35639.18284799962;35639.18284799962;35639.18284799962;35639.18284799962;35639.18284799962;35639.18284799962;35639.18284799962;35639.18284799962;
35700.38454279444;35640.0;35640.0;35640.0;35640.0;35639.18284799962;35639.18284799962;35639.18284799962;35639.18284799962;35639.18284799962;35639.18284799962;35639.18284799962;35639.18284799962;35639.18284799962;35639.18284799962;35639.18284799962;35639.18284799962;35639.18284799962;35639.18284799962;35639.18284799962;35639.18284799962;35639.18284799962;35639.18284799962;35639.18284799962;35639.18284799962;35639.18284799962;35639.18284799962;35639.18284799962;35639.18284799962;35639.18284799962;35639.18284799962;35639.18284799962;35639.18284799962;35639.18284799962;35639.18284799962;35639.18284799962;35639.18284799962;35639.18284799962;35639.18284799962;35639.18284799962;35639.18284799962;35639.18284799962;35639.18284799962;35639.18284799962;35639.18284799962;
36000.0;35640.0;35640.0;35640.0;35640.0;35639.18284799962;35639.18284799962;35639.18284799962;35639.18284799962;35639.18284799962;35639.18284799962;35639.18284799962;35639.18284799962;35639.18284799962;35639.18284799962;35639.18284799962;35639.18284799962;35639.18284799962;35639.18284799962;35639.18284799962;35639.18284799962;35639.18284799962;35639.18284799962;35639.18284799962;35639.18284799962;35639.18284799962;35639.18284799962;35639.18284799962;35639.18284799962;35639.18284799962;35639.18284799962;35639.18284799962;35639.18284799962;35639.18284799962;35639.18284799962;35639.18284799962;35639.18284799962;35639.18284799962;35639.18284799962;35639.18284799962;35639.18284799962;35639.18284799962;35639.18284799962;35639.18284799962;35639.18284799962;
36000.0;35640.0;35640.0;35640.0;35640.0;35639.176038399615;35639.176038399615;35639.176038399615;35639.176038399615;35639.176038399615;35639.176038399615;35639.176038399615;35639.176038399615;35639.176038399615;35639.176038399615;35639.176038399615;35639.176038399615;35639.176038399615;35639.176038399615;35639.176038399615;35639.176038399615;35639.176038399615;35639.176038399615;35639.176038399615;35639.176038399615;35639.176038399615;35639.176038399615;35639.176038399615;35639.176038399615;35639.176038399615;35639.176038399615;35639.176038399615;35639.176038399615;35639.176038399615;35639.176038399615;35639.176038399615;35639.176038399615;35639.176038399615;35639.176038399615;35639.176038399615;35639.176038399615;35639.176038399615;35639.176038399615;35639.176038399615;35639.176038399615;
36000.38454279444;35640.0;35640.0;35640.0;35640.0;35639.176038399615;35639.176038399615;35639.176038399615;35639.176038399615;35639.176038399615;35639.176038399615;35639.176038399615;35639.176038399615;35639.176038399615;35639.176038399615;35639.176038399615;35639.176038399615;35639.176038399615;35639.176038399615;35639.176038399615;35639.176038399615;35639.176038399615;35639.176038399615;35639.176038399615;35639.176038399615;35639.176038399615;35639.176038399615;35639.176038399615;35639.176038399615;35639.176038399615;35639.176038399615;35639.176038399615;35639.176038399615;35639.176038399615;35639.176038399615;35639.176038399615;35639.176038399615;35639.176038399615;35639.176038399615;35639.176038399615;35639.176038399615;35639.176038399615;35639.176038399615;35639.176038399615;35639.176038399615;
36300.0;35640.0;35640.0;35640.0;35640.0;35639.176038399615;35639.176038399615;35639.176038399615;35639.176038399615;35639.176038399615;35639.176038399615;35639.176038399615;35639.176038399615;35639.176038399615;35639.176038399615;35639.176038399615;35639.176038399615;35639.176038399615;35639.176038399615;35639.176038399615;35639.176038399615;35639.176038399615;35639.176038399615;35639.176038399615;35639.176038399615;35639.176038399615;35639.176038399615;35639.176038399615;35639.176038399615;35639.176038399615;35639.176038399615;35639.176038399615;35639.176038399615;35639.176038399615;35639.176038399615;35639.176038399615;35639.176038399615;35639.176038399615;35639.176038399615;35639.176038399615;35639.176038399615;35639.176038399615;35639.176038399615;35639.176038399615;35639.176038399615;
36300.0;35640.0;35640.0;35640.0;35640.0;35639.16922879961;35639.16922879961;35639.16922879961;35639.16922879961;35639.16922879961;35639.16922879961;35639.16922879961;35639.16922879961;35639.16922879961;35639.16922879961;35639.16922879961;35639.16922879961;35639.16922879961;35639.16922879961;35639.16922879961;35639.16922879961;35639.16922879961;35639.16922879961;35639.16922879961;35639.16922879961;35639.16922879961;35639.16922879961;35639.16922879961;35639.16922879961;35639.16922879961;35639.16922879961;35639.16922879961;35639.16922879961;35639.16922879961;35639.16922879961;35639.16922879961;35639.16922879961;35639.16922879961;35639.16922879961;35639.16922879961;35639.16922879961;35639.16922879961;35639.16922879961;35639.16922879961;35639.16922879961;
36300.38454279444;35640.0;35640.0;35640.0;35640.0;35639.16922879961;35639.16922879961;35639.16922879961;35639.16922879961;35639.16922879961;35639.16922879961;35639.16922879961;35639.16922879961;35639.16922879961;35639.16922879961;35639.16922879961;35639.16922879961;35639.16922879961;35639.16922879961;35639.16922879961;35639.16922879961;35639.16922879961;35639.16922879961;35639.16922879961;35639.16922879961;35639.16922879961;35639.16922879961;35639.16922879961;35639.16922879961;35639.16922879961;35639.16922879961;35639.16922879961;35639.16922879961;35639.16922879961;35639.16922879961;35639.16922879961;35639.16922879961;35639.16922879961;35639.16922879961;35639.16922879961;35639.16922879961;35639.16922879961;35639.16922879961;35639.16922879961;35639.16922879961;
36600.0;35640.0;35640.0;35640.0;35640.0;35639.16922879961;35639.16922879961;35639.16922879961;35639.16922879961;35639.16922879961;35639.16922879961;35639.16922879961;35639.16922879961;35639.16922879961;35639.16922879961;35639.16922879961;35639.16922879961;35639.16922879961;35639.16922879961;35639.16922879961;35639.16922879961;35639.16922879961;35639.16922879961;35639.16922879961;35639.16922879961;35639.16922879961;35639.16922879961;35639.16922879961;35639.16922879961;35639.16922879961;35639.16922879961;35639.16922879961;35639.16922879961;35639.16922879961;35639.16922879961;35639.16922879961;35639.16922879961;35639.16922879961;35639.16922879961;35639.16922879961;35639.16922879961;35639.16922879961;35639.16922879961;35639.16922879961;35639.16922879961;
36600.0;35640.0;35640.0;35640.0;35640.0;35639.16241919961;35639.16241919961;35639.16241919961;35639.16241919961;35639.16241919961;35639.16241919961;35639.16241919961;35639.16241919961;35639.16241919961;35639.16241919961;35639.16241919961;35639.16241919961;35639.16241919961;35639.16241919961;35639.16241919961;35639.16241919961;35639.16241919961;35639.16241919961;35639.16241919961;35639.16241919961;35639.16241919961;35639.16241919961;35639.16241919961;35639.16241919961;35639.16241919961;35639.16241919961;35639.16241919961;35639.16241919961;35639.16241919961;35639.16241919961;35639.16241919961;35639.16241919961;35639.16241919961;35639.16241919961;35639.16241919961;35639.16241919961;35639.16241919961;35639.16241919961;35639.16241919961;35639.16241919961;
36600.38454279444;35640.0;35640.0;35640.0;35640.0;35639.16241919961;35639.16241919961;35639.16241919961;35639.16241919961;35639.16241919961;35639.16241919961;35639.16241919961;35639.16241919961;35639.16241919961;35639.16241919961;35639.16241919961;35639.16241919961;35639.16241919961;35639.16241919961;35639.16241919961;35639.16241919961;35639.16241919961;35639.16241919961;35639.16241919961;35639.16241919961;35639.16241919961;35639.16241919961;35639.16241919961;35639.16241919961;35639.16241919961;35639.16241919961;35639.16241919961;35639.16241919961;35639.16241919961;35639.16241919961;35639.16241919961;35639.16241919961;35639.16241919961;35639.16241919961;35639.16241919961;35639.16241919961;35639.16241919961;35639.16241919961;35639.16241919961;35639.16241919961;
36900.0;35640.0;35640.0;35640.0;35640.0;35639.16241919961;35639.16241919961;35639.16241919961;35639.16241919961;35639.16241919961;35639.16241919961;35639.16241919961;35639.16241919961;35639.16241919961;35639.16241919961;35639.16241919961;35639.16241919961;35639.16241919961;35639.16241919961;35639.16241919961;35639.16241919961;35639.16241919961;35639.16241919961;35639.16241919961;35639.16241919961;35639.16241919961;35639.16241919961;35639.16241919961;35639.16241919961;35639.16241919961;35639.16241919961;35639.16241919961;35639.16241919961;35639.16241919961;35639.16241919961;35639.16241919961;35639.16241919961;35639.16241919961;35639.16241919961;35639.16241919961;35639.16241919961;35639.16241919961;35639.16241919961;35639.16241919961;35639.16241919961;
36900.0;35640.0;35640.0;35640.0;35640.0;35639.155609599606;35639.155609599606;35639.155609599606;35639.155609599606;35639.155609599606;35639.155609599606;35639.155609599606;35639.155609599606;35639.155609599606;35639.155609599606;35639.155609599606;35639.155609599606;35639.155609599606;35639.155609599606;35639.155609599606;35639.155609599606;35639.155609599606;35639.155609599606;35639.155609599606;35639.155609599606;35639.155609599606;35639.155609599606;35639.155609599606;35639.155609599606;35639.155609599606;35639.155609599606;35639.155609599606;35639.155609599606;35639.155609599606;35639.155609599606;35639.155609599606;35639.155609599606;35639.155609599606;35639.155609599606;35639.155609599606;35639.155609599606;35639.155609599606;35639.155609599606;35639.155609599606;35639.155609599606;
36900.38454279444;35640.0;35640.0;35640.0;35640.0;35639.155609599606;35639.155609599606;35639.155609599606;35639.155609599606;35639.155609599606;35639.155609599606;35639.155609599606;35639.155609599606;35639.155609599606;35639.155609599606;35639.155609599606;35639.155609599606;35639.155609599606;35639.155609599606;35639.155609599606;35639.155609599606;35639.155609599606;35639.155609599606;35639.155609599606;35639.155609599606;35639.155609599606;35639.155609599606;35639.155609599606;35639.155609599606;35639.155609599606;35639.155609599606;35639.155609599606;35639.155609599606;35639.155609599606;35639.155609599606;35639.155609599606;35639.155609599606;35639.155609599606;35639.155609599606;35639.155609599606;35639.155609599606;35639.155609599606;35639.155609599606;35639.155609599606;35639.155609599606;
37200.0;35640.0;35640.0;35640.0;35640.0;35639.155609599606;35639.155609599606;35639.155609599606;35639.155609599606;35639.155609599606;35639.155609599606;35639.155609599606;35639.155609599606;35639.155609599606;35639.155609599606;35639.155609599606;35639.155609599606;35639.155609599606;35639.155609599606;35639.155609599606;35639.155609599606;35639.155609599606;35639.155609599606;35639.155609599606;35639.155609599606;35639.155609599606;35639.155609599606;35639.155609599606;35639.155609599606;35639.155609599606;35639.155609599606;35639.155609599606;35639.155609599606;35639.155609599606;35639.155609599606;35639.155609599606;35639.155609599606;35639.155609599606;35639.155609599606;35639.155609599606;35639.155609599606;35639.155609599606;35639.155609599606;35639.155609599606;35639.155609599606;
37200.0;35640.0;35640.0;35640.0;35640.0;35639.1487999996;35639.1487999996;35639.1487999996;35639.1487999996;35639.1487999996;35639.1487999996;35639.1487999996;35639.1487999996;35639.1487999996;35639.1487999996;35639.1487999996;35639.1487999996;35639.1487999996;35639.1487999996;35639.1487999996;35639.1487999996;35639.1487999996;35639.1487999996;35639.1487999996;35639.1487999996;35639.1487999996;35639.1487999996;35639.1487999996;35639.1487999996;35639.1487999996;35639.1487999996;35639.1487999996;35639.1487999996;35639.1487999996;35639.1487999996;35639.1487999996;35639.1487999996;35639.1487999996;35639.1487999996;35639.1487999996;35639.1487999996;35639.1487999996;35639.1487999996;35639.1487999996;35639.1487999996;
37200.38454279444;35640.0;35640.0;35640.0;35640.0;35639.1487999996;35639.1487999996;35639.1487999996;35639.1487999996;35639.1487999996;35639.1487999996;35639.1487999996;35639.1487999996;35639.1487999996;35639.1487999996;35639.1487999996;35639.1487999996;35639.1487999996;35639.1487999996;35639.1487999996;35639.1487999996;35639.1487999996;35639.1487999996;35639.1487999996;35639.1487999996;35639.1487999996;35639.1487999996;35639.1487999996;35639.1487999996;35639.1487999996;35639.1487999996;35639.1487999996;35639.1487999996;35639.1487999996;35639.1487999996;35639.1487999996;35639.1487999996;35639.1487999996;35639.1487999996;35639.1487999996;35639.1487999996;35639.1487999996;35639.1487999996;35639.1487999996;35639.1487999996;
37500.0;35640.0;35640.0;35640.0;35640.0;35639.1487999996;35639.1487999996;35639.1487999996;35639.1487999996;35639.1487999996;35639.1487999996;35639.1487999996;35639.1487999996;35639.1487999996;35639.1487999996;35639.1487999996;35639.1487999996;35639.1487999996;35639.1487999996;35639.1487999996;35639.1487999996;35639.1487999996;35639.1487999996;35639.1487999996;35639.1487999996;35639.1487999996;35639.1487999996;35639.1487999996;35639.1487999996;35639.1487999996;35639.1487999996;35639.1487999996;35639.1487999996;35639.1487999996;35639.1487999996;35639.1487999996;35639.1487999996;35639.1487999996;35639.1487999996;35639.1487999996;35639.1487999996;35639.1487999996;35639.1487999996;35639.1487999996;35639.1487999996;
37500.0;35640.0;35640.0;35640.0;35640.0;35639.1419903996;35639.1419903996;35639.1419903996;35639.1419903996;35639.1419903996;35639.1419903996;35639.1419903996;35639.1419903996;35639.1419903996;35639.1419903996;35639.1419903996;35639.1419903996;35639.1419903996;35639.1419903996;35639.1419903996;35639.1419903996;35639.1419903996;35639.1419903996;35639.1419903996;35639.1419903996;35639.1419903996;35639.1419903996;35639.1419903996;35639.1419903996;35639.1419903996;35639.1419903996;35639.1419903996;35639.1419903996;35639.1419903996;35639.1419903996;35639.1419903996;35639.1419903996;35639.1419903996;35639.1419903996;35639.1419903996;35639.1419903996;35639.1419903996;35639.1419903996;35639.1419903996;35639.1419903996;
37500.38454279444;35640.0;35640.0;35640.0;35640.0;35639.1419903996;35639.1419903996;35639.1419903996;35639.1419903996;35639.1419903996;35639.1419903996;35639.1419903996;35639.1419903996;35639.1419903996;35639.1419903996;35639.1419903996;35639.1419903996;35639.1419903996;35639.1419903996;35639.1419903996;35639.1419903996;35639.1419903996;35639.1419903996;35639.1419903996;35639.1419903996;35639.1419903996;35639.1419903996;35639.1419903996;35639.1419903996;35639.1419903996;35639.1419903996;35639.1419903996;35639.1419903996;35639.1419903996;35639.1419903996;35639.1419903996;35639.1419903996;35639.1419903996;35639.1419903996;35639.1419903996;35639.1419903996;35639.1419903996;35639.1419903996;35639.1419903996;35639.1419903996;
37800.0;35640.0;35640.0;35640.0;35640.0;35639.1419903996;35639.1419903996;35639.1419903996;35639.1419903996;35639.1419903996;35639.1419903996;35639.1419903996;35639.1419903996;35639.1419903996;35639.1419903996;35639.1419903996;35639.1419903996;35639.1419903996;35639.1419903996;35639.1419903996;35639.1419903996;35639.1419903996;35639.1419903996;35639.1419903996;35639.1419903996;35639.1419903996;35639.1419903996;35639.1419903996;35639.1419903996;35639.1419903996;35639.1419903996;35639.1419903996;35639.1419903996;35639.1419903996;35639.1419903996;35639.1419903996;35639.1419903996;35639.1419903996;35639.1419903996;35639.1419903996;35639.1419903996;35639.1419903996;35639.1419903996;35639.1419903996;35639.1419903996;
37800.0;35640.0;35640.0;35640.0;35640.0;35639.135180799596;35639.135180799596;35639.135180799596;35639.135180799596;35639.135180799596;35639.135180799596;35639.135180799596;35639.135180799596;35639.135180799596;35639.135180799596;35639.135180799596;35639.135180799596;35639.135180799596;35639.135180799596;35639.135180799596;35639.135180799596;35639.135180799596;35639.135180799596;35639.135180799596;35639.135180799596;35639.135180799596;35639.135180799596;35639.135180799596;35639.135180799596;35639.135180799596;35639.135180799596;35639.135180799596;35639.135180799596;35639.135180799596;35639.135180799596;35639.135180799596;35639.135180799596;35639.135180799596;35639.135180799596;35639.135180799596;35639.135180799596;35639.135180799596;35639.135180799596;35639.135180799596;35639.135180799596;
37800.0;35640.0;35640.0;35640.0;35640.0;35639.135180799596;35639.135180799596;35639.135180799596;35639.135180799596;35639.135180799596;35639.135180799596;35639.135180799596;35639.135180799596;35639.135180799596;35639.135180799596;35639.135180799596;35639.135180799596;35639.135180799596;35639.135180799596;35639.135180799596;35639.135180799596;35639.135180799596;35639.135180799596;35639.135180799596;35639.135180799596;35639.135180799596;35639.135180799596;35639.135180799596;35639.135180799596;35639.135180799596;35639.135180799596;35639.135180799596;35639.135180799596;35639.135180799596;35639.135180799596;35639.135180799596;35639.135180799596;35639.135180799596;35639.135180799596;35639.135180799596;35639.135180799596;35639.135180799596;35639.135180799596;35639.135180799596;35639.135180799596;
37800.38454279444;35640.0;35640.0;35640.0;35640.0;35639.135180799596;35639.135180799596;35639.135180799596;35639.135180799596;35639.135180799596;35639.135180799596;35639.135180799596;35639.135180799596;35639.135180799596;35639.135180799596;35639.135180799596;35639.135180799596;35639.135180799596;35639.135180799596;35639.135180799596;35639.135180799596;35639.135180799596;35639.135180799596;35639.135180799596;35639.135180799596;35639.135180799596;35639.135180799596;35639.135180799596;35639.135180799596;35639.135180799596;35639.135180799596;35639.135180799596;35639.135180799596;35639.135180799596;35639.135180799596;35639.135180799596;35639.135180799596;35639.135180799596;35639.135180799596;35639.135180799596;35639.135180799596;35639.135180799596;35639.135180799596;35639.135180799596;35639.135180799596;
38100.0;35640.0;35640.0;35640.0;35640.0;35639.135180799596;35639.135180799596;35639.135180799596;35639.135180799596;35639.135180799596;35639.135180799596;35639.135180799596;35639.135180799596;35639.135180799596;35639.135180799596;35639.135180799596;35639.135180799596;35639.135180799596;35639.135180799596;35639.135180799596;35639.135180799596;35639.135180799596;35639.135180799596;35639.135180799596;35639.135180799596;35639.135180799596;35639.135180799596;35639.135180799596;35639.135180799596;35639.135180799596;35639.135180799596;35639.135180799596;35639.135180799596;35639.135180799596;35639.135180799596;35639.135180799596;35639.135180799596;35639.135180799596;35639.135180799596;35639.135180799596;35639.135180799596;35639.135180799596;35639.135180799596;35639.135180799596;35639.135180799596;
38100.0;35640.0;35640.0;35640.0;35640.0;35639.12837119959;35639.12837119959;35639.12837119959;35639.12837119959;35639.12837119959;35639.12837119959;35639.12837119959;35639.12837119959;35639.12837119959;35639.12837119959;35639.12837119959;35639.12837119959;35639.12837119959;35639.12837119959;35639.12837119959;35639.12837119959;35639.12837119959;35639.12837119959;35639.12837119959;35639.12837119959;35639.12837119959;35639.12837119959;35639.12837119959;35639.12837119959;35639.12837119959;35639.12837119959;35639.12837119959;35639.12837119959;35639.12837119959;35639.12837119959;35639.12837119959;35639.12837119959;35639.12837119959;35639.12837119959;35639.12837119959;35639.12837119959;35639.12837119959;35639.12837119959;35639.12837119959;35639.12837119959;
38100.38454279444;35640.0;35640.0;35640.0;35640.0;35639.12837119959;35639.12837119959;35639.12837119959;35639.12837119959;35639.12837119959;35639.12837119959;35639.12837119959;35639.12837119959;35639.12837119959;35639.12837119959;35639.12837119959;35639.12837119959;35639.12837119959;35639.12837119959;35639.12837119959;35639.12837119959;35639.12837119959;35639.12837119959;35639.12837119959;35639.12837119959;35639.12837119959;35639.12837119959;35639.12837119959;35639.12837119959;35639.12837119959;35639.12837119959;35639.12837119959;35639.12837119959;35639.12837119959;35639.12837119959;35639.12837119959;35639.12837119959;35639.12837119959;35639.12837119959;35639.12837119959;35639.12837119959;35639.12837119959;35639.12837119959;35639.12837119959;35639.12837119959;
38400.0;35640.0;35640.0;35640.0;35640.0;35639.12837119959;35639.12837119959;35639.12837119959;35639.12837119959;35639.12837119959;35639.12837119959;35639.12837119959;35639.12837119959;35639.12837119959;35639.12837119959;35639.12837119959;35639.12837119959;35639.12837119959;35639.12837119959;35639.12837119959;35639.12837119959;35639.12837119959;35639.12837119959;35639.12837119959;35639.12837119959;35639.12837119959;35639.12837119959;35639.12837119959;35639.12837119959;35639.12837119959;35639.12837119959;35639.12837119959;35639.12837119959;35639.12837119959;35639.12837119959;35639.12837119959;35639.12837119959;35639.12837119959;35639.12837119959;35639.12837119959;35639.12837119959;35639.12837119959;35639.12837119959;35639.12837119959;35639.12837119959;
38400.0;35640.0;35640.0;35640.0;35640.0;35639.12156159959;35639.12156159959;35639.12156159959;35639.12156159959;35639.12156159959;35639.12156159959;35639.12156159959;35639.12156159959;35639.12156159959;35639.12156159959;35639.12156159959;35639.12156159959;35639.12156159959;35639.12156159959;35639.12156159959;35639.12156159959;35639.12156159959;35639.12156159959;35639.12156159959;35639.12156159959;35639.12156159959;35639.12156159959;35639.12156159959;35639.12156159959;35639.12156159959;35639.12156159959;35639.12156159959;35639.12156159959;35639.12156159959;35639.12156159959;35639.12156159959;35639.12156159959;35639.12156159959;35639.12156159959;35639.12156159959;35639.12156159959;35639.12156159959;35639.12156159959;35639.12156159959;35639.12156159959;
38400.38454279444;35640.0;35640.0;35640.0;35640.0;35639.12156159959;35639.12156159959;35639.12156159959;35639.12156159959;35639.12156159959;35639.12156159959;35639.12156159959;35639.12156159959;35639.12156159959;35639.12156159959;35639.12156159959;35639.12156159959;35639.12156159959;35639.12156159959;35639.12156159959;35639.12156159959;35639.12156159959;35639.12156159959;35639.12156159959;35639.12156159959;35639.12156159959;35639.12156159959;35639.12156159959;35639.12156159959;35639.12156159959;35639.12156159959;35639.12156159959;35639.12156159959;35639.12156159959;35639.12156159959;35639.12156159959;35639.12156159959;35639.12156159959;35639.12156159959;35639.12156159959;35639.12156159959;35639.12156159959;35639.12156159959;35639.12156159959;35639.12156159959;
38700.0;35640.0;35640.0;35640.0;35640.0;35639.12156159959;35639.12156159959;35639.12156159959;35639.12156159959;35639.12156159959;35639.12156159959;35639.12156159959;35639.12156159959;35639.12156159959;35639.12156159959;35639.12156159959;35639.12156159959;35639.12156159959;35639.12156159959;35639.12156159959;35639.12156159959;35639.12156159959;35639.12156159959;35639.12156159959;35639.12156159959;35639.12156159959;35639.12156159959;35639.12156159959;35639.12156159959;35639.12156159959;35639.12156159959;35639.12156159959;35639.12156159959;35639.12156159959;35639.12156159959;35639.12156159959;35639.12156159959;35639.12156159959;35639.12156159959;35639.12156159959;35639.12156159959;35639.12156159959;35639.12156159959;35639.12156159959;35639.12156159959;
38700.0;35640.0;35640.0;35640.0;35640.0;35639.11475199959;35639.11475199959;35639.11475199959;35639.11475199959;35639.11475199959;35639.11475199959;35639.11475199959;35639.11475199959;35639.11475199959;35639.11475199959;35639.11475199959;35639.11475199959;35639.11475199959;35639.11475199959;35639.11475199959;35639.11475199959;35639.11475199959;35639.11475199959;35639.11475199959;35639.11475199959;35639.11475199959;35639.11475199959;35639.11475199959;35639.11475199959;35639.11475199959;35639.11475199959;35639.11475199959;35639.11475199959;35639.11475199959;35639.11475199959;35639.11475199959;35639.11475199959;35639.11475199959;35639.11475199959;35639.11475199959;35639.11475199959;35639.11475199959;35639.11475199959;35639.11475199959;35639.11475199959;
38700.38454279444;35640.0;35640.0;35640.0;35640.0;35639.11475199959;35639.11475199959;35639.11475199959;35639.11475199959;35639.11475199959;35639.11475199959;35639.11475199959;35639.11475199959;35639.11475199959;35639.11475199959;35639.11475199959;35639.11475199959;35639.11475199959;35639.11475199959;35639.11475199959;35639.11475199959;35639.11475199959;35639.11475199959;35639.11475199959;35639.11475199959;35639.11475199959;35639.11475199959;35639.11475199959;35639.11475199959;35639.11475199959;35639.11475199959;35639.11475199959;35639.11475199959;35639.11475199959;35639.11475199959;35639.11475199959;35639.11475199959;35639.11475199959;35639.11475199959;35639.11475199959;35639.11475199959;35639.11475199959;35639.11475199959;35639.11475199959;35639.11475199959;
39000.0;35640.0;35640.0;35640.0;35640.0;35639.11475199959;35639.11475199959;35639.11475199959;35639.11475199959;35639.11475199959;35639.11475199959;35639.11475199959;35639.11475199959;35639.11475199959;35639.11475199959;35639.11475199959;35639.11475199959;35639.11475199959;35639.11475199959;35639.11475199959;35639.11475199959;35639.11475199959;35639.11475199959;35639.11475199959;35639.11475199959;35639.11475199959;35639.11475199959;35639.11475199959;35639.11475199959;35639.11475199959;35639.11475199959;35639.11475199959;35639.11475199959;35639.11475199959;35639.11475199959;35639.11475199959;35639.11475199959;35639.11475199959;35639.11475199959;35639.11475199959;35639.11475199959;35639.11475199959;35639.11475199959;35639.11475199959;35639.11475199959;
39000.0;35640.0;35640.0;35640.0;35640.0;35639.10794239958;35639.10794239958;35639.10794239958;35639.10794239958;35639.10794239958;35639.10794239958;35639.10794239958;35639.10794239958;35639.10794239958;35639.10794239958;35639.10794239958;35639.10794239958;35639.10794239958;35639.10794239958;35639.10794239958;35639.10794239958;35639.10794239958;35639.10794239958;35639.10794239958;35639.10794239958;35639.10794239958;35639.10794239958;35639.10794239958;35639.10794239958;35639.10794239958;35639.10794239958;35639.10794239958;35639.10794239958;35639.10794239958;35639.10794239958;35639.10794239958;35639.10794239958;35639.10794239958;35639.10794239958;35639.10794239958;35639.10794239958;35639.10794239958;35639.10794239958;35639.10794239958;35639.10794239958;
39000.38454279444;35640.0;35640.0;35640.0;35640.0;35639.10794239958;35639.10794239958;35639.10794239958;35639.10794239958;35639.10794239958;35639.10794239958;35639.10794239958;35639.10794239958;35639.10794239958;35639.10794239958;35639.10794239958;35639.10794239958;35639.10794239958;35639.10794239958;35639.10794239958;35639.10794239958;35639.10794239958;35639.10794239958;35639.10794239958;35639.10794239958;35639.10794239958;35639.10794239958;35639.10794239958;35639.10794239958;35639.10794239958;35639.10794239958;35639.10794239958;35639.10794239958;35639.10794239958;35639.10794239958;35639.10794239958;35639.10794239958;35639.10794239958;35639.10794239958;35639.10794239958;35639.10794239958;35639.10794239958;35639.10794239958;35639.10794239958;35639.10794239958;
39300.0;35640.0;35640.0;35640.0;35640.0;35639.10794239958;35639.10794239958;35639.10794239958;35639.10794239958;35639.10794239958;35639.10794239958;35639.10794239958;35639.10794239958;35639.10794239958;35639.10794239958;35639.10794239958;35639.10794239958;35639.10794239958;35639.10794239958;35639.10794239958;35639.10794239958;35639.10794239958;35639.10794239958;35639.10794239958;35639.10794239958;35639.10794239958;35639.10794239958;35639.10794239958;35639.10794239958;35639.10794239958;35639.10794239958;35639.10794239958;35639.10794239958;35639.10794239958;35639.10794239958;35639.10794239958;35639.10794239958;35639.10794239958;35639.10794239958;35639.10794239958;35639.10794239958;35639.10794239958;35639.10794239958;35639.10794239958;35639.10794239958;
39300.0;35640.0;35640.0;35640.0;35640.0;35639.10113279958;35639.10113279958;35639.10113279958;35639.10113279958;35639.10113279958;35639.10113279958;35639.10113279958;35639.10113279958;35639.10113279958;35639.10113279958;35639.10113279958;35639.10113279958;35639.10113279958;35639.10113279958;35639.10113279958;35639.10113279958;35639.10113279958;35639.10113279958;35639.10113279958;35639.10113279958;35639.10113279958;35639.10113279958;35639.10113279958;35639.10113279958;35639.10113279958;35639.10113279958;35639.10113279958;35639.10113279958;35639.10113279958;35639.10113279958;35639.10113279958;35639.10113279958;35639.10113279958;35639.10113279958;35639.10113279958;35639.10113279958;35639.10113279958;35639.10113279958;35639.10113279958;35639.10113279958;
39300.38454279444;35640.0;35640.0;35640.0;35640.0;35639.10113279958;35639.10113279958;35639.10113279958;35639.10113279958;35639.10113279958;35639.10113279958;35639.10113279958;35639.10113279958;35639.10113279958;35639.10113279958;35639.10113279958;35639.10113279958;35639.10113279958;35639.10113279958;35639.10113279958;35639.10113279958;35639.10113279958;35639.10113279958;35639.10113279958;35639.10113279958;35639.10113279958;35639.10113279958;35639.10113279958;35639.10113279958;35639.10113279958;35639.10113279958;35639.10113279958;35639.10113279958;35639.10113279958;35639.10113279958;35639.10113279958;35639.10113279958;35639.10113279958;35639.10113279958;35639.10113279958;35639.10113279958;35639.10113279958;35639.10113279958;35639.10113279958;35639.10113279958;
39600.0;35640.0;35640.0;35640.0;35640.0;35639.10113279958;35639.10113279958;35639.10113279958;35639.10113279958;35639.10113279958;35639.10113279958;35639.10113279958;35639.10113279958;35639.10113279958;35639.10113279958;35639.10113279958;35639.10113279958;35639.10113279958;35639.10113279958;35639.10113279958;35639.10113279958;35639.10113279958;35639.10113279958;35639.10113279958;35639.10113279958;35639.10113279958;35639.10113279958;35639.10113279958;35639.10113279958;35639.10113279958;35639.10113279958;35639.10113279958;35639.10113279958;35639.10113279958;35639.10113279958;35639.10113279958;35639.10113279958;35639.10113279958;35639.10113279958;35639.10113279958;35639.10113279958;35639.10113279958;35639.10113279958;35639.10113279958;35639.10113279958;
39600.0;35640.0;35640.0;35640.0;35640.0;35639.09432319958;35639.09432319958;35639.09432319958;35639.09432319958;35639.09432319958;35639.09432319958;35639.09432319958;35639.09432319958;35639.09432319958;35639.09432319958;35639.09432319958;35639.09432319958;35639.09432319958;35639.09432319958;35639.09432319958;35639.09432319958;35639.09432319958;35639.09432319958;35639.09432319958;35639.09432319958;35639.09432319958;35639.09432319958;35639.09432319958;35639.09432319958;35639.09432319958;35639.09432319958;35639.09432319958;35639.09432319958;35639.09432319958;35639.09432319958;35639.09432319958;35639.09432319958;35639.09432319958;35639.09432319958;35639.09432319958;35639.09432319958;35639.09432319958;35639.09432319958;35639.09432319958;35639.09432319958;
39600.38454279444;35640.0;35640.0;35640.0;35640.0;35639.09432319958;35639.09432319958;35639.09432319958;35639.09432319958;35639.09432319958;35639.09432319958;35639.09432319958;35639.09432319958;35639.09432319958;35639.09432319958;35639.09432319958;35639.09432319958;35639.09432319958;35639.09432319958;35639.09432319958;35639.09432319958;35639.09432319958;35639.09432319958;35639.09432319958;35639.09432319958;35639.09432319958;35639.09432319958;35639.09432319958;35639.09432319958;35639.09432319958;35639.09432319958;35639.09432319958;35639.09432319958;35639.09432319958;35639.09432319958;35639.09432319958;35639.09432319958;35639.09432319958;35639.09432319958;35639.09432319958;35639.09432319958;35639.09432319958;35639.09432319958;35639.09432319958;35639.09432319958;
39900.0;35640.0;35640.0;35640.0;35640.0;35639.09432319958;35639.09432319958;35639.09432319958;35639.09432319958;35639.09432319958;35639.09432319958;35639.09432319958;35639.09432319958;35639.09432319958;35639.09432319958;35639.09432319958;35639.09432319958;35639.09432319958;35639.09432319958;35639.09432319958;35639.09432319958;35639.09432319958;35639.09432319958;35639.09432319958;35639.09432319958;35639.09432319958;35639.09432319958;35639.09432319958;35639.09432319958;35639.09432319958;35639.09432319958;35639.09432319958;35639.09432319958;35639.09432319958;35639.09432319958;35639.09432319958;35639.09432319958;35639.09432319958;35639.09432319958;35639.09432319958;35639.09432319958;35639.09432319958;35639.09432319958;35639.09432319958;35639.09432319958;
39900.0;35640.0;35640.0;35640.0;35640.0;35639.087513599574;35639.087513599574;35639.087513599574;35639.087513599574;35639.087513599574;35639.087513599574;35639.087513599574;35639.087513599574;35639.087513599574;35639.087513599574;35639.087513599574;35639.087513599574;35639.087513599574;35639.087513599574;35639.087513599574;35639.087513599574;35639.087513599574;35639.087513599574;35639.087513599574;35639.087513599574;35639.087513599574;35639.087513599574;35639.087513599574;35639.087513599574;35639.087513599574;35639.087513599574;35639.087513599574;35639.087513599574;35639.087513599574;35639.087513599574;35639.087513599574;35639.087513599574;35639.087513599574;35639.087513599574;35639.087513599574;35639.087513599574;35639.087513599574;35639.087513599574;35639.087513599574;35639.087513599574;
39900.38454279444;35640.0;35640.0;35640.0;35640.0;35639.087513599574;35639.087513599574;35639.087513599574;35639.087513599574;35639.087513599574;35639.087513599574;35639.087513599574;35639.087513599574;35639.087513599574;35639.087513599574;35639.087513599574;35639.087513599574;35639.087513599574;35639.087513599574;35639.087513599574;35639.087513599574;35639.087513599574;35639.087513599574;35639.087513599574;35639.087513599574;35639.087513599574;35639.087513599574;35639.087513599574;35639.087513599574;35639.087513599574;35639.087513599574;35639.087513599574;35639.087513599574;35639.087513599574;35639.087513599574;35639.087513599574;35639.087513599574;35639.087513599574;35639.087513599574;35639.087513599574;35639.087513599574;35639.087513599574;35639.087513599574;35639.087513599574;35639.087513599574;
39960.0;35640.0;35640.0;35640.0;35640.0;35639.087513599574;35639.087513599574;35639.087513599574;35639.087513599574;35639.087513599574;35639.087513599574;35639.087513599574;35639.087513599574;35639.087513599574;35639.087513599574;35639.087513599574;35639.087513599574;35639.087513599574;35639.087513599574;35639.087513599574;35639.087513599574;35639.087513599574;35639.087513599574;35639.087513599574;35639.087513599574;35639.087513599574;35639.087513599574;35639.087513599574;35639.087513599574;35639.087513599574;35639.087513599574;35639.087513599574;35639.087513599574;35639.087513599574;35639.087513599574;35639.087513599574;35639.087513599574;35639.087513599574;35639.087513599574;35639.087513599574;35639.087513599574;35639.087513599574;35639.087513599574;35639.087513599574;35639.087513599574;
40200.0;35640.0;35640.0;35640.0;35640.0;35639.087513599574;35639.087513599574;35639.087513599574;35639.087513599574;35639.087513599574;35639.087513599574;35639.087513599574;35639.087513599574;35639.087513599574;35639.087513599574;35639.087513599574;35639.087513599574;35639.087513599574;35639.087513599574;35639.087513599574;35639.087513599574;35639.087513599574;35639.087513599574;35639.087513599574;35639.087513599574;35639.087513599574;35639.087513599574;35639.087513599574;35639.087513599574;35639.087513599574;35639.087513599574;35639.087513599574;35639.087513599574;35639.087513599574;35639.087513599574;35639.087513599574;35639.087513599574;35639.087513599574;35639.087513599574;35639.087513599574;35639.087513599574;35639.087513599574;35639.087513599574;35639.087513599574;35639.087513599574;
40200.0;35640.0;35640.0;35640.0;35640.0;35639.08070399957;35639.08070399957;35639.08070399957;35639.08070399957;35639.08070399957;35639.08070399957;35639.08070399957;35639.08070399957;35639.08070399957;35639.08070399957;35639.08070399957;35639.08070399957;35639.08070399957;35639.08070399957;35639.08070399957;35639.08070399957;35639.08070399957;35639.08070399957;35639.08070399957;35639.08070399957;35639.08070399957;35639.08070399957;35639.08070399957;35639.08070399957;35639.08070399957;35639.08070399957;35639.08070399957;35639.08070399957;35639.08070399957;35639.08070399957;35639.08070399957;35639.08070399957;35639.08070399957;35639.08070399957;35639.08070399957;35639.08070399957;35639.08070399957;35639.08070399957;35639.08070399957;35639.08070399957;
40200.38454279444;35640.0;35640.0;35640.0;35640.0;35639.08070399957;35639.08070399957;35639.08070399957;35639.08070399957;35639.08070399957;35639.08070399957;35639.08070399957;35639.08070399957;35639.08070399957;35639.08070399957;35639.08070399957;35639.08070399957;35639.08070399957;35639.08070399957;35639.08070399957;35639.08070399957;35639.08070399957;35639.08070399957;35639.08070399957;35639.08070399957;35639.08070399957;35639.08070399957;35639.08070399957;35639.08070399957;35639.08070399957;35639.08070399957;35639.08070399957;35639.08070399957;35639.08070399957;35639.08070399957;35639.08070399957;35639.08070399957;35639.08070399957;35639.08070399957;35639.08070399957;35639.08070399957;35639.08070399957;35639.08070399957;35639.08070399957;35639.08070399957;
40500.0;35640.0;35640.0;35640.0;35640.0;35639.08070399957;35639.08070399957;35639.08070399957;35639.08070399957;35639.08070399957;35639.08070399957;35639.08070399957;35639.08070399957;35639.08070399957;35639.08070399957;35639.08070399957;35639.08070399957;35639.08070399957;35639.08070399957;35639.08070399957;35639.08070399957;35639.08070399957;35639.08070399957;35639.08070399957;35639.08070399957;35639.08070399957;35639.08070399957;35639.08070399957;35639.08070399957;35639.08070399957;35639.08070399957;35639.08070399957;35639.08070399957;35639.08070399957;35639.08070399957;35639.08070399957;35639.08070399957;35639.08070399957;35639.08070399957;35639.08070399957;35639.08070399957;35639.08070399957;35639.08070399957;35639.08070399957;35639.08070399957;
40500.0;35640.0;35640.0;35640.0;35640.0;35639.07389439957;35639.07389439957;35639.07389439957;35639.07389439957;35639.07389439957;35639.07389439957;35639.07389439957;35639.07389439957;35639.07389439957;35639.07389439957;35639.07389439957;35639.07389439957;35639.07389439957;35639.07389439957;35639.07389439957;35639.07389439957;35639.07389439957;35639.07389439957;35639.07389439957;35639.07389439957;35639.07389439957;35639.07389439957;35639.07389439957;35639.07389439957;35639.07389439957;35639.07389439957;35639.07389439957;35639.07389439957;35639.07389439957;35639.07389439957;35639.07389439957;35639.07389439957;35639.07389439957;35639.07389439957;35639.07389439957;35639.07389439957;35639.07389439957;35639.07389439957;35639.07389439957;35639.07389439957;
40500.38454279444;35640.0;35640.0;35640.0;35640.0;35639.07389439957;35639.07389439957;35639.07389439957;35639.07389439957;35639.07389439957;35639.07389439957;35639.07389439957;35639.07389439957;35639.07389439957;35639.07389439957;35639.07389439957;35639.07389439957;35639.07389439957;35639.07389439957;35639.07389439957;35639.07389439957;35639.07389439957;35639.07389439957;35639.07389439957;35639.07389439957;35639.07389439957;35639.07389439957;35639.07389439957;35639.07389439957;35639.07389439957;35639.07389439957;35639.07389439957;35639.07389439957;35639.07389439957;35639.07389439957;35639.07389439957;35639.07389439957;35639.07389439957;35639.07389439957;35639.07389439957;35639.07389439957;35639.07389439957;35639.07389439957;35639.07389439957;35639.07389439957;
40800.0;35640.0;35640.0;35640.0;35640.0;35639.07389439957;35639.07389439957;35639.07389439957;35639.07389439957;35639.07389439957;35639.07389439957;35639.07389439957;35639.07389439957;35639.07389439957;35639.07389439957;35639.07389439957;35639.07389439957;35639.07389439957;35639.07389439957;35639.07389439957;35639.07389439957;35639.07389439957;35639.07389439957;35639.07389439957;35639.07389439957;35639.07389439957;35639.07389439957;35639.07389439957;35639.07389439957;35639.07389439957;35639.07389439957;35639.07389439957;35639.07389439957;35639.07389439957;35639.07389439957;35639.07389439957;35639.07389439957;35639.07389439957;35639.07389439957;35639.07389439957;35639.07389439957;35639.07389439957;35639.07389439957;35639.07389439957;35639.07389439957;
40800.0;35640.0;35640.0;35640.0;35640.0;35639.067084799564;35639.067084799564;35639.067084799564;35639.067084799564;35639.067084799564;35639.067084799564;35639.067084799564;35639.067084799564;35639.067084799564;35639.067084799564;35639.067084799564;35639.067084799564;35639.067084799564;35639.067084799564;35639.067084799564;35639.067084799564;35639.067084799564;35639.067084799564;35639.067084799564;35639.067084799564;35639.067084799564;35639.067084799564;35639.067084799564;35639.067084799564;35639.067084799564;35639.067084799564;35639.067084799564;35639.067084799564;35639.067084799564;35639.067084799564;35639.067084799564;35639.067084799564;35639.067084799564;35639.067084799564;35639.067084799564;35639.067084799564;35639.067084799564;35639.067084799564;35639.067084799564;35639.067084799564;
40800.38454279444;35640.0;35640.0;35640.0;35640.0;35639.067084799564;35639.067084799564;35639.067084799564;35639.067084799564;35639.067084799564;35639.067084799564;35639.067084799564;35639.067084799564;35639.067084799564;35639.067084799564;35639.067084799564;35639.067084799564;35639.067084799564;35639.067084799564;35639.067084799564;35639.067084799564;35639.067084799564;35639.067084799564;35639.067084799564;35639.067084799564;35639.067084799564;35639.067084799564;35639.067084799564;35639.067084799564;35639.067084799564;35639.067084799564;35639.067084799564;35639.067084799564;35639.067084799564;35639.067084799564;35639.067084799564;35639.067084799564;35639.067084799564;35639.067084799564;35639.067084799564;35639.067084799564;35639.067084799564;35639.067084799564;35639.067084799564;35639.067084799564;
41100.0;35640.0;35640.0;35640.0;35640.0;35639.067084799564;35639.067084799564;35639.067084799564;35639.067084799564;35639.067084799564;35639.067084799564;35639.067084799564;35639.067084799564;35639.067084799564;35639.067084799564;35639.067084799564;35639.067084799564;35639.067084799564;35639.067084799564;35639.067084799564;35639.067084799564;35639.067084799564;35639.067084799564;35639.067084799564;35639.067084799564;35639.067084799564;35639.067084799564;35639.067084799564;35639.067084799564;35639.067084799564;35639.067084799564;35639.067084799564;35639.067084799564;35639.067084799564;35639.067084799564;35639.067084799564;35639.067084799564;35639.067084799564;35639.067084799564;35639.067084799564;35639.067084799564;35639.067084799564;35639.067084799564;35639.067084799564;35639.067084799564;
41100.0;35640.0;35640.0;35640.0;35640.0;35639.06027519956;35639.06027519956;35639.06027519956;35639.06027519956;35639.06027519956;35639.06027519956;35639.06027519956;35639.06027519956;35639.06027519956;35639.06027519956;35639.06027519956;35639.06027519956;35639.06027519956;35639.06027519956;35639.06027519956;35639.06027519956;35639.06027519956;35639.06027519956;35639.06027519956;35639.06027519956;35639.06027519956;35639.06027519956;35639.06027519956;35639.06027519956;35639.06027519956;35639.06027519956;35639.06027519956;35639.06027519956;35639.06027519956;35639.06027519956;35639.06027519956;35639.06027519956;35639.06027519956;35639.06027519956;35639.06027519956;35639.06027519956;35639.06027519956;35639.06027519956;35639.06027519956;35639.06027519956;
41100.38454279444;35640.0;35640.0;35640.0;35640.0;35639.06027519956;35639.06027519956;35639.06027519956;35639.06027519956;35639.06027519956;35639.06027519956;35639.06027519956;35639.06027519956;35639.06027519956;35639.06027519956;35639.06027519956;35639.06027519956;35639.06027519956;35639.06027519956;35639.06027519956;35639.06027519956;35639.06027519956;35639.06027519956;35639.06027519956;35639.06027519956;35639.06027519956;35639.06027519956;35639.06027519956;35639.06027519956;35639.06027519956;35639.06027519956;35639.06027519956;35639.06027519956;35639.06027519956;35639.06027519956;35639.06027519956;35639.06027519956;35639.06027519956;35639.06027519956;35639.06027519956;35639.06027519956;35639.06027519956;35639.06027519956;35639.06027519956;35639.06027519956;
41400.0;35640.0;35640.0;35640.0;35640.0;35639.06027519956;35639.06027519956;35639.06027519956;35639.06027519956;35639.06027519956;35639.06027519956;35639.06027519956;35639.06027519956;35639.06027519956;35639.06027519956;35639.06027519956;35639.06027519956;35639.06027519956;35639.06027519956;35639.06027519956;35639.06027519956;35639.06027519956;35639.06027519956;35639.06027519956;35639.06027519956;35639.06027519956;35639.06027519956;35639.06027519956;35639.06027519956;35639.06027519956;35639.06027519956;35639.06027519956;35639.06027519956;35639.06027519956;35639.06027519956;35639.06027519956;35639.06027519956;35639.06027519956;35639.06027519956;35639.06027519956;35639.06027519956;35639.06027519956;35639.06027519956;35639.06027519956;35639.06027519956;
41400.0;35640.0;35640.0;35640.0;35640.0;35639.05346559956;35639.05346559956;35639.05346559956;35639.05346559956;35639.05346559956;35639.05346559956;35639.05346559956;35639.05346559956;35639.05346559956;35639.05346559956;35639.05346559956;35639.05346559956;35639.05346559956;35639.05346559956;35639.05346559956;35639.05346559956;35639.05346559956;35639.05346559956;35639.05346559956;35639.05346559956;35639.05346559956;35639.05346559956;35639.05346559956;35639.05346559956;35639.05346559956;35639.05346559956;35639.05346559956;35639.05346559956;35639.05346559956;35639.05346559956;35639.05346559956;35639.05346559956;35639.05346559956;35639.05346559956;35639.05346559956;35639.05346559956;35639.05346559956;35639.05346559956;35639.05346559956;35639.05346559956;
41400.38454279444;35640.0;35640.0;35640.0;35640.0;35639.05346559956;35639.05346559956;35639.05346559956;35639.05346559956;35639.05346559956;35639.05346559956;35639.05346559956;35639.05346559956;35639.05346559956;35639.05346559956;35639.05346559956;35639.05346559956;35639.05346559956;35639.05346559956;35639.05346559956;35639.05346559956;35639.05346559956;35639.05346559956;35639.05346559956;35639.05346559956;35639.05346559956;35639.05346559956;35639.05346559956;35639.05346559956;35639.05346559956;35639.05346559956;35639.05346559956;35639.05346559956;35639.05346559956;35639.05346559956;35639.05346559956;35639.05346559956;35639.05346559956;35639.05346559956;35639.05346559956;35639.05346559956;35639.05346559956;35639.05346559956;35639.05346559956;35639.05346559956;
41700.0;35640.0;35640.0;35640.0;35640.0;35639.05346559956;35639.05346559956;35639.05346559956;35639.05346559956;35639.05346559956;35639.05346559956;35639.05346559956;35639.05346559956;35639.05346559956;35639.05346559956;35639.05346559956;35639.05346559956;35639.05346559956;35639.05346559956;35639.05346559956;35639.05346559956;35639.05346559956;35639.05346559956;35639.05346559956;35639.05346559956;35639.05346559956;35639.05346559956;35639.05346559956;35639.05346559956;35639.05346559956;35639.05346559956;35639.05346559956;35639.05346559956;35639.05346559956;35639.05346559956;35639.05346559956;35639.05346559956;35639.05346559956;35639.05346559956;35639.05346559956;35639.05346559956;35639.05346559956;35639.05346559956;35639.05346559956;35639.05346559956;
41700.0;35640.0;35640.0;35640.0;35640.0;35639.046655999555;35639.046655999555;35639.046655999555;35639.046655999555;35639.046655999555;35639.046655999555;35639.046655999555;35639.046655999555;35639.046655999555;35639.046655999555;35639.046655999555;35639.046655999555;35639.046655999555;35639.046655999555;35639.046655999555;35639.046655999555;35639.046655999555;35639.046655999555;35639.046655999555;35639.046655999555;35639.046655999555;35639.046655999555;35639.046655999555;35639.046655999555;35639.046655999555;35639.046655999555;35639.046655999555;35639.046655999555;35639.046655999555;35639.046655999555;35639.046655999555;35639.046655999555;35639.046655999555;35639.046655999555;35639.046655999555;35639.046655999555;35639.046655999555;35639.046655999555;35639.046655999555;35639.046655999555;
41700.38454279444;35640.0;35640.0;35640.0;35640.0;35639.046655999555;35639.046655999555;35639.046655999555;35639.046655999555;35639.046655999555;35639.046655999555;35639.046655999555;35639.046655999555;35639.046655999555;35639.046655999555;35639.046655999555;35639.046655999555;35639.046655999555;35639.046655999555;35639.046655999555;35639.046655999555;35639.046655999555;35639.046655999555;35639.046655999555;35639.046655999555;35639.046655999555;35639.046655999555;35639.046655999555;35639.046655999555;35639.046655999555;35639.046655999555;35639.046655999555;35639.046655999555;35639.046655999555;35639.046655999555;35639.046655999555;35639.046655999555;35639.046655999555;35639.046655999555;35639.046655999555;35639.046655999555;35639.046655999555;35639.046655999555;35639.046655999555;35639.046655999555;
42000.0;35640.0;35640.0;35640.0;35640.0;35639.046655999555;35639.046655999555;35639.046655999555;35639.046655999555;35639.046655999555;35639.046655999555;35639.046655999555;35639.046655999555;35639.046655999555;35639.046655999555;35639.046655999555;35639.046655999555;35639.046655999555;35639.046655999555;35639.046655999555;35639.046655999555;35639.046655999555;35639.046655999555;35639.046655999555;35639.046655999555;35639.046655999555;35639.046655999555;35639.046655999555;35639.046655999555;35639.046655999555;35639.046655999555;35639.046655999555;35639.046655999555;35639.046655999555;35639.046655999555;35639.046655999555;35639.046655999555;35639.046655999555;35639.046655999555;35639.046655999555;35639.046655999555;35639.046655999555;35639.046655999555;35639.046655999555;35639.046655999555;
42000.0;35640.0;35640.0;35640.0;35640.0;35639.03984639955;35639.03984639955;35639.03984639955;35639.03984639955;35639.03984639955;35639.03984639955;35639.03984639955;35639.03984639955;35639.03984639955;35639.03984639955;35639.03984639955;35639.03984639955;35639.03984639955;35639.03984639955;35639.03984639955;35639.03984639955;35639.03984639955;35639.03984639955;35639.03984639955;35639.03984639955;35639.03984639955;35639.03984639955;35639.03984639955;35639.03984639955;35639.03984639955;35639.03984639955;35639.03984639955;35639.03984639955;35639.03984639955;35639.03984639955;35639.03984639955;35639.03984639955;35639.03984639955;35639.03984639955;35639.03984639955;35639.03984639955;35639.03984639955;35639.03984639955;35639.03984639955;35639.03984639955;
42000.38454279444;35640.0;35640.0;35640.0;35640.0;35639.03984639955;35639.03984639955;35639.03984639955;35639.03984639955;35639.03984639955;35639.03984639955;35639.03984639955;35639.03984639955;35639.03984639955;35639.03984639955;35639.03984639955;35639.03984639955;35639.03984639955;35639.03984639955;35639.03984639955;35639.03984639955;35639.03984639955;35639.03984639955;35639.03984639955;35639.03984639955;35639.03984639955;35639.03984639955;35639.03984639955;35639.03984639955;35639.03984639955;35639.03984639955;35639.03984639955;35639.03984639955;35639.03984639955;35639.03984639955;35639.03984639955;35639.03984639955;35639.03984639955;35639.03984639955;35639.03984639955;35639.03984639955;35639.03984639955;35639.03984639955;35639.03984639955;35639.03984639955;
42180.0;35640.0;35640.0;35640.0;35640.0;35639.03984639955;35639.03984639955;35639.03984639955;35639.03984639955;35639.03984639955;35639.03984639955;35639.03984639955;35639.03984639955;35639.03984639955;35639.03984639955;35639.03984639955;35639.03984639955;35639.03984639955;35639.03984639955;35639.03984639955;35639.03984639955;35639.03984639955;35639.03984639955;35639.03984639955;35639.03984639955;35639.03984639955;35639.03984639955;35639.03984639955;35639.03984639955;35639.03984639955;35639.03984639955;35639.03984639955;35639.03984639955;35639.03984639955;35639.03984639955;35639.03984639955;35639.03984639955;35639.03984639955;35639.03984639955;35639.03984639955;35639.03984639955;35639.03984639955;35639.03984639955;35639.03984639955;35639.03984639955;
42300.0;35640.0;35640.0;35640.0;35640.0;35639.03984639955;35639.03984639955;35639.03984639955;35639.03984639955;35639.03984639955;35639.03984639955;35639.03984639955;35639.03984639955;35639.03984639955;35639.03984639955;35639.03984639955;35639.03984639955;35639.03984639955;35639.03984639955;35639.03984639955;35639.03984639955;35639.03984639955;35639.03984639955;35639.03984639955;35639.03984639955;35639.03984639955;35639.03984639955;35639.03984639955;35639.03984639955;35639.03984639955;35639.03984639955;35639.03984639955;35639.03984639955;35639.03984639955;35639.03984639955;35639.03984639955;35639.03984639955;35639.03984639955;35639.03984639955;35639.03984639955;35639.03984639955;35639.03984639955;35639.03984639955;35639.03984639955;35639.03984639955;
42300.0;35640.0;35640.0;35640.0;35640.0;35639.03303679955;35639.03303679955;35639.03303679955;35639.03303679955;35639.03303679955;35639.03303679955;35639.03303679955;35639.03303679955;35639.03303679955;35639.03303679955;35639.03303679955;35639.03303679955;35639.03303679955;35639.03303679955;35639.03303679955;35639.03303679955;35639.03303679955;35639.03303679955;35639.03303679955;35639.03303679955;35639.03303679955;35639.03303679955;35639.03303679955;35639.03303679955;35639.03303679955;35639.03303679955;35639.03303679955;35639.03303679955;35639.03303679955;35639.03303679955;35639.03303679955;35639.03303679955;35639.03303679955;35639.03303679955;35639.03303679955;35639.03303679955;35639.03303679955;35639.03303679955;35639.03303679955;35639.03303679955;
42300.38454279444;35640.0;35640.0;35640.0;35640.0;35639.03303679955;35639.03303679955;35639.03303679955;35639.03303679955;35639.03303679955;35639.03303679955;35639.03303679955;35639.03303679955;35639.03303679955;35639.03303679955;35639.03303679955;35639.03303679955;35639.03303679955;35639.03303679955;35639.03303679955;35639.03303679955;35639.03303679955;35639.03303679955;35639.03303679955;35639.03303679955;35639.03303679955;35639.03303679955;35639.03303679955;35639.03303679955;35639.03303679955;35639.03303679955;35639.03303679955;35639.03303679955;35639.03303679955;35639.03303679955;35639.03303679955;35639.03303679955;35639.03303679955;35639.03303679955;35639.03303679955;35639.03303679955;35639.03303679955;35639.03303679955;35639.03303679955;35639.03303679955;
42600.0;35640.0;35640.0;35640.0;35640.0;35639.03303679955;35639.03303679955;35639.03303679955;35639.03303679955;35639.03303679955;35639.03303679955;35639.03303679955;35639.03303679955;35639.03303679955;35639.03303679955;35639.03303679955;35639.03303679955;35639.03303679955;35639.03303679955;35639.03303679955;35639.03303679955;35639.03303679955;35639.03303679955;35639.03303679955;35639.03303679955;35639.03303679955;35639.03303679955;35639.03303679955;35639.03303679955;35639.03303679955;35639.03303679955;35639.03303679955;35639.03303679955;35639.03303679955;35639.03303679955;35639.03303679955;35639.03303679955;35639.03303679955;35639.03303679955;35639.03303679955;35639.03303679955;35639.03303679955;35639.03303679955;35639.03303679955;35639.03303679955;
42600.0;35640.0;35640.0;35640.0;35640.0;35639.026227199545;35639.026227199545;35639.026227199545;35639.026227199545;35639.026227199545;35639.026227199545;35639.026227199545;35639.026227199545;35639.026227199545;35639.026227199545;35639.026227199545;35639.026227199545;35639.026227199545;35639.026227199545;35639.026227199545;35639.026227199545;35639.026227199545;35639.026227199545;35639.026227199545;35639.026227199545;35639.026227199545;35639.026227199545;35639.026227199545;35639.026227199545;35639.026227199545;35639.026227199545;35639.026227199545;35639.026227199545;35639.026227199545;35639.026227199545;35639.026227199545;35639.026227199545;35639.026227199545;35639.026227199545;35639.026227199545;35639.026227199545;35639.026227199545;35639.026227199545;35639.026227199545;35639.026227199545;
42600.38454279444;35640.0;35640.0;35640.0;35640.0;35639.026227199545;35639.026227199545;35639.026227199545;35639.026227199545;35639.026227199545;35639.026227199545;35639.026227199545;35639.026227199545;35639.026227199545;35639.026227199545;35639.026227199545;35639.026227199545;35639.026227199545;35639.026227199545;35639.026227199545;35639.026227199545;35639.026227199545;35639.026227199545;35639.026227199545;35639.026227199545;35639.026227199545;35639.026227199545;35639.026227199545;35639.026227199545;35639.026227199545;35639.026227199545;35639.026227199545;35639.026227199545;35639.026227199545;35639.026227199545;35639.026227199545;35639.026227199545;35639.026227199545;35639.026227199545;35639.026227199545;35639.026227199545;35639.026227199545;35639.026227199545;35639.026227199545;35639.026227199545;
42900.0;35640.0;35640.0;35640.0;35640.0;35639.026227199545;35639.026227199545;35639.026227199545;35639.026227199545;35639.026227199545;35639.026227199545;35639.026227199545;35639.026227199545;35639.026227199545;35639.026227199545;35639.026227199545;35639.026227199545;35639.026227199545;35639.026227199545;35639.026227199545;35639.026227199545;35639.026227199545;35639.026227199545;35639.026227199545;35639.026227199545;35639.026227199545;35639.026227199545;35639.026227199545;35639.026227199545;35639.026227199545;35639.026227199545;35639.026227199545;35639.026227199545;35639.026227199545;35639.026227199545;35639.026227199545;35639.026227199545;35639.026227199545;35639.026227199545;35639.026227199545;35639.026227199545;35639.026227199545;35639.026227199545;35639.026227199545;35639.026227199545;
42900.0;35640.0;35640.0;35640.0;35640.0;35639.01941759954;35639.01941759954;35639.01941759954;35639.01941759954;35639.01941759954;35639.01941759954;35639.01941759954;35639.01941759954;35639.01941759954;35639.01941759954;35639.01941759954;35639.01941759954;35639.01941759954;35639.01941759954;35639.01941759954;35639.01941759954;35639.01941759954;35639.01941759954;35639.01941759954;35639.01941759954;35639.01941759954;35639.01941759954;35639.01941759954;35639.01941759954;35639.01941759954;35639.01941759954;35639.01941759954;35639.01941759954;35639.01941759954;35639.01941759954;35639.01941759954;35639.01941759954;35639.01941759954;35639.01941759954;35639.01941759954;35639.01941759954;35639.01941759954;35639.01941759954;35639.01941759954;35639.01941759954;
42900.38454279444;35640.0;35640.0;35640.0;35640.0;35639.01941759954;35639.01941759954;35639.01941759954;35639.01941759954;35639.01941759954;35639.01941759954;35639.01941759954;35639.01941759954;35639.01941759954;35639.01941759954;35639.01941759954;35639.01941759954;35639.01941759954;35639.01941759954;35639.01941759954;35639.01941759954;35639.01941759954;35639.01941759954;35639.01941759954;35639.01941759954;35639.01941759954;35639.01941759954;35639.01941759954;35639.01941759954;35639.01941759954;35639.01941759954;35639.01941759954;35639.01941759954;35639.01941759954;35639.01941759954;35639.01941759954;35639.01941759954;35639.01941759954;35639.01941759954;35639.01941759954;35639.01941759954;35639.01941759954;35639.01941759954;35639.01941759954;35639.01941759954;
43200.0;35640.0;35640.0;35640.0;35640.0;35639.01941759954;35639.01941759954;35639.01941759954;35639.01941759954;35639.01941759954;35639.01941759954;35639.01941759954;35639.01941759954;35639.01941759954;35639.01941759954;35639.01941759954;35639.01941759954;35639.01941759954;35639.01941759954;35639.01941759954;35639.01941759954;35639.01941759954;35639.01941759954;35639.01941759954;35639.01941759954;35639.01941759954;35639.01941759954;35639.01941759954;35639.01941759954;35639.01941759954;35639.01941759954;35639.01941759954;35639.01941759954;35639.01941759954;35639.01941759954;35639.01941759954;35639.01941759954;35639.01941759954;35639.01941759954;35639.01941759954;35639.01941759954;35639.01941759954;35639.01941759954;35639.01941759954;35639.01941759954;
43200.0;35640.0;35640.0;35640.0;35640.0;35639.01260799954;35639.01260799954;35639.01260799954;35639.01260799954;35639.01260799954;35639.01260799954;35639.01260799954;35639.01260799954;35639.01260799954;35639.01260799954;35639.01260799954;35639.01260799954;35639.01260799954;35639.01260799954;35639.01260799954;35639.01260799954;35639.01260799954;35639.01260799954;35639.01260799954;35639.01260799954;35639.01260799954;35639.01260799954;35639.01260799954;35639.01260799954;35639.01260799954;35639.01260799954;35639.01260799954;35639.01260799954;35639.01260799954;35639.01260799954;35639.01260799954;35639.01260799954;35639.01260799954;35639.01260799954;35639.01260799954;35639.01260799954;35639.01260799954;35639.01260799954;35639.01260799954;35639.01260799954;
43200.38454279444;35640.0;35640.0;35640.0;35640.0;35639.01260799954;35639.01260799954;35639.01260799954;35639.01260799954;35639.01260799954;35639.01260799954;35639.01260799954;35639.01260799954;35639.01260799954;35639.01260799954;35639.01260799954;35639.01260799954;35639.01260799954;35639.01260799954;35639.01260799954;35639.01260799954;35639.01260799954;35639.01260799954;35639.01260799954;35639.01260799954;35639.01260799954;35639.01260799954;35639.01260799954;35639.01260799954;35639.01260799954;35639.01260799954;35639.01260799954;35639.01260799954;35639.01260799954;35639.01260799954;35639.01260799954;35639.01260799954;35639.01260799954;35639.01260799954;35639.01260799954;35639.01260799954;35639.01260799954;35639.01260799954;35639.01260799954;35639.01260799954;
43500.0;35640.0;35640.0;35640.0;35640.0;35639.01260799954;35639.01260799954;35639.01260799954;35639.01260799954;35639.01260799954;35639.01260799954;35639.01260799954;35639.01260799954;35639.01260799954;35639.01260799954;35639.01260799954;35639.01260799954;35639.01260799954;35639.01260799954;35639.01260799954;35639.01260799954;35639.01260799954;35639.01260799954;35639.01260799954;35639.01260799954;35639.01260799954;35639.01260799954;35639.01260799954;35639.01260799954;35639.01260799954;35639.01260799954;35639.01260799954;35639.01260799954;35639.01260799954;35639.01260799954;35639.01260799954;35639.01260799954;35639.01260799954;35639.01260799954;35639.01260799954;35639.01260799954;35639.01260799954;35639.01260799954;35639.01260799954;35639.01260799954;
43500.0;35640.0;35640.0;35640.0;35640.0;35639.005798399536;35639.005798399536;35639.005798399536;35639.005798399536;35639.005798399536;35639.005798399536;35639.005798399536;35639.005798399536;35639.005798399536;35639.005798399536;35639.005798399536;35639.005798399536;35639.005798399536;35639.005798399536;35639.005798399536;35639.005798399536;35639.005798399536;35639.005798399536;35639.005798399536;35639.005798399536;35639.005798399536;35639.005798399536;35639.005798399536;35639.005798399536;35639.005798399536;35639.005798399536;35639.005798399536;35639.005798399536;35639.005798399536;35639.005798399536;35639.005798399536;35639.005798399536;35639.005798399536;35639.005798399536;35639.005798399536;35639.005798399536;35639.005798399536;35639.005798399536;35639.005798399536;35639.005798399536;
43500.38454279444;35640.0;35640.0;35640.0;35640.0;35639.005798399536;35639.005798399536;35639.005798399536;35639.005798399536;35639.005798399536;35639.005798399536;35639.005798399536;35639.005798399536;35639.005798399536;35639.005798399536;35639.005798399536;35639.005798399536;35639.005798399536;35639.005798399536;35639.005798399536;35639.005798399536;35639.005798399536;35639.005798399536;35639.005798399536;35639.005798399536;35639.005798399536;35639.005798399536;35639.005798399536;35639.005798399536;35639.005798399536;35639.005798399536;35639.005798399536;35639.005798399536;35639.005798399536;35639.005798399536;35639.005798399536;35639.005798399536;35639.005798399536;35639.005798399536;35639.005798399536;35639.005798399536;35639.005798399536;35639.005798399536;35639.005798399536;35639.005798399536;
43800.0;35640.0;35640.0;35640.0;35640.0;35639.005798399536;35639.005798399536;35639.005798399536;35639.005798399536;35639.005798399536;35639.005798399536;35639.005798399536;35639.005798399536;35639.005798399536;35639.005798399536;35639.005798399536;35639.005798399536;35639.005798399536;35639.005798399536;35639.005798399536;35639.005798399536;35639.005798399536;35639.005798399536;35639.005798399536;35639.005798399536;35639.005798399536;35639.005798399536;35639.005798399536;35639.005798399536;35639.005798399536;35639.005798399536;35639.005798399536;35639.005798399536;35639.005798399536;35639.005798399536;35639.005798399536;35639.005798399536;35639.005798399536;35639.005798399536;35639.005798399536;35639.005798399536;35639.005798399536;35639.005798399536;35639.005798399536;35639.005798399536;
43800.0;35640.0;35640.0;35640.0;35640.0;35638.99898879953;35638.99898879953;35638.99898879953;35638.99898879953;35638.99898879953;35638.99898879953;35638.99898879953;35638.99898879953;35638.99898879953;35638.99898879953;35638.99898879953;35638.99898879953;35638.99898879953;35638.99898879953;35638.99898879953;35638.99898879953;35638.99898879953;35638.99898879953;35638.99898879953;35638.99898879953;35638.99898879953;35638.99898879953;35638.99898879953;35638.99898879953;35638.99898879953;35638.99898879953;35638.99898879953;35638.99898879953;35638.99898879953;35638.99898879953;35638.99898879953;35638.99898879953;35638.99898879953;35638.99898879953;35638.99898879953;35638.99898879953;35638.99898879953;35638.99898879953;35638.99898879953;35638.99898879953;
43800.38454279444;35640.0;35640.0;35640.0;35640.0;35638.99898879953;35638.99898879953;35638.99898879953;35638.99898879953;35638.99898879953;35638.99898879953;35638.99898879953;35638.99898879953;35638.99898879953;35638.99898879953;35638.99898879953;35638.99898879953;35638.99898879953;35638.99898879953;35638.99898879953;35638.99898879953;35638.99898879953;35638.99898879953;35638.99898879953;35638.99898879953;35638.99898879953;35638.99898879953;35638.99898879953;35638.99898879953;35638.99898879953;35638.99898879953;35638.99898879953;35638.99898879953;35638.99898879953;35638.99898879953;35638.99898879953;35638.99898879953;35638.99898879953;35638.99898879953;35638.99898879953;35638.99898879953;35638.99898879953;35638.99898879953;35638.99898879953;35638.99898879953;
44100.0;35640.0;35640.0;35640.0;35640.0;35638.99898879953;35638.99898879953;35638.99898879953;35638.99898879953;35638.99898879953;35638.99898879953;35638.99898879953;35638.99898879953;35638.99898879953;35638.99898879953;35638.99898879953;35638.99898879953;35638.99898879953;35638.99898879953;35638.99898879953;35638.99898879953;35638.99898879953;35638.99898879953;35638.99898879953;35638.99898879953;35638.99898879953;35638.99898879953;35638.99898879953;35638.99898879953;35638.99898879953;35638.99898879953;35638.99898879953;35638.99898879953;35638.99898879953;35638.99898879953;35638.99898879953;35638.99898879953;35638.99898879953;35638.99898879953;35638.99898879953;35638.99898879953;35638.99898879953;35638.99898879953;35638.99898879953;35638.99898879953;
44100.0;35640.0;35640.0;35640.0;35640.0;35638.99217919953;35638.99217919953;35638.99217919953;35638.99217919953;35638.99217919953;35638.99217919953;35638.99217919953;35638.99217919953;35638.99217919953;35638.99217919953;35638.99217919953;35638.99217919953;35638.99217919953;35638.99217919953;35638.99217919953;35638.99217919953;35638.99217919953;35638.99217919953;35638.99217919953;35638.99217919953;35638.99217919953;35638.99217919953;35638.99217919953;35638.99217919953;35638.99217919953;35638.99217919953;35638.99217919953;35638.99217919953;35638.99217919953;35638.99217919953;35638.99217919953;35638.99217919953;35638.99217919953;35638.99217919953;35638.99217919953;35638.99217919953;35638.99217919953;35638.99217919953;35638.99217919953;35638.99217919953;
44100.38454279444;35640.0;35640.0;35640.0;35640.0;35638.99217919953;35638.99217919953;35638.99217919953;35638.99217919953;35638.99217919953;35638.99217919953;35638.99217919953;35638.99217919953;35638.99217919953;35638.99217919953;35638.99217919953;35638.99217919953;35638.99217919953;35638.99217919953;35638.99217919953;35638.99217919953;35638.99217919953;35638.99217919953;35638.99217919953;35638.99217919953;35638.99217919953;35638.99217919953;35638.99217919953;35638.99217919953;35638.99217919953;35638.99217919953;35638.99217919953;35638.99217919953;35638.99217919953;35638.99217919953;35638.99217919953;35638.99217919953;35638.99217919953;35638.99217919953;35638.99217919953;35638.99217919953;35638.99217919953;35638.99217919953;35638.99217919953;35638.99217919953;
44400.0;35640.0;35640.0;35640.0;35640.0;35638.99217919953;35638.99217919953;35638.99217919953;35638.99217919953;35638.99217919953;35638.99217919953;35638.99217919953;35638.99217919953;35638.99217919953;35638.99217919953;35638.99217919953;35638.99217919953;35638.99217919953;35638.99217919953;35638.99217919953;35638.99217919953;35638.99217919953;35638.99217919953;35638.99217919953;35638.99217919953;35638.99217919953;35638.99217919953;35638.99217919953;35638.99217919953;35638.99217919953;35638.99217919953;35638.99217919953;35638.99217919953;35638.99217919953;35638.99217919953;35638.99217919953;35638.99217919953;35638.99217919953;35638.99217919953;35638.99217919953;35638.99217919953;35638.99217919953;35638.99217919953;35638.99217919953;35638.99217919953;
44400.0;35640.0;35640.0;35640.0;35640.0;35638.985369599526;35638.985369599526;35638.985369599526;35638.985369599526;35638.985369599526;35638.985369599526;35638.985369599526;35638.985369599526;35638.985369599526;35638.985369599526;35638.985369599526;35638.985369599526;35638.985369599526;35638.985369599526;35638.985369599526;35638.985369599526;35638.985369599526;35638.985369599526;35638.985369599526;35638.985369599526;35638.985369599526;35638.985369599526;35638.985369599526;35638.985369599526;35638.985369599526;35638.985369599526;35638.985369599526;35638.985369599526;35638.985369599526;35638.985369599526;35638.985369599526;35638.985369599526;35638.985369599526;35638.985369599526;35638.985369599526;35638.985369599526;35638.985369599526;35638.985369599526;35638.985369599526;35638.985369599526;
44400.38454279444;35640.0;35640.0;35640.0;35640.0;35638.985369599526;35638.985369599526;35638.985369599526;35638.985369599526;35638.985369599526;35638.985369599526;35638.985369599526;35638.985369599526;35638.985369599526;35638.985369599526;35638.985369599526;35638.985369599526;35638.985369599526;35638.985369599526;35638.985369599526;35638.985369599526;35638.985369599526;35638.985369599526;35638.985369599526;35638.985369599526;35638.985369599526;35638.985369599526;35638.985369599526;35638.985369599526;35638.985369599526;35638.985369599526;35638.985369599526;35638.985369599526;35638.985369599526;35638.985369599526;35638.985369599526;35638.985369599526;35638.985369599526;35638.985369599526;35638.985369599526;35638.985369599526;35638.985369599526;35638.985369599526;35638.985369599526;35638.985369599526;
44460.0;35640.0;35640.0;35640.0;35640.0;35638.985369599526;35638.985369599526;35638.985369599526;35638.985369599526;35638.985369599526;35638.985369599526;35638.985369599526;35638.985369599526;35638.985369599526;35638.985369599526;35638.985369599526;35638.985369599526;35638.985369599526;35638.985369599526;35638.985369599526;35638.985369599526;35638.985369599526;35638.985369599526;35638.985369599526;35638.985369599526;35638.985369599526;35638.985369599526;35638.985369599526;35638.985369599526;35638.985369599526;35638.985369599526;35638.985369599526;35638.985369599526;35638.985369599526;35638.985369599526;35638.985369599526;35638.985369599526;35638.985369599526;35638.985369599526;35638.985369599526;35638.985369599526;35638.985369599526;35638.985369599526;35638.985369599526;35638.985369599526;
44700.0;35640.0;35640.0;35640.0;35640.0;35638.985369599526;35638.985369599526;35638.985369599526;35638.985369599526;35638.985369599526;35638.985369599526;35638.985369599526;35638.985369599526;35638.985369599526;35638.985369599526;35638.985369599526;35638.985369599526;35638.985369599526;35638.985369599526;35638.985369599526;35638.985369599526;35638.985369599526;35638.985369599526;35638.985369599526;35638.985369599526;35638.985369599526;35638.985369599526;35638.985369599526;35638.985369599526;35638.985369599526;35638.985369599526;35638.985369599526;35638.985369599526;35638.985369599526;35638.985369599526;35638.985369599526;35638.985369599526;35638.985369599526;35638.985369599526;35638.985369599526;35638.985369599526;35638.985369599526;35638.985369599526;35638.985369599526;35638.985369599526;
44700.0;35640.0;35640.0;35640.0;35640.0;35638.97855999952;35638.97855999952;35638.97855999952;35638.97855999952;35638.97855999952;35638.97855999952;35638.97855999952;35638.97855999952;35638.97855999952;35638.97855999952;35638.97855999952;35638.97855999952;35638.97855999952;35638.97855999952;35638.97855999952;35638.97855999952;35638.97855999952;35638.97855999952;35638.97855999952;35638.97855999952;35638.97855999952;35638.97855999952;35638.97855999952;35638.97855999952;35638.97855999952;35638.97855999952;35638.97855999952;35638.97855999952;35638.97855999952;35638.97855999952;35638.97855999952;35638.97855999952;35638.97855999952;35638.97855999952;35638.97855999952;35638.97855999952;35638.97855999952;35638.97855999952;35638.97855999952;35638.97855999952;
44700.38454279444;35640.0;35640.0;35640.0;35640.0;35638.97855999952;35638.97855999952;35638.97855999952;35638.97855999952;35638.97855999952;35638.97855999952;35638.97855999952;35638.97855999952;35638.97855999952;35638.97855999952;35638.97855999952;35638.97855999952;35638.97855999952;35638.97855999952;35638.97855999952;35638.97855999952;35638.97855999952;35638.97855999952;35638.97855999952;35638.97855999952;35638.97855999952;35638.97855999952;35638.97855999952;35638.97855999952;35638.97855999952;35638.97855999952;35638.97855999952;35638.97855999952;35638.97855999952;35638.97855999952;35638.97855999952;35638.97855999952;35638.97855999952;35638.97855999952;35638.97855999952;35638.97855999952;35638.97855999952;35638.97855999952;35638.97855999952;35638.97855999952;
45000.0;35640.0;35640.0;35640.0;35640.0;35638.97855999952;35638.97855999952;35638.97855999952;35638.97855999952;35638.97855999952;35638.97855999952;35638.97855999952;35638.97855999952;35638.97855999952;35638.97855999952;35638.97855999952;35638.97855999952;35638.97855999952;35638.97855999952;35638.97855999952;35638.97855999952;35638.97855999952;35638.97855999952;35638.97855999952;35638.97855999952;35638.97855999952;35638.97855999952;35638.97855999952;35638.97855999952;35638.97855999952;35638.97855999952;35638.97855999952;35638.97855999952;35638.97855999952;35638.97855999952;35638.97855999952;35638.97855999952;35638.97855999952;35638.97855999952;35638.97855999952;35638.97855999952;35638.97855999952;35638.97855999952;35638.97855999952;35638.97855999952;
45000.0;35640.0;35640.0;35640.0;35640.0;35638.97175039952;35638.97175039952;35638.97175039952;35638.97175039952;35638.97175039952;35638.97175039952;35638.97175039952;35638.97175039952;35638.97175039952;35638.97175039952;35638.97175039952;35638.97175039952;35638.97175039952;35638.97175039952;35638.97175039952;35638.97175039952;35638.97175039952;35638.97175039952;35638.97175039952;35638.97175039952;35638.97175039952;35638.97175039952;35638.97175039952;35638.97175039952;35638.97175039952;35638.97175039952;35638.97175039952;35638.97175039952;35638.97175039952;35638.97175039952;35638.97175039952;35638.97175039952;35638.97175039952;35638.97175039952;35638.97175039952;35638.97175039952;35638.97175039952;35638.97175039952;35638.97175039952;35638.97175039952;
45000.38454279444;35640.0;35640.0;35640.0;35640.0;35638.97175039952;35638.97175039952;35638.97175039952;35638.97175039952;35638.97175039952;35638.97175039952;35638.97175039952;35638.97175039952;35638.97175039952;35638.97175039952;35638.97175039952;35638.97175039952;35638.97175039952;35638.97175039952;35638.97175039952;35638.97175039952;35638.97175039952;35638.97175039952;35638.97175039952;35638.97175039952;35638.97175039952;35638.97175039952;35638.97175039952;35638.97175039952;35638.97175039952;35638.97175039952;35638.97175039952;35638.97175039952;35638.97175039952;35638.97175039952;35638.97175039952;35638.97175039952;35638.97175039952;35638.97175039952;35638.97175039952;35638.97175039952;35638.97175039952;35638.97175039952;35638.97175039952;35638.97175039952;
45300.0;35640.0;35640.0;35640.0;35640.0;35638.97175039952;35638.97175039952;35638.97175039952;35638.97175039952;35638.97175039952;35638.97175039952;35638.97175039952;35638.97175039952;35638.97175039952;35638.97175039952;35638.97175039952;35638.97175039952;35638.97175039952;35638.97175039952;35638.97175039952;35638.97175039952;35638.97175039952;35638.97175039952;35638.97175039952;35638.97175039952;35638.97175039952;35638.97175039952;35638.97175039952;35638.97175039952;35638.97175039952;35638.97175039952;35638.97175039952;35638.97175039952;35638.97175039952;35638.97175039952;35638.97175039952;35638.97175039952;35638.97175039952;35638.97175039952;35638.97175039952;35638.97175039952;35638.97175039952;35638.97175039952;35638.97175039952;35638.97175039952;
45300.0;35640.0;35640.0;35640.0;35640.0;35638.96494079952;35638.96494079952;35638.96494079952;35638.96494079952;35638.96494079952;35638.96494079952;35638.96494079952;35638.96494079952;35638.96494079952;35638.96494079952;35638.96494079952;35638.96494079952;35638.96494079952;35638.96494079952;35638.96494079952;35638.96494079952;35638.96494079952;35638.96494079952;35638.96494079952;35638.96494079952;35638.96494079952;35638.96494079952;35638.96494079952;35638.96494079952;35638.96494079952;35638.96494079952;35638.96494079952;35638.96494079952;35638.96494079952;35638.96494079952;35638.96494079952;35638.96494079952;35638.96494079952;35638.96494079952;35638.96494079952;35638.96494079952;35638.96494079952;35638.96494079952;35638.96494079952;35638.96494079952;
45300.38454279444;35640.0;35640.0;35640.0;35640.0;35638.96494079952;35638.96494079952;35638.96494079952;35638.96494079952;35638.96494079952;35638.96494079952;35638.96494079952;35638.96494079952;35638.96494079952;35638.96494079952;35638.96494079952;35638.96494079952;35638.96494079952;35638.96494079952;35638.96494079952;35638.96494079952;35638.96494079952;35638.96494079952;35638.96494079952;35638.96494079952;35638.96494079952;35638.96494079952;35638.96494079952;35638.96494079952;35638.96494079952;35638.96494079952;35638.96494079952;35638.96494079952;35638.96494079952;35638.96494079952;35638.96494079952;35638.96494079952;35638.96494079952;35638.96494079952;35638.96494079952;35638.96494079952;35638.96494079952;35638.96494079952;35638.96494079952;35638.96494079952;
45600.0;35640.0;35640.0;35640.0;35640.0;35638.96494079952;35638.96494079952;35638.96494079952;35638.96494079952;35638.96494079952;35638.96494079952;35638.96494079952;35638.96494079952;35638.96494079952;35638.96494079952;35638.96494079952;35638.96494079952;35638.96494079952;35638.96494079952;35638.96494079952;35638.96494079952;35638.96494079952;35638.96494079952;35638.96494079952;35638.96494079952;35638.96494079952;35638.96494079952;35638.96494079952;35638.96494079952;35638.96494079952;35638.96494079952;35638.96494079952;35638.96494079952;35638.96494079952;35638.96494079952;35638.96494079952;35638.96494079952;35638.96494079952;35638.96494079952;35638.96494079952;35638.96494079952;35638.96494079952;35638.96494079952;35638.96494079952;35638.96494079952;
45600.0;35640.0;35640.0;35640.0;35640.0;35638.95813119951;35638.95813119951;35638.95813119951;35638.95813119951;35638.95813119951;35638.95813119951;35638.95813119951;35638.95813119951;35638.95813119951;35638.95813119951;35638.95813119951;35638.95813119951;35638.95813119951;35638.95813119951;35638.95813119951;35638.95813119951;35638.95813119951;35638.95813119951;35638.95813119951;35638.95813119951;35638.95813119951;35638.95813119951;35638.95813119951;35638.95813119951;35638.95813119951;35638.95813119951;35638.95813119951;35638.95813119951;35638.95813119951;35638.95813119951;35638.95813119951;35638.95813119951;35638.95813119951;35638.95813119951;35638.95813119951;35638.95813119951;35638.95813119951;35638.95813119951;35638.95813119951;35638.95813119951;
45600.38454279444;35640.0;35640.0;35640.0;35640.0;35638.95813119951;35638.95813119951;35638.95813119951;35638.95813119951;35638.95813119951;35638.95813119951;35638.95813119951;35638.95813119951;35638.95813119951;35638.95813119951;35638.95813119951;35638.95813119951;35638.95813119951;35638.95813119951;35638.95813119951;35638.95813119951;35638.95813119951;35638.95813119951;35638.95813119951;35638.95813119951;35638.95813119951;35638.95813119951;35638.95813119951;35638.95813119951;35638.95813119951;35638.95813119951;35638.95813119951;35638.95813119951;35638.95813119951;35638.95813119951;35638.95813119951;35638.95813119951;35638.95813119951;35638.95813119951;35638.95813119951;35638.95813119951;35638.95813119951;35638.95813119951;35638.95813119951;35638.95813119951;
45900.0;35640.0;35640.0;35640.0;35640.0;35638.95813119951;35638.95813119951;35638.95813119951;35638.95813119951;35638.95813119951;35638.95813119951;35638.95813119951;35638.95813119951;35638.95813119951;35638.95813119951;35638.95813119951;35638.95813119951;35638.95813119951;35638.95813119951;35638.95813119951;35638.95813119951;35638.95813119951;35638.95813119951;35638.95813119951;35638.95813119951;35638.95813119951;35638.95813119951;35638.95813119951;35638.95813119951;35638.95813119951;35638.95813119951;35638.95813119951;35638.95813119951;35638.95813119951;35638.95813119951;35638.95813119951;35638.95813119951;35638.95813119951;35638.95813119951;35638.95813119951;35638.95813119951;35638.95813119951;35638.95813119951;35638.95813119951;35638.95813119951;
45900.0;35640.0;35640.0;35640.0;35640.0;35638.95132159951;35638.95132159951;35638.95132159951;35638.95132159951;35638.95132159951;35638.95132159951;35638.95132159951;35638.95132159951;35638.95132159951;35638.95132159951;35638.95132159951;35638.95132159951;35638.95132159951;35638.95132159951;35638.95132159951;35638.95132159951;35638.95132159951;35638.95132159951;35638.95132159951;35638.95132159951;35638.95132159951;35638.95132159951;35638.95132159951;35638.95132159951;35638.95132159951;35638.95132159951;35638.95132159951;35638.95132159951;35638.95132159951;35638.95132159951;35638.95132159951;35638.95132159951;35638.95132159951;35638.95132159951;35638.95132159951;35638.95132159951;35638.95132159951;35638.95132159951;35638.95132159951;35638.95132159951;
45900.38454279444;35640.0;35640.0;35640.0;35640.0;35638.95132159951;35638.95132159951;35638.95132159951;35638.95132159951;35638.95132159951;35638.95132159951;35638.95132159951;35638.95132159951;35638.95132159951;35638.95132159951;35638.95132159951;35638.95132159951;35638.95132159951;35638.95132159951;35638.95132159951;35638.95132159951;35638.95132159951;35638.95132159951;35638.95132159951;35638.95132159951;35638.95132159951;35638.95132159951;35638.95132159951;35638.95132159951;35638.95132159951;35638.95132159951;35638.95132159951;35638.95132159951;35638.95132159951;35638.95132159951;35638.95132159951;35638.95132159951;35638.95132159951;35638.95132159951;35638.95132159951;35638.95132159951;35638.95132159951;35638.95132159951;35638.95132159951;35638.95132159951;
46200.0;35640.0;35640.0;35640.0;35640.0;35638.95132159951;35638.95132159951;35638.95132159951;35638.95132159951;35638.95132159951;35638.95132159951;35638.95132159951;35638.95132159951;35638.95132159951;35638.95132159951;35638.95132159951;35638.95132159951;35638.95132159951;35638.95132159951;35638.95132159951;35638.95132159951;35638.95132159951;35638.95132159951;35638.95132159951;35638.95132159951;35638.95132159951;35638.95132159951;35638.95132159951;35638.95132159951;35638.95132159951;35638.95132159951;35638.95132159951;35638.95132159951;35638.95132159951;35638.95132159951;35638.95132159951;35638.95132159951;35638.95132159951;35638.95132159951;35638.95132159951;35638.95132159951;35638.95132159951;35638.95132159951;35638.95132159951;35638.95132159951;
46200.0;35640.0;35640.0;35640.0;35640.0;35638.94451199951;35638.94451199951;35638.94451199951;35638.94451199951;35638.94451199951;35638.94451199951;35638.94451199951;35638.94451199951;35638.94451199951;35638.94451199951;35638.94451199951;35638.94451199951;35638.94451199951;35638.94451199951;35638.94451199951;35638.94451199951;35638.94451199951;35638.94451199951;35638.94451199951;35638.94451199951;35638.94451199951;35638.94451199951;35638.94451199951;35638.94451199951;35638.94451199951;35638.94451199951;35638.94451199951;35638.94451199951;35638.94451199951;35638.94451199951;35638.94451199951;35638.94451199951;35638.94451199951;35638.94451199951;35638.94451199951;35638.94451199951;35638.94451199951;35638.94451199951;35638.94451199951;35638.94451199951;
46200.38454279444;35640.0;35640.0;35640.0;35640.0;35638.94451199951;35638.94451199951;35638.94451199951;35638.94451199951;35638.94451199951;35638.94451199951;35638.94451199951;35638.94451199951;35638.94451199951;35638.94451199951;35638.94451199951;35638.94451199951;35638.94451199951;35638.94451199951;35638.94451199951;35638.94451199951;35638.94451199951;35638.94451199951;35638.94451199951;35638.94451199951;35638.94451199951;35638.94451199951;35638.94451199951;35638.94451199951;35638.94451199951;35638.94451199951;35638.94451199951;35638.94451199951;35638.94451199951;35638.94451199951;35638.94451199951;35638.94451199951;35638.94451199951;35638.94451199951;35638.94451199951;35638.94451199951;35638.94451199951;35638.94451199951;35638.94451199951;35638.94451199951;
46500.0;35640.0;35640.0;35640.0;35640.0;35638.94451199951;35638.94451199951;35638.94451199951;35638.94451199951;35638.94451199951;35638.94451199951;35638.94451199951;35638.94451199951;35638.94451199951;35638.94451199951;35638.94451199951;35638.94451199951;35638.94451199951;35638.94451199951;35638.94451199951;35638.94451199951;35638.94451199951;35638.94451199951;35638.94451199951;35638.94451199951;35638.94451199951;35638.94451199951;35638.94451199951;35638.94451199951;35638.94451199951;35638.94451199951;35638.94451199951;35638.94451199951;35638.94451199951;35638.94451199951;35638.94451199951;35638.94451199951;35638.94451199951;35638.94451199951;35638.94451199951;35638.94451199951;35638.94451199951;35638.94451199951;35638.94451199951;35638.94451199951;
46500.0;35640.0;35640.0;35640.0;35640.0;35638.937702399504;35638.937702399504;35638.937702399504;35638.937702399504;35638.937702399504;35638.937702399504;35638.937702399504;35638.937702399504;35638.937702399504;35638.937702399504;35638.937702399504;35638.937702399504;35638.937702399504;35638.937702399504;35638.937702399504;35638.937702399504;35638.937702399504;35638.937702399504;35638.937702399504;35638.937702399504;35638.937702399504;35638.937702399504;35638.937702399504;35638.937702399504;35638.937702399504;35638.937702399504;35638.937702399504;35638.937702399504;35638.937702399504;35638.937702399504;35638.937702399504;35638.937702399504;35638.937702399504;35638.937702399504;35638.937702399504;35638.937702399504;35638.937702399504;35638.937702399504;35638.937702399504;35638.937702399504;
46500.38454279444;35640.0;35640.0;35640.0;35640.0;35638.937702399504;35638.937702399504;35638.937702399504;35638.937702399504;35638.937702399504;35638.937702399504;35638.937702399504;35638.937702399504;35638.937702399504;35638.937702399504;35638.937702399504;35638.937702399504;35638.937702399504;35638.937702399504;35638.937702399504;35638.937702399504;35638.937702399504;35638.937702399504;35638.937702399504;35638.937702399504;35638.937702399504;35638.937702399504;35638.937702399504;35638.937702399504;35638.937702399504;35638.937702399504;35638.937702399504;35638.937702399504;35638.937702399504;35638.937702399504;35638.937702399504;35638.937702399504;35638.937702399504;35638.937702399504;35638.937702399504;35638.937702399504;35638.937702399504;35638.937702399504;35638.937702399504;35638.937702399504;
46800.0;35640.0;35640.0;35640.0;35640.0;35638.937702399504;35638.937702399504;35638.937702399504;35638.937702399504;35638.937702399504;35638.937702399504;35638.937702399504;35638.937702399504;35638.937702399504;35638.937702399504;35638.937702399504;35638.937702399504;35638.937702399504;35638.937702399504;35638.937702399504;35638.937702399504;35638.937702399504;35638.937702399504;35638.937702399504;35638.937702399504;35638.937702399504;35638.937702399504;35638.937702399504;35638.937702399504;35638.937702399504;35638.937702399504;35638.937702399504;35638.937702399504;35638.937702399504;35638.937702399504;35638.937702399504;35638.937702399504;35638.937702399504;35638.937702399504;35638.937702399504;35638.937702399504;35638.937702399504;35638.937702399504;35638.937702399504;35638.937702399504;
46800.0;35640.0;35640.0;35640.0;35640.0;35638.9308927995;35638.9308927995;35638.9308927995;35638.9308927995;35638.9308927995;35638.9308927995;35638.9308927995;35638.9308927995;35638.9308927995;35638.9308927995;35638.9308927995;35638.9308927995;35638.9308927995;35638.9308927995;35638.9308927995;35638.9308927995;35638.9308927995;35638.9308927995;35638.9308927995;35638.9308927995;35638.9308927995;35638.9308927995;35638.9308927995;35638.9308927995;35638.9308927995;35638.9308927995;35638.9308927995;35638.9308927995;35638.9308927995;35638.9308927995;35638.9308927995;35638.9308927995;35638.9308927995;35638.9308927995;35638.9308927995;35638.9308927995;35638.9308927995;35638.9308927995;35638.9308927995;35638.9308927995;
46800.0;35640.0;35640.0;35640.0;35640.0;35638.9308927995;35638.9308927995;35638.9308927995;35638.9308927995;35638.9308927995;35638.9308927995;35638.9308927995;35638.9308927995;35638.9308927995;35638.9308927995;35638.9308927995;35638.9308927995;35638.9308927995;35638.9308927995;35638.9308927995;35638.9308927995;35638.9308927995;35638.9308927995;35638.9308927995;35638.9308927995;35638.9308927995;35638.9308927995;35638.9308927995;35638.9308927995;35638.9308927995;35638.9308927995;35638.9308927995;35638.9308927995;35638.9308927995;35638.9308927995;35638.9308927995;35638.9308927995;35638.9308927995;35638.9308927995;35638.9308927995;35638.9308927995;35638.9308927995;35638.9308927995;35638.9308927995;35638.9308927995;
46800.38454279444;35640.0;35640.0;35640.0;35640.0;35638.9308927995;35638.9308927995;35638.9308927995;35638.9308927995;35638.9308927995;35638.9308927995;35638.9308927995;35638.9308927995;35638.9308927995;35638.9308927995;35638.9308927995;35638.9308927995;35638.9308927995;35638.9308927995;35638.9308927995;35638.9308927995;35638.9308927995;35638.9308927995;35638.9308927995;35638.9308927995;35638.9308927995;35638.9308927995;35638.9308927995;35638.9308927995;35638.9308927995;35638.9308927995;35638.9308927995;35638.9308927995;35638.9308927995;35638.9308927995;35638.9308927995;35638.9308927995;35638.9308927995;35638.9308927995;35638.9308927995;35638.9308927995;35638.9308927995;35638.9308927995;35638.9308927995;35638.9308927995;
47100.0;35640.0;35640.0;35640.0;35640.0;35638.9308927995;35638.9308927995;35638.9308927995;35638.9308927995;35638.9308927995;35638.9308927995;35638.9308927995;35638.9308927995;35638.9308927995;35638.9308927995;35638.9308927995;35638.9308927995;35638.9308927995;35638.9308927995;35638.9308927995;35638.9308927995;35638.9308927995;35638.9308927995;35638.9308927995;35638.9308927995;35638.9308927995;35638.9308927995;35638.9308927995;35638.9308927995;35638.9308927995;35638.9308927995;35638.9308927995;35638.9308927995;35638.9308927995;35638.9308927995;35638.9308927995;35638.9308927995;35638.9308927995;35638.9308927995;35638.9308927995;35638.9308927995;35638.9308927995;35638.9308927995;35638.9308927995;35638.9308927995;
47100.0;35640.0;35640.0;35640.0;35640.0;35638.9240831995;35638.9240831995;35638.9240831995;35638.9240831995;35638.9240831995;35638.9240831995;35638.9240831995;35638.9240831995;35638.9240831995;35638.9240831995;35638.9240831995;35638.9240831995;35638.9240831995;35638.9240831995;35638.9240831995;35638.9240831995;35638.9240831995;35638.9240831995;35638.9240831995;35638.9240831995;35638.9240831995;35638.9240831995;35638.9240831995;35638.9240831995;35638.9240831995;35638.9240831995;35638.9240831995;35638.9240831995;35638.9240831995;35638.9240831995;35638.9240831995;35638.9240831995;35638.9240831995;35638.9240831995;35638.9240831995;35638.9240831995;35638.9240831995;35638.9240831995;35638.9240831995;35638.9240831995;
47100.38454279444;35640.0;35640.0;35640.0;35640.0;35638.9240831995;35638.9240831995;35638.9240831995;35638.9240831995;35638.9240831995;35638.9240831995;35638.9240831995;35638.9240831995;35638.9240831995;35638.9240831995;35638.9240831995;35638.9240831995;35638.9240831995;35638.9240831995;35638.9240831995;35638.9240831995;35638.9240831995;35638.9240831995;35638.9240831995;35638.9240831995;35638.9240831995;35638.9240831995;35638.9240831995;35638.9240831995;35638.9240831995;35638.9240831995;35638.9240831995;35638.9240831995;35638.9240831995;35638.9240831995;35638.9240831995;35638.9240831995;35638.9240831995;35638.9240831995;35638.9240831995;35638.9240831995;35638.9240831995;35638.9240831995;35638.9240831995;35638.9240831995;
47400.0;35640.0;35640.0;35640.0;35640.0;35638.9240831995;35638.9240831995;35638.9240831995;35638.9240831995;35638.9240831995;35638.9240831995;35638.9240831995;35638.9240831995;35638.9240831995;35638.9240831995;35638.9240831995;35638.9240831995;35638.9240831995;35638.9240831995;35638.9240831995;35638.9240831995;35638.9240831995;35638.9240831995;35638.9240831995;35638.9240831995;35638.9240831995;35638.9240831995;35638.9240831995;35638.9240831995;35638.9240831995;35638.9240831995;35638.9240831995;35638.9240831995;35638.9240831995;35638.9240831995;35638.9240831995;35638.9240831995;35638.9240831995;35638.9240831995;35638.9240831995;35638.9240831995;35638.9240831995;35638.9240831995;35638.9240831995;35638.9240831995;
47400.0;35640.0;35640.0;35640.0;35640.0;35638.917273599494;35638.917273599494;35638.917273599494;35638.917273599494;35638.917273599494;35638.917273599494;35638.917273599494;35638.917273599494;35638.917273599494;35638.917273599494;35638.917273599494;35638.917273599494;35638.917273599494;35638.917273599494;35638.917273599494;35638.917273599494;35638.917273599494;35638.917273599494;35638.917273599494;35638.917273599494;35638.917273599494;35638.917273599494;35638.917273599494;35638.917273599494;35638.917273599494;35638.917273599494;35638.917273599494;35638.917273599494;35638.917273599494;35638.917273599494;35638.917273599494;35638.917273599494;35638.917273599494;35638.917273599494;35638.917273599494;35638.917273599494;35638.917273599494;35638.917273599494;35638.917273599494;35638.917273599494;
47400.38454279444;35640.0;35640.0;35640.0;35640.0;35638.917273599494;35638.917273599494;35638.917273599494;35638.917273599494;35638.917273599494;35638.917273599494;35638.917273599494;35638.917273599494;35638.917273599494;35638.917273599494;35638.917273599494;35638.917273599494;35638.917273599494;35638.917273599494;35638.917273599494;35638.917273599494;35638.917273599494;35638.917273599494;35638.917273599494;35638.917273599494;35638.917273599494;35638.917273599494;35638.917273599494;35638.917273599494;35638.917273599494;35638.917273599494;35638.917273599494;35638.917273599494;35638.917273599494;35638.917273599494;35638.917273599494;35638.917273599494;35638.917273599494;35638.917273599494;35638.917273599494;35638.917273599494;35638.917273599494;35638.917273599494;35638.917273599494;35638.917273599494;
47700.0;35640.0;35640.0;35640.0;35640.0;35638.917273599494;35638.917273599494;35638.917273599494;35638.917273599494;35638.917273599494;35638.917273599494;35638.917273599494;35638.917273599494;35638.917273599494;35638.917273599494;35638.917273599494;35638.917273599494;35638.917273599494;35638.917273599494;35638.917273599494;35638.917273599494;35638.917273599494;35638.917273599494;35638.917273599494;35638.917273599494;35638.917273599494;35638.917273599494;35638.917273599494;35638.917273599494;35638.917273599494;35638.917273599494;35638.917273599494;35638.917273599494;35638.917273599494;35638.917273599494;35638.917273599494;35638.917273599494;35638.917273599494;35638.917273599494;35638.917273599494;35638.917273599494;35638.917273599494;35638.917273599494;35638.917273599494;35638.917273599494;
47700.0;35640.0;35640.0;35640.0;35640.0;35638.91046399949;35638.91046399949;35638.91046399949;35638.91046399949;35638.91046399949;35638.91046399949;35638.91046399949;35638.91046399949;35638.91046399949;35638.91046399949;35638.91046399949;35638.91046399949;35638.91046399949;35638.91046399949;35638.91046399949;35638.91046399949;35638.91046399949;35638.91046399949;35638.91046399949;35638.91046399949;35638.91046399949;35638.91046399949;35638.91046399949;35638.91046399949;35638.91046399949;35638.91046399949;35638.91046399949;35638.91046399949;35638.91046399949;35638.91046399949;35638.91046399949;35638.91046399949;35638.91046399949;35638.91046399949;35638.91046399949;35638.91046399949;35638.91046399949;35638.91046399949;35638.91046399949;35638.91046399949;
47700.38454279444;35640.0;35640.0;35640.0;35640.0;35638.91046399949;35638.91046399949;35638.91046399949;35638.91046399949;35638.91046399949;35638.91046399949;35638.91046399949;35638.91046399949;35638.91046399949;35638.91046399949;35638.91046399949;35638.91046399949;35638.91046399949;35638.91046399949;35638.91046399949;35638.91046399949;35638.91046399949;35638.91046399949;35638.91046399949;35638.91046399949;35638.91046399949;35638.91046399949;35638.91046399949;35638.91046399949;35638.91046399949;35638.91046399949;35638.91046399949;35638.91046399949;35638.91046399949;35638.91046399949;35638.91046399949;35638.91046399949;35638.91046399949;35638.91046399949;35638.91046399949;35638.91046399949;35638.91046399949;35638.91046399949;35638.91046399949;35638.91046399949;
48000.0;35640.0;35640.0;35640.0;35640.0;35638.91046399949;35638.91046399949;35638.91046399949;35638.91046399949;35638.91046399949;35638.91046399949;35638.91046399949;35638.91046399949;35638.91046399949;35638.91046399949;35638.91046399949;35638.91046399949;35638.91046399949;35638.91046399949;35638.91046399949;35638.91046399949;35638.91046399949;35638.91046399949;35638.91046399949;35638.91046399949;35638.91046399949;35638.91046399949;35638.91046399949;35638.91046399949;35638.91046399949;35638.91046399949;35638.91046399949;35638.91046399949;35638.91046399949;35638.91046399949;35638.91046399949;35638.91046399949;35638.91046399949;35638.91046399949;35638.91046399949;35638.91046399949;35638.91046399949;35638.91046399949;35638.91046399949;35638.91046399949;
48000.0;35640.0;35640.0;35640.0;35640.0;35638.90365439949;35638.90365439949;35638.90365439949;35638.90365439949;35638.90365439949;35638.90365439949;35638.90365439949;35638.90365439949;35638.90365439949;35638.90365439949;35638.90365439949;35638.90365439949;35638.90365439949;35638.90365439949;35638.90365439949;35638.90365439949;35638.90365439949;35638.90365439949;35638.90365439949;35638.90365439949;35638.90365439949;35638.90365439949;35638.90365439949;35638.90365439949;35638.90365439949;35638.90365439949;35638.90365439949;35638.90365439949;35638.90365439949;35638.90365439949;35638.90365439949;35638.90365439949;35638.90365439949;35638.90365439949;35638.90365439949;35638.90365439949;35638.90365439949;35638.90365439949;35638.90365439949;35638.90365439949;
48000.38454279444;35640.0;35640.0;35640.0;35640.0;35638.90365439949;35638.90365439949;35638.90365439949;35638.90365439949;35638.90365439949;35638.90365439949;35638.90365439949;35638.90365439949;35638.90365439949;35638.90365439949;35638.90365439949;35638.90365439949;35638.90365439949;35638.90365439949;35638.90365439949;35638.90365439949;35638.90365439949;35638.90365439949;35638.90365439949;35638.90365439949;35638.90365439949;35638.90365439949;35638.90365439949;35638.90365439949;35638.90365439949;35638.90365439949;35638.90365439949;35638.90365439949;35638.90365439949;35638.90365439949;35638.90365439949;35638.90365439949;35638.90365439949;35638.90365439949;35638.90365439949;35638.90365439949;35638.90365439949;35638.90365439949;35638.90365439949;35638.90365439949;
48300.0;35640.0;35640.0;35640.0;35640.0;35638.90365439949;35638.90365439949;35638.90365439949;35638.90365439949;35638.90365439949;35638.90365439949;35638.90365439949;35638.90365439949;35638.90365439949;35638.90365439949;35638.90365439949;35638.90365439949;35638.90365439949;35638.90365439949;35638.90365439949;35638.90365439949;35638.90365439949;35638.90365439949;35638.90365439949;35638.90365439949;35638.90365439949;35638.90365439949;35638.90365439949;35638.90365439949;35638.90365439949;35638.90365439949;35638.90365439949;35638.90365439949;35638.90365439949;35638.90365439949;35638.90365439949;35638.90365439949;35638.90365439949;35638.90365439949;35638.90365439949;35638.90365439949;35638.90365439949;35638.90365439949;35638.90365439949;35638.90365439949;
48300.0;35640.0;35640.0;35640.0;35640.0;35638.896844799485;35638.896844799485;35638.896844799485;35638.896844799485;35638.896844799485;35638.896844799485;35638.896844799485;35638.896844799485;35638.896844799485;35638.896844799485;35638.896844799485;35638.896844799485;35638.896844799485;35638.896844799485;35638.896844799485;35638.896844799485;35638.896844799485;35638.896844799485;35638.896844799485;35638.896844799485;35638.896844799485;35638.896844799485;35638.896844799485;35638.896844799485;35638.896844799485;35638.896844799485;35638.896844799485;35638.896844799485;35638.896844799485;35638.896844799485;35638.896844799485;35638.896844799485;35638.896844799485;35638.896844799485;35638.896844799485;35638.896844799485;35638.896844799485;35638.896844799485;35638.896844799485;35638.896844799485;
48300.38454279444;35640.0;35640.0;35640.0;35640.0;35638.896844799485;35638.896844799485;35638.896844799485;35638.896844799485;35638.896844799485;35638.896844799485;35638.896844799485;35638.896844799485;35638.896844799485;35638.896844799485;35638.896844799485;35638.896844799485;35638.896844799485;35638.896844799485;35638.896844799485;35638.896844799485;35638.896844799485;35638.896844799485;35638.896844799485;35638.896844799485;35638.896844799485;35638.896844799485;35638.896844799485;35638.896844799485;35638.896844799485;35638.896844799485;35638.896844799485;35638.896844799485;35638.896844799485;35638.896844799485;35638.896844799485;35638.896844799485;35638.896844799485;35638.896844799485;35638.896844799485;35638.896844799485;35638.896844799485;35638.896844799485;35638.896844799485;35638.896844799485;
48600.0;35640.0;35640.0;35640.0;35640.0;35638.896844799485;35638.896844799485;35638.896844799485;35638.896844799485;35638.896844799485;35638.896844799485;35638.896844799485;35638.896844799485;35638.896844799485;35638.896844799485;35638.896844799485;35638.896844799485;35638.896844799485;35638.896844799485;35638.896844799485;35638.896844799485;35638.896844799485;35638.896844799485;35638.896844799485;35638.896844799485;35638.896844799485;35638.896844799485;35638.896844799485;35638.896844799485;35638.896844799485;35638.896844799485;35638.896844799485;35638.896844799485;35638.896844799485;35638.896844799485;35638.896844799485;35638.896844799485;35638.896844799485;35638.896844799485;35638.896844799485;35638.896844799485;35638.896844799485;35638.896844799485;35638.896844799485;35638.896844799485;
48600.0;35640.0;35640.0;35640.0;35640.0;35638.89003519948;35638.89003519948;35638.89003519948;35638.89003519948;35638.89003519948;35638.89003519948;35638.89003519948;35638.89003519948;35638.89003519948;35638.89003519948;35638.89003519948;35638.89003519948;35638.89003519948;35638.89003519948;35638.89003519948;35638.89003519948;35638.89003519948;35638.89003519948;35638.89003519948;35638.89003519948;35638.89003519948;35638.89003519948;35638.89003519948;35638.89003519948;35638.89003519948;35638.89003519948;35638.89003519948;35638.89003519948;35638.89003519948;35638.89003519948;35638.89003519948;35638.89003519948;35638.89003519948;35638.89003519948;35638.89003519948;35638.89003519948;35638.89003519948;35638.89003519948;35638.89003519948;35638.89003519948;
48600.38454279444;35640.0;35640.0;35640.0;35640.0;35638.89003519948;35638.89003519948;35638.89003519948;35638.89003519948;35638.89003519948;35638.89003519948;35638.89003519948;35638.89003519948;35638.89003519948;35638.89003519948;35638.89003519948;35638.89003519948;35638.89003519948;35638.89003519948;35638.89003519948;35638.89003519948;35638.89003519948;35638.89003519948;35638.89003519948;35638.89003519948;35638.89003519948;35638.89003519948;35638.89003519948;35638.89003519948;35638.89003519948;35638.89003519948;35638.89003519948;35638.89003519948;35638.89003519948;35638.89003519948;35638.89003519948;35638.89003519948;35638.89003519948;35638.89003519948;35638.89003519948;35638.89003519948;35638.89003519948;35638.89003519948;35638.89003519948;35638.89003519948;
48900.0;35640.0;35640.0;35640.0;35640.0;35638.89003519948;35638.89003519948;35638.89003519948;35638.89003519948;35638.89003519948;35638.89003519948;35638.89003519948;35638.89003519948;35638.89003519948;35638.89003519948;35638.89003519948;35638.89003519948;35638.89003519948;35638.89003519948;35638.89003519948;35638.89003519948;35638.89003519948;35638.89003519948;35638.89003519948;35638.89003519948;35638.89003519948;35638.89003519948;35638.89003519948;35638.89003519948;35638.89003519948;35638.89003519948;35638.89003519948;35638.89003519948;35638.89003519948;35638.89003519948;35638.89003519948;35638.89003519948;35638.89003519948;35638.89003519948;35638.89003519948;35638.89003519948;35638.89003519948;35638.89003519948;35638.89003519948;35638.89003519948;
48900.0;35640.0;35640.0;35640.0;35640.0;35638.88322559948;35638.88322559948;35638.88322559948;35638.88322559948;35638.88322559948;35638.88322559948;35638.88322559948;35638.88322559948;35638.88322559948;35638.88322559948;35638.88322559948;35638.88322559948;35638.88322559948;35638.88322559948;35638.88322559948;35638.88322559948;35638.88322559948;35638.88322559948;35638.88322559948;35638.88322559948;35638.88322559948;35638.88322559948;35638.88322559948;35638.88322559948;35638.88322559948;35638.88322559948;35638.88322559948;35638.88322559948;35638.88322559948;35638.88322559948;35638.88322559948;35638.88322559948;35638.88322559948;35638.88322559948;35638.88322559948;35638.88322559948;35638.88322559948;35638.88322559948;35638.88322559948;35638.88322559948;
48900.38454279444;35640.0;35640.0;35640.0;35640.0;35638.88322559948;35638.88322559948;35638.88322559948;35638.88322559948;35638.88322559948;35638.88322559948;35638.88322559948;35638.88322559948;35638.88322559948;35638.88322559948;35638.88322559948;35638.88322559948;35638.88322559948;35638.88322559948;35638.88322559948;35638.88322559948;35638.88322559948;35638.88322559948;35638.88322559948;35638.88322559948;35638.88322559948;35638.88322559948;35638.88322559948;35638.88322559948;35638.88322559948;35638.88322559948;35638.88322559948;35638.88322559948;35638.88322559948;35638.88322559948;35638.88322559948;35638.88322559948;35638.88322559948;35638.88322559948;35638.88322559948;35638.88322559948;35638.88322559948;35638.88322559948;35638.88322559948;35638.88322559948;
49200.0;35640.0;35640.0;35640.0;35640.0;35638.88322559948;35638.88322559948;35638.88322559948;35638.88322559948;35638.88322559948;35638.88322559948;35638.88322559948;35638.88322559948;35638.88322559948;35638.88322559948;35638.88322559948;35638.88322559948;35638.88322559948;35638.88322559948;35638.88322559948;35638.88322559948;35638.88322559948;35638.88322559948;35638.88322559948;35638.88322559948;35638.88322559948;35638.88322559948;35638.88322559948;35638.88322559948;35638.88322559948;35638.88322559948;35638.88322559948;35638.88322559948;35638.88322559948;35638.88322559948;35638.88322559948;35638.88322559948;35638.88322559948;35638.88322559948;35638.88322559948;35638.88322559948;35638.88322559948;35638.88322559948;35638.88322559948;35638.88322559948;
49200.0;35640.0;35640.0;35640.0;35640.0;35638.876415999475;35638.876415999475;35638.876415999475;35638.876415999475;35638.876415999475;35638.876415999475;35638.876415999475;35638.876415999475;35638.876415999475;35638.876415999475;35638.876415999475;35638.876415999475;35638.876415999475;35638.876415999475;35638.876415999475;35638.876415999475;35638.876415999475;35638.876415999475;35638.876415999475;35638.876415999475;35638.876415999475;35638.876415999475;35638.876415999475;35638.876415999475;35638.876415999475;35638.876415999475;35638.876415999475;35638.876415999475;35638.876415999475;35638.876415999475;35638.876415999475;35638.876415999475;35638.876415999475;35638.876415999475;35638.876415999475;35638.876415999475;35638.876415999475;35638.876415999475;35638.876415999475;35638.876415999475;
49200.0;35640.0;35640.0;35640.0;35640.0;35638.876415999475;35638.876415999475;35638.876415999475;35638.876415999475;35638.876415999475;35638.876415999475;35638.876415999475;35638.876415999475;35638.876415999475;35638.876415999475;35638.876415999475;35638.876415999475;35638.876415999475;35638.876415999475;35638.876415999475;35638.876415999475;35638.876415999475;35638.876415999475;35638.876415999475;35638.876415999475;35638.876415999475;35638.876415999475;35638.876415999475;35638.876415999475;35638.876415999475;35638.876415999475;35638.876415999475;35638.876415999475;35638.876415999475;35638.876415999475;35638.876415999475;35638.876415999475;35638.876415999475;35638.876415999475;35638.876415999475;35638.876415999475;35638.876415999475;35638.876415999475;35638.876415999475;35638.876415999475;
49200.38454279444;35640.0;35640.0;35640.0;35640.0;35638.876415999475;35638.876415999475;35638.876415999475;35638.876415999475;35638.876415999475;35638.876415999475;35638.876415999475;35638.876415999475;35638.876415999475;35638.876415999475;35638.876415999475;35638.876415999475;35638.876415999475;35638.876415999475;35638.876415999475;35638.876415999475;35638.876415999475;35638.876415999475;35638.876415999475;35638.876415999475;35638.876415999475;35638.876415999475;35638.876415999475;35638.876415999475;35638.876415999475;35638.876415999475;35638.876415999475;35638.876415999475;35638.876415999475;35638.876415999475;35638.876415999475;35638.876415999475;35638.876415999475;35638.876415999475;35638.876415999475;35638.876415999475;35638.876415999475;35638.876415999475;35638.876415999475;35638.876415999475;
49500.0;35640.0;35640.0;35640.0;35640.0;35638.876415999475;35638.876415999475;35638.876415999475;35638.876415999475;35638.876415999475;35638.876415999475;35638.876415999475;35638.876415999475;35638.876415999475;35638.876415999475;35638.876415999475;35638.876415999475;35638.876415999475;35638.876415999475;35638.876415999475;35638.876415999475;35638.876415999475;35638.876415999475;35638.876415999475;35638.876415999475;35638.876415999475;35638.876415999475;35638.876415999475;35638.876415999475;35638.876415999475;35638.876415999475;35638.876415999475;35638.876415999475;35638.876415999475;35638.876415999475;35638.876415999475;35638.876415999475;35638.876415999475;35638.876415999475;35638.876415999475;35638.876415999475;35638.876415999475;35638.876415999475;35638.876415999475;35638.876415999475;
49500.0;35640.0;35640.0;35640.0;35640.0;35638.86960639947;35638.86960639947;35638.86960639947;35638.86960639947;35638.86960639947;35638.86960639947;35638.86960639947;35638.86960639947;35638.86960639947;35638.86960639947;35638.86960639947;35638.86960639947;35638.86960639947;35638.86960639947;35638.86960639947;35638.86960639947;35638.86960639947;35638.86960639947;35638.86960639947;35638.86960639947;35638.86960639947;35638.86960639947;35638.86960639947;35638.86960639947;35638.86960639947;35638.86960639947;35638.86960639947;35638.86960639947;35638.86960639947;35638.86960639947;35638.86960639947;35638.86960639947;35638.86960639947;35638.86960639947;35638.86960639947;35638.86960639947;35638.86960639947;35638.86960639947;35638.86960639947;35638.86960639947;
49500.38454279444;35640.0;35640.0;35640.0;35640.0;35638.86960639947;35638.86960639947;35638.86960639947;35638.86960639947;35638.86960639947;35638.86960639947;35638.86960639947;35638.86960639947;35638.86960639947;35638.86960639947;35638.86960639947;35638.86960639947;35638.86960639947;35638.86960639947;35638.86960639947;35638.86960639947;35638.86960639947;35638.86960639947;35638.86960639947;35638.86960639947;35638.86960639947;35638.86960639947;35638.86960639947;35638.86960639947;35638.86960639947;35638.86960639947;35638.86960639947;35638.86960639947;35638.86960639947;35638.86960639947;35638.86960639947;35638.86960639947;35638.86960639947;35638.86960639947;35638.86960639947;35638.86960639947;35638.86960639947;35638.86960639947;35638.86960639947;35638.86960639947;
49800.0;35640.0;35640.0;35640.0;35640.0;35638.86960639947;35638.86960639947;35638.86960639947;35638.86960639947;35638.86960639947;35638.86960639947;35638.86960639947;35638.86960639947;35638.86960639947;35638.86960639947;35638.86960639947;35638.86960639947;35638.86960639947;35638.86960639947;35638.86960639947;35638.86960639947;35638.86960639947;35638.86960639947;35638.86960639947;35638.86960639947;35638.86960639947;35638.86960639947;35638.86960639947;35638.86960639947;35638.86960639947;35638.86960639947;35638.86960639947;35638.86960639947;35638.86960639947;35638.86960639947;35638.86960639947;35638.86960639947;35638.86960639947;35638.86960639947;35638.86960639947;35638.86960639947;35638.86960639947;35638.86960639947;35638.86960639947;35638.86960639947;
49800.0;35640.0;35640.0;35640.0;35640.0;35638.86279679947;35638.86279679947;35638.86279679947;35638.86279679947;35638.86279679947;35638.86279679947;35638.86279679947;35638.86279679947;35638.86279679947;35638.86279679947;35638.86279679947;35638.86279679947;35638.86279679947;35638.86279679947;35638.86279679947;35638.86279679947;35638.86279679947;35638.86279679947;35638.86279679947;35638.86279679947;35638.86279679947;35638.86279679947;35638.86279679947;35638.86279679947;35638.86279679947;35638.86279679947;35638.86279679947;35638.86279679947;35638.86279679947;35638.86279679947;35638.86279679947;35638.86279679947;35638.86279679947;35638.86279679947;35638.86279679947;35638.86279679947;35638.86279679947;35638.86279679947;35638.86279679947;35638.86279679947;
49800.38454279444;35640.0;35640.0;35640.0;35640.0;35638.86279679947;35638.86279679947;35638.86279679947;35638.86279679947;35638.86279679947;35638.86279679947;35638.86279679947;35638.86279679947;35638.86279679947;35638.86279679947;35638.86279679947;35638.86279679947;35638.86279679947;35638.86279679947;35638.86279679947;35638.86279679947;35638.86279679947;35638.86279679947;35638.86279679947;35638.86279679947;35638.86279679947;35638.86279679947;35638.86279679947;35638.86279679947;35638.86279679947;35638.86279679947;35638.86279679947;35638.86279679947;35638.86279679947;35638.86279679947;35638.86279679947;35638.86279679947;35638.86279679947;35638.86279679947;35638.86279679947;35638.86279679947;35638.86279679947;35638.86279679947;35638.86279679947;35638.86279679947;
50100.0;35640.0;35640.0;35640.0;35640.0;35638.86279679947;35638.86279679947;35638.86279679947;35638.86279679947;35638.86279679947;35638.86279679947;35638.86279679947;35638.86279679947;35638.86279679947;35638.86279679947;35638.86279679947;35638.86279679947;35638.86279679947;35638.86279679947;35638.86279679947;35638.86279679947;35638.86279679947;35638.86279679947;35638.86279679947;35638.86279679947;35638.86279679947;35638.86279679947;35638.86279679947;35638.86279679947;35638.86279679947;35638.86279679947;35638.86279679947;35638.86279679947;35638.86279679947;35638.86279679947;35638.86279679947;35638.86279679947;35638.86279679947;35638.86279679947;35638.86279679947;35638.86279679947;35638.86279679947;35638.86279679947;35638.86279679947;35638.86279679947;
50100.0;35640.0;35640.0;35640.0;35640.0;35638.855987199466;35638.855987199466;35638.855987199466;35638.855987199466;35638.855987199466;35638.855987199466;35638.855987199466;35638.855987199466;35638.855987199466;35638.855987199466;35638.855987199466;35638.855987199466;35638.855987199466;35638.855987199466;35638.855987199466;35638.855987199466;35638.855987199466;35638.855987199466;35638.855987199466;35638.855987199466;35638.855987199466;35638.855987199466;35638.855987199466;35638.855987199466;35638.855987199466;35638.855987199466;35638.855987199466;35638.855987199466;35638.855987199466;35638.855987199466;35638.855987199466;35638.855987199466;35638.855987199466;35638.855987199466;35638.855987199466;35638.855987199466;35638.855987199466;35638.855987199466;35638.855987199466;35638.855987199466;
50100.38454279444;35640.0;35640.0;35640.0;35640.0;35638.855987199466;35638.855987199466;35638.855987199466;35638.855987199466;35638.855987199466;35638.855987199466;35638.855987199466;35638.855987199466;35638.855987199466;35638.855987199466;35638.855987199466;35638.855987199466;35638.855987199466;35638.855987199466;35638.855987199466;35638.855987199466;35638.855987199466;35638.855987199466;35638.855987199466;35638.855987199466;35638.855987199466;35638.855987199466;35638.855987199466;35638.855987199466;35638.855987199466;35638.855987199466;35638.855987199466;35638.855987199466;35638.855987199466;35638.855987199466;35638.855987199466;35638.855987199466;35638.855987199466;35638.855987199466;35638.855987199466;35638.855987199466;35638.855987199466;35638.855987199466;35638.855987199466;35638.855987199466;
50400.0;35640.0;35640.0;35640.0;35640.0;35638.855987199466;35638.855987199466;35638.855987199466;35638.855987199466;35638.855987199466;35638.855987199466;35638.855987199466;35638.855987199466;35638.855987199466;35638.855987199466;35638.855987199466;35638.855987199466;35638.855987199466;35638.855987199466;35638.855987199466;35638.855987199466;35638.855987199466;35638.855987199466;35638.855987199466;35638.855987199466;35638.855987199466;35638.855987199466;35638.855987199466;35638.855987199466;35638.855987199466;35638.855987199466;35638.855987199466;35638.855987199466;35638.855987199466;35638.855987199466;35638.855987199466;35638.855987199466;35638.855987199466;35638.855987199466;35638.855987199466;35638.855987199466;35638.855987199466;35638.855987199466;35638.855987199466;35638.855987199466;
50400.0;35640.0;35640.0;35640.0;35640.0;35638.84917759946;35638.84917759946;35638.84917759946;35638.84917759946;35638.84917759946;35638.84917759946;35638.84917759946;35638.84917759946;35638.84917759946;35638.84917759946;35638.84917759946;35638.84917759946;35638.84917759946;35638.84917759946;35638.84917759946;35638.84917759946;35638.84917759946;35638.84917759946;35638.84917759946;35638.84917759946;35638.84917759946;35638.84917759946;35638.84917759946;35638.84917759946;35638.84917759946;35638.84917759946;35638.84917759946;35638.84917759946;35638.84917759946;35638.84917759946;35638.84917759946;35638.84917759946;35638.84917759946;35638.84917759946;35638.84917759946;35638.84917759946;35638.84917759946;35638.84917759946;35638.84917759946;35638.84917759946;
50400.38454279444;35640.0;35640.0;35640.0;35640.0;35638.84917759946;35638.84917759946;35638.84917759946;35638.84917759946;35638.84917759946;35638.84917759946;35638.84917759946;35638.84917759946;35638.84917759946;35638.84917759946;35638.84917759946;35638.84917759946;35638.84917759946;35638.84917759946;35638.84917759946;35638.84917759946;35638.84917759946;35638.84917759946;35638.84917759946;35638.84917759946;35638.84917759946;35638.84917759946;35638.84917759946;35638.84917759946;35638.84917759946;35638.84917759946;35638.84917759946;35638.84917759946;35638.84917759946;35638.84917759946;35638.84917759946;35638.84917759946;35638.84917759946;35638.84917759946;35638.84917759946;35638.84917759946;35638.84917759946;35638.84917759946;35638.84917759946;35638.84917759946;
50700.0;35640.0;35640.0;35640.0;35640.0;35638.84917759946;35638.84917759946;35638.84917759946;35638.84917759946;35638.84917759946;35638.84917759946;35638.84917759946;35638.84917759946;35638.84917759946;35638.84917759946;35638.84917759946;35638.84917759946;35638.84917759946;35638.84917759946;35638.84917759946;35638.84917759946;35638.84917759946;35638.84917759946;35638.84917759946;35638.84917759946;35638.84917759946;35638.84917759946;35638.84917759946;35638.84917759946;35638.84917759946;35638.84917759946;35638.84917759946;35638.84917759946;35638.84917759946;35638.84917759946;35638.84917759946;35638.84917759946;35638.84917759946;35638.84917759946;35638.84917759946;35638.84917759946;35638.84917759946;35638.84917759946;35638.84917759946;35638.84917759946;
50700.0;35640.0;35640.0;35640.0;35640.0;35638.84236799946;35638.84236799946;35638.84236799946;35638.84236799946;35638.84236799946;35638.84236799946;35638.84236799946;35638.84236799946;35638.84236799946;35638.84236799946;35638.84236799946;35638.84236799946;35638.84236799946;35638.84236799946;35638.84236799946;35638.84236799946;35638.84236799946;35638.84236799946;35638.84236799946;35638.84236799946;35638.84236799946;35638.84236799946;35638.84236799946;35638.84236799946;35638.84236799946;35638.84236799946;35638.84236799946;35638.84236799946;35638.84236799946;35638.84236799946;35638.84236799946;35638.84236799946;35638.84236799946;35638.84236799946;35638.84236799946;35638.84236799946;35638.84236799946;35638.84236799946;35638.84236799946;35638.84236799946;
50700.38454279444;35640.0;35640.0;35640.0;35640.0;35638.84236799946;35638.84236799946;35638.84236799946;35638.84236799946;35638.84236799946;35638.84236799946;35638.84236799946;35638.84236799946;35638.84236799946;35638.84236799946;35638.84236799946;35638.84236799946;35638.84236799946;35638.84236799946;35638.84236799946;35638.84236799946;35638.84236799946;35638.84236799946;35638.84236799946;35638.84236799946;35638.84236799946;35638.84236799946;35638.84236799946;35638.84236799946;35638.84236799946;35638.84236799946;35638.84236799946;35638.84236799946;35638.84236799946;35638.84236799946;35638.84236799946;35638.84236799946;35638.84236799946;35638.84236799946;35638.84236799946;35638.84236799946;35638.84236799946;35638.84236799946;35638.84236799946;35638.84236799946;
51000.0;35640.0;35640.0;35640.0;35640.0;35638.84236799946;35638.84236799946;35638.84236799946;35638.84236799946;35638.84236799946;35638.84236799946;35638.84236799946;35638.84236799946;35638.84236799946;35638.84236799946;35638.84236799946;35638.84236799946;35638.84236799946;35638.84236799946;35638.84236799946;35638.84236799946;35638.84236799946;35638.84236799946;35638.84236799946;35638.84236799946;35638.84236799946;35638.84236799946;35638.84236799946;35638.84236799946;35638.84236799946;35638.84236799946;35638.84236799946;35638.84236799946;35638.84236799946;35638.84236799946;35638.84236799946;35638.84236799946;35638.84236799946;35638.84236799946;35638.84236799946;35638.84236799946;35638.84236799946;35638.84236799946;35638.84236799946;35638.84236799946;
51000.0;35640.0;35640.0;35640.0;35640.0;35638.835558399456;35638.835558399456;35638.835558399456;35638.835558399456;35638.835558399456;35638.835558399456;35638.835558399456;35638.835558399456;35638.835558399456;35638.835558399456;35638.835558399456;35638.835558399456;35638.835558399456;35638.835558399456;35638.835558399456;35638.835558399456;35638.835558399456;35638.835558399456;35638.835558399456;35638.835558399456;35638.835558399456;35638.835558399456;35638.835558399456;35638.835558399456;35638.835558399456;35638.835558399456;35638.835558399456;35638.835558399456;35638.835558399456;35638.835558399456;35638.835558399456;35638.835558399456;35638.835558399456;35638.835558399456;35638.835558399456;35638.835558399456;35638.835558399456;35638.835558399456;35638.835558399456;35638.835558399456;
51000.38454279444;35640.0;35640.0;35640.0;35640.0;35638.835558399456;35638.835558399456;35638.835558399456;35638.835558399456;35638.835558399456;35638.835558399456;35638.835558399456;35638.835558399456;35638.835558399456;35638.835558399456;35638.835558399456;35638.835558399456;35638.835558399456;35638.835558399456;35638.835558399456;35638.835558399456;35638.835558399456;35638.835558399456;35638.835558399456;35638.835558399456;35638.835558399456;35638.835558399456;35638.835558399456;35638.835558399456;35638.835558399456;35638.835558399456;35638.835558399456;35638.835558399456;35638.835558399456;35638.835558399456;35638.835558399456;35638.835558399456;35638.835558399456;35638.835558399456;35638.835558399456;35638.835558399456;35638.835558399456;35638.835558399456;35638.835558399456;35638.835558399456;
51300.0;35640.0;35640.0;35640.0;35640.0;35638.835558399456;35638.835558399456;35638.835558399456;35638.835558399456;35638.835558399456;35638.835558399456;35638.835558399456;35638.835558399456;35638.835558399456;35638.835558399456;35638.835558399456;35638.835558399456;35638.835558399456;35638.835558399456;35638.835558399456;35638.835558399456;35638.835558399456;35638.835558399456;35638.835558399456;35638.835558399456;35638.835558399456;35638.835558399456;35638.835558399456;35638.835558399456;35638.835558399456;35638.835558399456;35638.835558399456;35638.835558399456;35638.835558399456;35638.835558399456;35638.835558399456;35638.835558399456;35638.835558399456;35638.835558399456;35638.835558399456;35638.835558399456;35638.835558399456;35638.835558399456;35638.835558399456;35638.835558399456;
51300.0;35640.0;35640.0;35640.0;35640.0;35638.82874879945;35638.82874879945;35638.82874879945;35638.82874879945;35638.82874879945;35638.82874879945;35638.82874879945;35638.82874879945;35638.82874879945;35638.82874879945;35638.82874879945;35638.82874879945;35638.82874879945;35638.82874879945;35638.82874879945;35638.82874879945;35638.82874879945;35638.82874879945;35638.82874879945;35638.82874879945;35638.82874879945;35638.82874879945;35638.82874879945;35638.82874879945;35638.82874879945;35638.82874879945;35638.82874879945;35638.82874879945;35638.82874879945;35638.82874879945;35638.82874879945;35638.82874879945;35638.82874879945;35638.82874879945;35638.82874879945;35638.82874879945;35638.82874879945;35638.82874879945;35638.82874879945;35638.82874879945;
51300.38454279444;35640.0;35640.0;35640.0;35640.0;35638.82874879945;35638.82874879945;35638.82874879945;35638.82874879945;35638.82874879945;35638.82874879945;35638.82874879945;35638.82874879945;35638.82874879945;35638.82874879945;35638.82874879945;35638.82874879945;35638.82874879945;35638.82874879945;35638.82874879945;35638.82874879945;35638.82874879945;35638.82874879945;35638.82874879945;35638.82874879945;35638.82874879945;35638.82874879945;35638.82874879945;35638.82874879945;35638.82874879945;35638.82874879945;35638.82874879945;35638.82874879945;35638.82874879945;35638.82874879945;35638.82874879945;35638.82874879945;35638.82874879945;35638.82874879945;35638.82874879945;35638.82874879945;35638.82874879945;35638.82874879945;35638.82874879945;35638.82874879945;
51600.0;35640.0;35640.0;35640.0;35640.0;35638.82874879945;35638.82874879945;35638.82874879945;35638.82874879945;35638.82874879945;35638.82874879945;35638.82874879945;35638.82874879945;35638.82874879945;35638.82874879945;35638.82874879945;35638.82874879945;35638.82874879945;35638.82874879945;35638.82874879945;35638.82874879945;35638.82874879945;35638.82874879945;35638.82874879945;35638.82874879945;35638.82874879945;35638.82874879945;35638.82874879945;35638.82874879945;35638.82874879945;35638.82874879945;35638.82874879945;35638.82874879945;35638.82874879945;35638.82874879945;35638.82874879945;35638.82874879945;35638.82874879945;35638.82874879945;35638.82874879945;35638.82874879945;35638.82874879945;35638.82874879945;35638.82874879945;35638.82874879945;
51600.0;35640.0;35640.0;35640.0;35640.0;35638.82193919945;35638.82193919945;35638.82193919945;35638.82193919945;35638.82193919945;35638.82193919945;35638.82193919945;35638.82193919945;35638.82193919945;35638.82193919945;35638.82193919945;35638.82193919945;35638.82193919945;35638.82193919945;35638.82193919945;35638.82193919945;35638.82193919945;35638.82193919945;35638.82193919945;35638.82193919945;35638.82193919945;35638.82193919945;35638.82193919945;35638.82193919945;35638.82193919945;35638.82193919945;35638.82193919945;35638.82193919945;35638.82193919945;35638.82193919945;35638.82193919945;35638.82193919945;35638.82193919945;35638.82193919945;35638.82193919945;35638.82193919945;35638.82193919945;35638.82193919945;35638.82193919945;35638.82193919945;
51600.38454279444;35640.0;35640.0;35640.0;35640.0;35638.82193919945;35638.82193919945;35638.82193919945;35638.82193919945;35638.82193919945;35638.82193919945;35638.82193919945;35638.82193919945;35638.82193919945;35638.82193919945;35638.82193919945;35638.82193919945;35638.82193919945;35638.82193919945;35638.82193919945;35638.82193919945;35638.82193919945;35638.82193919945;35638.82193919945;35638.82193919945;35638.82193919945;35638.82193919945;35638.82193919945;35638.82193919945;35638.82193919945;35638.82193919945;35638.82193919945;35638.82193919945;35638.82193919945;35638.82193919945;35638.82193919945;35638.82193919945;35638.82193919945;35638.82193919945;35638.82193919945;35638.82193919945;35638.82193919945;35638.82193919945;35638.82193919945;35638.82193919945;
51660.0;35640.0;35640.0;35640.0;35640.0;35638.82193919945;35638.82193919945;35638.82193919945;35638.82193919945;35638.82193919945;35638.82193919945;35638.82193919945;35638.82193919945;35638.82193919945;35638.82193919945;35638.82193919945;35638.82193919945;35638.82193919945;35638.82193919945;35638.82193919945;35638.82193919945;35638.82193919945;35638.82193919945;35638.82193919945;35638.82193919945;35638.82193919945;35638.82193919945;35638.82193919945;35638.82193919945;35638.82193919945;35638.82193919945;35638.82193919945;35638.82193919945;35638.82193919945;35638.82193919945;35638.82193919945;35638.82193919945;35638.82193919945;35638.82193919945;35638.82193919945;35638.82193919945;35638.82193919945;35638.82193919945;35638.82193919945;35638.82193919945;
51900.0;35640.0;35640.0;35640.0;35640.0;35638.82193919945;35638.82193919945;35638.82193919945;35638.82193919945;35638.82193919945;35638.82193919945;35638.82193919945;35638.82193919945;35638.82193919945;35638.82193919945;35638.82193919945;35638.82193919945;35638.82193919945;35638.82193919945;35638.82193919945;35638.82193919945;35638.82193919945;35638.82193919945;35638.82193919945;35638.82193919945;35638.82193919945;35638.82193919945;35638.82193919945;35638.82193919945;35638.82193919945;35638.82193919945;35638.82193919945;35638.82193919945;35638.82193919945;35638.82193919945;35638.82193919945;35638.82193919945;35638.82193919945;35638.82193919945;35638.82193919945;35638.82193919945;35638.82193919945;35638.82193919945;35638.82193919945;35638.82193919945;
51900.0;35640.0;35640.0;35640.0;35640.0;35638.81512959945;35638.81512959945;35638.81512959945;35638.81512959945;35638.81512959945;35638.81512959945;35638.81512959945;35638.81512959945;35638.81512959945;35638.81512959945;35638.81512959945;35638.81512959945;35638.81512959945;35638.81512959945;35638.81512959945;35638.81512959945;35638.81512959945;35638.81512959945;35638.81512959945;35638.81512959945;35638.81512959945;35638.81512959945;35638.81512959945;35638.81512959945;35638.81512959945;35638.81512959945;35638.81512959945;35638.81512959945;35638.81512959945;35638.81512959945;35638.81512959945;35638.81512959945;35638.81512959945;35638.81512959945;35638.81512959945;35638.81512959945;35638.81512959945;35638.81512959945;35638.81512959945;35638.81512959945;
51900.38454279444;35640.0;35640.0;35640.0;35640.0;35638.81512959945;35638.81512959945;35638.81512959945;35638.81512959945;35638.81512959945;35638.81512959945;35638.81512959945;35638.81512959945;35638.81512959945;35638.81512959945;35638.81512959945;35638.81512959945;35638.81512959945;35638.81512959945;35638.81512959945;35638.81512959945;35638.81512959945;35638.81512959945;35638.81512959945;35638.81512959945;35638.81512959945;35638.81512959945;35638.81512959945;35638.81512959945;35638.81512959945;35638.81512959945;35638.81512959945;35638.81512959945;35638.81512959945;35638.81512959945;35638.81512959945;35638.81512959945;35638.81512959945;35638.81512959945;35638.81512959945;35638.81512959945;35638.81512959945;35638.81512959945;35638.81512959945;35638.81512959945;
52200.0;35640.0;35640.0;35640.0;35640.0;35638.81512959945;35638.81512959945;35638.81512959945;35638.81512959945;35638.81512959945;35638.81512959945;35638.81512959945;35638.81512959945;35638.81512959945;35638.81512959945;35638.81512959945;35638.81512959945;35638.81512959945;35638.81512959945;35638.81512959945;35638.81512959945;35638.81512959945;35638.81512959945;35638.81512959945;35638.81512959945;35638.81512959945;35638.81512959945;35638.81512959945;35638.81512959945;35638.81512959945;35638.81512959945;35638.81512959945;35638.81512959945;35638.81512959945;35638.81512959945;35638.81512959945;35638.81512959945;35638.81512959945;35638.81512959945;35638.81512959945;35638.81512959945;35638.81512959945;35638.81512959945;35638.81512959945;35638.81512959945;
52200.0;35640.0;35640.0;35640.0;35640.0;35638.80831999944;35638.80831999944;35638.80831999944;35638.80831999944;35638.80831999944;35638.80831999944;35638.80831999944;35638.80831999944;35638.80831999944;35638.80831999944;35638.80831999944;35638.80831999944;35638.80831999944;35638.80831999944;35638.80831999944;35638.80831999944;35638.80831999944;35638.80831999944;35638.80831999944;35638.80831999944;35638.80831999944;35638.80831999944;35638.80831999944;35638.80831999944;35638.80831999944;35638.80831999944;35638.80831999944;35638.80831999944;35638.80831999944;35638.80831999944;35638.80831999944;35638.80831999944;35638.80831999944;35638.80831999944;35638.80831999944;35638.80831999944;35638.80831999944;35638.80831999944;35638.80831999944;35638.80831999944;
52200.38454279444;35640.0;35640.0;35640.0;35640.0;35638.80831999944;35638.80831999944;35638.80831999944;35638.80831999944;35638.80831999944;35638.80831999944;35638.80831999944;35638.80831999944;35638.80831999944;35638.80831999944;35638.80831999944;35638.80831999944;35638.80831999944;35638.80831999944;35638.80831999944;35638.80831999944;35638.80831999944;35638.80831999944;35638.80831999944;35638.80831999944;35638.80831999944;35638.80831999944;35638.80831999944;35638.80831999944;35638.80831999944;35638.80831999944;35638.80831999944;35638.80831999944;35638.80831999944;35638.80831999944;35638.80831999944;35638.80831999944;35638.80831999944;35638.80831999944;35638.80831999944;35638.80831999944;35638.80831999944;35638.80831999944;35638.80831999944;35638.80831999944;
52500.0;35640.0;35640.0;35640.0;35640.0;35638.80831999944;35638.80831999944;35638.80831999944;35638.80831999944;35638.80831999944;35638.80831999944;35638.80831999944;35638.80831999944;35638.80831999944;35638.80831999944;35638.80831999944;35638.80831999944;35638.80831999944;35638.80831999944;35638.80831999944;35638.80831999944;35638.80831999944;35638.80831999944;35638.80831999944;35638.80831999944;35638.80831999944;35638.80831999944;35638.80831999944;35638.80831999944;35638.80831999944;35638.80831999944;35638.80831999944;35638.80831999944;35638.80831999944;35638.80831999944;35638.80831999944;35638.80831999944;35638.80831999944;35638.80831999944;35638.80831999944;35638.80831999944;35638.80831999944;35638.80831999944;35638.80831999944;35638.80831999944;
52500.0;35640.0;35640.0;35640.0;35640.0;35638.80151039944;35638.80151039944;35638.80151039944;35638.80151039944;35638.80151039944;35638.80151039944;35638.80151039944;35638.80151039944;35638.80151039944;35638.80151039944;35638.80151039944;35638.80151039944;35638.80151039944;35638.80151039944;35638.80151039944;35638.80151039944;35638.80151039944;35638.80151039944;35638.80151039944;35638.80151039944;35638.80151039944;35638.80151039944;35638.80151039944;35638.80151039944;35638.80151039944;35638.80151039944;35638.80151039944;35638.80151039944;35638.80151039944;35638.80151039944;35638.80151039944;35638.80151039944;35638.80151039944;35638.80151039944;35638.80151039944;35638.80151039944;35638.80151039944;35638.80151039944;35638.80151039944;35638.80151039944;
52500.38454279444;35640.0;35640.0;35640.0;35640.0;35638.80151039944;35638.80151039944;35638.80151039944;35638.80151039944;35638.80151039944;35638.80151039944;35638.80151039944;35638.80151039944;35638.80151039944;35638.80151039944;35638.80151039944;35638.80151039944;35638.80151039944;35638.80151039944;35638.80151039944;35638.80151039944;35638.80151039944;35638.80151039944;35638.80151039944;35638.80151039944;35638.80151039944;35638.80151039944;35638.80151039944;35638.80151039944;35638.80151039944;35638.80151039944;35638.80151039944;35638.80151039944;35638.80151039944;35638.80151039944;35638.80151039944;35638.80151039944;35638.80151039944;35638.80151039944;35638.80151039944;35638.80151039944;35638.80151039944;35638.80151039944;35638.80151039944;35638.80151039944;
52800.0;35640.0;35640.0;35640.0;35640.0;35638.80151039944;35638.80151039944;35638.80151039944;35638.80151039944;35638.80151039944;35638.80151039944;35638.80151039944;35638.80151039944;35638.80151039944;35638.80151039944;35638.80151039944;35638.80151039944;35638.80151039944;35638.80151039944;35638.80151039944;35638.80151039944;35638.80151039944;35638.80151039944;35638.80151039944;35638.80151039944;35638.80151039944;35638.80151039944;35638.80151039944;35638.80151039944;35638.80151039944;35638.80151039944;35638.80151039944;35638.80151039944;35638.80151039944;35638.80151039944;35638.80151039944;35638.80151039944;35638.80151039944;35638.80151039944;35638.80151039944;35638.80151039944;35638.80151039944;35638.80151039944;35638.80151039944;35638.80151039944;
52800.0;35640.0;35640.0;35640.0;35640.0;35638.79470079944;35638.79470079944;35638.79470079944;35638.79470079944;35638.79470079944;35638.79470079944;35638.79470079944;35638.79470079944;35638.79470079944;35638.79470079944;35638.79470079944;35638.79470079944;35638.79470079944;35638.79470079944;35638.79470079944;35638.79470079944;35638.79470079944;35638.79470079944;35638.79470079944;35638.79470079944;35638.79470079944;35638.79470079944;35638.79470079944;35638.79470079944;35638.79470079944;35638.79470079944;35638.79470079944;35638.79470079944;35638.79470079944;35638.79470079944;35638.79470079944;35638.79470079944;35638.79470079944;35638.79470079944;35638.79470079944;35638.79470079944;35638.79470079944;35638.79470079944;35638.79470079944;35638.79470079944;
52800.38454279444;35640.0;35640.0;35640.0;35640.0;35638.79470079944;35638.79470079944;35638.79470079944;35638.79470079944;35638.79470079944;35638.79470079944;35638.79470079944;35638.79470079944;35638.79470079944;35638.79470079944;35638.79470079944;35638.79470079944;35638.79470079944;35638.79470079944;35638.79470079944;35638.79470079944;35638.79470079944;35638.79470079944;35638.79470079944;35638.79470079944;35638.79470079944;35638.79470079944;35638.79470079944;35638.79470079944;35638.79470079944;35638.79470079944;35638.79470079944;35638.79470079944;35638.79470079944;35638.79470079944;35638.79470079944;35638.79470079944;35638.79470079944;35638.79470079944;35638.79470079944;35638.79470079944;35638.79470079944;35638.79470079944;35638.79470079944;35638.79470079944;
53100.0;35640.0;35640.0;35640.0;35640.0;35638.79470079944;35638.79470079944;35638.79470079944;35638.79470079944;35638.79470079944;35638.79470079944;35638.79470079944;35638.79470079944;35638.79470079944;35638.79470079944;35638.79470079944;35638.79470079944;35638.79470079944;35638.79470079944;35638.79470079944;35638.79470079944;35638.79470079944;35638.79470079944;35638.79470079944;35638.79470079944;35638.79470079944;35638.79470079944;35638.79470079944;35638.79470079944;35638.79470079944;35638.79470079944;35638.79470079944;35638.79470079944;35638.79470079944;35638.79470079944;35638.79470079944;35638.79470079944;35638.79470079944;35638.79470079944;35638.79470079944;35638.79470079944;35638.79470079944;35638.79470079944;35638.79470079944;35638.79470079944;
53100.0;35640.0;35640.0;35640.0;35640.0;35638.787891199434;35638.787891199434;35638.787891199434;35638.787891199434;35638.787891199434;35638.787891199434;35638.787891199434;35638.787891199434;35638.787891199434;35638.787891199434;35638.787891199434;35638.787891199434;35638.787891199434;35638.787891199434;35638.787891199434;35638.787891199434;35638.787891199434;35638.787891199434;35638.787891199434;35638.787891199434;35638.787891199434;35638.787891199434;35638.787891199434;35638.787891199434;35638.787891199434;35638.787891199434;35638.787891199434;35638.787891199434;35638.787891199434;35638.787891199434;35638.787891199434;35638.787891199434;35638.787891199434;35638.787891199434;35638.787891199434;35638.787891199434;35638.787891199434;35638.787891199434;35638.787891199434;35638.787891199434;
53100.38454279444;35640.0;35640.0;35640.0;35640.0;35638.787891199434;35638.787891199434;35638.787891199434;35638.787891199434;35638.787891199434;35638.787891199434;35638.787891199434;35638.787891199434;35638.787891199434;35638.787891199434;35638.787891199434;35638.787891199434;35638.787891199434;35638.787891199434;35638.787891199434;35638.787891199434;35638.787891199434;35638.787891199434;35638.787891199434;35638.787891199434;35638.787891199434;35638.787891199434;35638.787891199434;35638.787891199434;35638.787891199434;35638.787891199434;35638.787891199434;35638.787891199434;35638.787891199434;35638.787891199434;35638.787891199434;35638.787891199434;35638.787891199434;35638.787891199434;35638.787891199434;35638.787891199434;35638.787891199434;35638.787891199434;35638.787891199434;35638.787891199434;
53400.0;35640.0;35640.0;35640.0;35640.0;35638.787891199434;35638.787891199434;35638.787891199434;35638.787891199434;35638.787891199434;35638.787891199434;35638.787891199434;35638.787891199434;35638.787891199434;35638.787891199434;35638.787891199434;35638.787891199434;35638.787891199434;35638.787891199434;35638.787891199434;35638.787891199434;35638.787891199434;35638.787891199434;35638.787891199434;35638.787891199434;35638.787891199434;35638.787891199434;35638.787891199434;35638.787891199434;35638.787891199434;35638.787891199434;35638.787891199434;35638.787891199434;35638.787891199434;35638.787891199434;35638.787891199434;35638.787891199434;35638.787891199434;35638.787891199434;35638.787891199434;35638.787891199434;35638.787891199434;35638.787891199434;35638.787891199434;35638.787891199434;
53400.0;35640.0;35640.0;35640.0;35640.0;35638.78108159943;35638.78108159943;35638.78108159943;35638.78108159943;35638.78108159943;35638.78108159943;35638.78108159943;35638.78108159943;35638.78108159943;35638.78108159943;35638.78108159943;35638.78108159943;35638.78108159943;35638.78108159943;35638.78108159943;35638.78108159943;35638.78108159943;35638.78108159943;35638.78108159943;35638.78108159943;35638.78108159943;35638.78108159943;35638.78108159943;35638.78108159943;35638.78108159943;35638.78108159943;35638.78108159943;35638.78108159943;35638.78108159943;35638.78108159943;35638.78108159943;35638.78108159943;35638.78108159943;35638.78108159943;35638.78108159943;35638.78108159943;35638.78108159943;35638.78108159943;35638.78108159943;35638.78108159943;
53400.38454279444;35640.0;35640.0;35640.0;35640.0;35638.78108159943;35638.78108159943;35638.78108159943;35638.78108159943;35638.78108159943;35638.78108159943;35638.78108159943;35638.78108159943;35638.78108159943;35638.78108159943;35638.78108159943;35638.78108159943;35638.78108159943;35638.78108159943;35638.78108159943;35638.78108159943;35638.78108159943;35638.78108159943;35638.78108159943;35638.78108159943;35638.78108159943;35638.78108159943;35638.78108159943;35638.78108159943;35638.78108159943;35638.78108159943;35638.78108159943;35638.78108159943;35638.78108159943;35638.78108159943;35638.78108159943;35638.78108159943;35638.78108159943;35638.78108159943;35638.78108159943;35638.78108159943;35638.78108159943;35638.78108159943;35638.78108159943;35638.78108159943;
53700.0;35640.0;35640.0;35640.0;35640.0;35638.78108159943;35638.78108159943;35638.78108159943;35638.78108159943;35638.78108159943;35638.78108159943;35638.78108159943;35638.78108159943;35638.78108159943;35638.78108159943;35638.78108159943;35638.78108159943;35638.78108159943;35638.78108159943;35638.78108159943;35638.78108159943;35638.78108159943;35638.78108159943;35638.78108159943;35638.78108159943;35638.78108159943;35638.78108159943;35638.78108159943;35638.78108159943;35638.78108159943;35638.78108159943;35638.78108159943;35638.78108159943;35638.78108159943;35638.78108159943;35638.78108159943;35638.78108159943;35638.78108159943;35638.78108159943;35638.78108159943;35638.78108159943;35638.78108159943;35638.78108159943;35638.78108159943;35638.78108159943;
53700.0;35640.0;35640.0;35640.0;35640.0;35638.77427199943;35638.77427199943;35638.77427199943;35638.77427199943;35638.77427199943;35638.77427199943;35638.77427199943;35638.77427199943;35638.77427199943;35638.77427199943;35638.77427199943;35638.77427199943;35638.77427199943;35638.77427199943;35638.77427199943;35638.77427199943;35638.77427199943;35638.77427199943;35638.77427199943;35638.77427199943;35638.77427199943;35638.77427199943;35638.77427199943;35638.77427199943;35638.77427199943;35638.77427199943;35638.77427199943;35638.77427199943;35638.77427199943;35638.77427199943;35638.77427199943;35638.77427199943;35638.77427199943;35638.77427199943;35638.77427199943;35638.77427199943;35638.77427199943;35638.77427199943;35638.77427199943;35638.77427199943;
53700.38454279444;35640.0;35640.0;35640.0;35640.0;35638.77427199943;35638.77427199943;35638.77427199943;35638.77427199943;35638.77427199943;35638.77427199943;35638.77427199943;35638.77427199943;35638.77427199943;35638.77427199943;35638.77427199943;35638.77427199943;35638.77427199943;35638.77427199943;35638.77427199943;35638.77427199943;35638.77427199943;35638.77427199943;35638.77427199943;35638.77427199943;35638.77427199943;35638.77427199943;35638.77427199943;35638.77427199943;35638.77427199943;35638.77427199943;35638.77427199943;35638.77427199943;35638.77427199943;35638.77427199943;35638.77427199943;35638.77427199943;35638.77427199943;35638.77427199943;35638.77427199943;35638.77427199943;35638.77427199943;35638.77427199943;35638.77427199943;35638.77427199943;
54000.0;35640.0;35640.0;35640.0;35640.0;35638.77427199943;35638.77427199943;35638.77427199943;35638.77427199943;35638.77427199943;35638.77427199943;35638.77427199943;35638.77427199943;35638.77427199943;35638.77427199943;35638.77427199943;35638.77427199943;35638.77427199943;35638.77427199943;35638.77427199943;35638.77427199943;35638.77427199943;35638.77427199943;35638.77427199943;35638.77427199943;35638.77427199943;35638.77427199943;35638.77427199943;35638.77427199943;35638.77427199943;35638.77427199943;35638.77427199943;35638.77427199943;35638.77427199943;35638.77427199943;35638.77427199943;35638.77427199943;35638.77427199943;35638.77427199943;35638.77427199943;35638.77427199943;35638.77427199943;35638.77427199943;35638.77427199943;35638.77427199943;
54000.0;35640.0;35640.0;35640.0;35640.0;35638.767462399424;35638.767462399424;35638.767462399424;35638.767462399424;35638.767462399424;35638.767462399424;35638.767462399424;35638.767462399424;35638.767462399424;35638.767462399424;35638.767462399424;35638.767462399424;35638.767462399424;35638.767462399424;35638.767462399424;35638.767462399424;35638.767462399424;35638.767462399424;35638.767462399424;35638.767462399424;35638.767462399424;35638.767462399424;35638.767462399424;35638.767462399424;35638.767462399424;35638.767462399424;35638.767462399424;35638.767462399424;35638.767462399424;35638.767462399424;35638.767462399424;35638.767462399424;35638.767462399424;35638.767462399424;35638.767462399424;35638.767462399424;35638.767462399424;35638.767462399424;35638.767462399424;35638.767462399424;
54000.38454279444;35640.0;35640.0;35640.0;35640.0;35638.767462399424;35638.767462399424;35638.767462399424;35638.767462399424;35638.767462399424;35638.767462399424;35638.767462399424;35638.767462399424;35638.767462399424;35638.767462399424;35638.767462399424;35638.767462399424;35638.767462399424;35638.767462399424;35638.767462399424;35638.767462399424;35638.767462399424;35638.767462399424;35638.767462399424;35638.767462399424;35638.767462399424;35638.767462399424;35638.767462399424;35638.767462399424;35638.767462399424;35638.767462399424;35638.767462399424;35638.767462399424;35638.767462399424;35638.767462399424;35638.767462399424;35638.767462399424;35638.767462399424;35638.767462399424;35638.767462399424;35638.767462399424;35638.767462399424;35638.767462399424;35638.767462399424;35638.767462399424;
54180.0;35640.0;35640.0;35640.0;35640.0;35638.767462399424;35638.767462399424;35638.767462399424;35638.767462399424;35638.767462399424;35638.767462399424;35638.767462399424;35638.767462399424;35638.767462399424;35638.767462399424;35638.767462399424;35638.767462399424;35638.767462399424;35638.767462399424;35638.767462399424;35638.767462399424;35638.767462399424;35638.767462399424;35638.767462399424;35638.767462399424;35638.767462399424;35638.767462399424;35638.767462399424;35638.767462399424;35638.767462399424;35638.767462399424;35638.767462399424;35638.767462399424;35638.767462399424;35638.767462399424;35638.767462399424;35638.767462399424;35638.767462399424;35638.767462399424;35638.767462399424;35638.767462399424;35638.767462399424;35638.767462399424;35638.767462399424;35638.767462399424;
54300.0;35640.0;35640.0;35640.0;35640.0;35638.767462399424;35638.767462399424;35638.767462399424;35638.767462399424;35638.767462399424;35638.767462399424;35638.767462399424;35638.767462399424;35638.767462399424;35638.767462399424;35638.767462399424;35638.767462399424;35638.767462399424;35638.767462399424;35638.767462399424;35638.767462399424;35638.767462399424;35638.767462399424;35638.767462399424;35638.767462399424;35638.767462399424;35638.767462399424;35638.767462399424;35638.767462399424;35638.767462399424;35638.767462399424;35638.767462399424;35638.767462399424;35638.767462399424;35638.767462399424;35638.767462399424;35638.767462399424;35638.767462399424;35638.767462399424;35638.767462399424;35638.767462399424;35638.767462399424;35638.767462399424;35638.767462399424;35638.767462399424;
54300.0;35640.0;35640.0;35640.0;35640.0;35638.76065279942;35638.76065279942;35638.76065279942;35638.76065279942;35638.76065279942;35638.76065279942;35638.76065279942;35638.76065279942;35638.76065279942;35638.76065279942;35638.76065279942;35638.76065279942;35638.76065279942;35638.76065279942;35638.76065279942;35638.76065279942;35638.76065279942;35638.76065279942;35638.76065279942;35638.76065279942;35638.76065279942;35638.76065279942;35638.76065279942;35638.76065279942;35638.76065279942;35638.76065279942;35638.76065279942;35638.76065279942;35638.76065279942;35638.76065279942;35638.76065279942;35638.76065279942;35638.76065279942;35638.76065279942;35638.76065279942;35638.76065279942;35638.76065279942;35638.76065279942;35638.76065279942;35638.76065279942;
54300.38454279444;35640.0;35640.0;35640.0;35640.0;35638.76065279942;35638.76065279942;35638.76065279942;35638.76065279942;35638.76065279942;35638.76065279942;35638.76065279942;35638.76065279942;35638.76065279942;35638.76065279942;35638.76065279942;35638.76065279942;35638.76065279942;35638.76065279942;35638.76065279942;35638.76065279942;35638.76065279942;35638.76065279942;35638.76065279942;35638.76065279942;35638.76065279942;35638.76065279942;35638.76065279942;35638.76065279942;35638.76065279942;35638.76065279942;35638.76065279942;35638.76065279942;35638.76065279942;35638.76065279942;35638.76065279942;35638.76065279942;35638.76065279942;35638.76065279942;35638.76065279942;35638.76065279942;35638.76065279942;35638.76065279942;35638.76065279942;35638.76065279942;
54600.0;35640.0;35640.0;35640.0;35640.0;35638.76065279942;35638.76065279942;35638.76065279942;35638.76065279942;35638.76065279942;35638.76065279942;35638.76065279942;35638.76065279942;35638.76065279942;35638.76065279942;35638.76065279942;35638.76065279942;35638.76065279942;35638.76065279942;35638.76065279942;35638.76065279942;35638.76065279942;35638.76065279942;35638.76065279942;35638.76065279942;35638.76065279942;35638.76065279942;35638.76065279942;35638.76065279942;35638.76065279942;35638.76065279942;35638.76065279942;35638.76065279942;35638.76065279942;35638.76065279942;35638.76065279942;35638.76065279942;35638.76065279942;35638.76065279942;35638.76065279942;35638.76065279942;35638.76065279942;35638.76065279942;35638.76065279942;35638.76065279942;
54600.0;35640.0;35640.0;35640.0;35640.0;35638.75384319942;35638.75384319942;35638.75384319942;35638.75384319942;35638.75384319942;35638.75384319942;35638.75384319942;35638.75384319942;35638.75384319942;35638.75384319942;35638.75384319942;35638.75384319942;35638.75384319942;35638.75384319942;35638.75384319942;35638.75384319942;35638.75384319942;35638.75384319942;35638.75384319942;35638.75384319942;35638.75384319942;35638.75384319942;35638.75384319942;35638.75384319942;35638.75384319942;35638.75384319942;35638.75384319942;35638.75384319942;35638.75384319942;35638.75384319942;35638.75384319942;35638.75384319942;35638.75384319942;35638.75384319942;35638.75384319942;35638.75384319942;35638.75384319942;35638.75384319942;35638.75384319942;35638.75384319942;
54600.38454279444;35640.0;35640.0;35640.0;35640.0;35638.75384319942;35638.75384319942;35638.75384319942;35638.75384319942;35638.75384319942;35638.75384319942;35638.75384319942;35638.75384319942;35638.75384319942;35638.75384319942;35638.75384319942;35638.75384319942;35638.75384319942;35638.75384319942;35638.75384319942;35638.75384319942;35638.75384319942;35638.75384319942;35638.75384319942;35638.75384319942;35638.75384319942;35638.75384319942;35638.75384319942;35638.75384319942;35638.75384319942;35638.75384319942;35638.75384319942;35638.75384319942;35638.75384319942;35638.75384319942;35638.75384319942;35638.75384319942;35638.75384319942;35638.75384319942;35638.75384319942;35638.75384319942;35638.75384319942;35638.75384319942;35638.75384319942;35638.75384319942;
54900.0;35640.0;35640.0;35640.0;35640.0;35638.75384319942;35638.75384319942;35638.75384319942;35638.75384319942;35638.75384319942;35638.75384319942;35638.75384319942;35638.75384319942;35638.75384319942;35638.75384319942;35638.75384319942;35638.75384319942;35638.75384319942;35638.75384319942;35638.75384319942;35638.75384319942;35638.75384319942;35638.75384319942;35638.75384319942;35638.75384319942;35638.75384319942;35638.75384319942;35638.75384319942;35638.75384319942;35638.75384319942;35638.75384319942;35638.75384319942;35638.75384319942;35638.75384319942;35638.75384319942;35638.75384319942;35638.75384319942;35638.75384319942;35638.75384319942;35638.75384319942;35638.75384319942;35638.75384319942;35638.75384319942;35638.75384319942;35638.75384319942;
54900.0;35640.0;35640.0;35640.0;35640.0;35638.747033599415;35638.747033599415;35638.747033599415;35638.747033599415;35638.747033599415;35638.747033599415;35638.747033599415;35638.747033599415;35638.747033599415;35638.747033599415;35638.747033599415;35638.747033599415;35638.747033599415;35638.747033599415;35638.747033599415;35638.747033599415;35638.747033599415;35638.747033599415;35638.747033599415;35638.747033599415;35638.747033599415;35638.747033599415;35638.747033599415;35638.747033599415;35638.747033599415;35638.747033599415;35638.747033599415;35638.747033599415;35638.747033599415;35638.747033599415;35638.747033599415;35638.747033599415;35638.747033599415;35638.747033599415;35638.747033599415;35638.747033599415;35638.747033599415;35638.747033599415;35638.747033599415;35638.747033599415;
54900.38454279444;35640.0;35640.0;35640.0;35640.0;35638.747033599415;35638.747033599415;35638.747033599415;35638.747033599415;35638.747033599415;35638.747033599415;35638.747033599415;35638.747033599415;35638.747033599415;35638.747033599415;35638.747033599415;35638.747033599415;35638.747033599415;35638.747033599415;35638.747033599415;35638.747033599415;35638.747033599415;35638.747033599415;35638.747033599415;35638.747033599415;35638.747033599415;35638.747033599415;35638.747033599415;35638.747033599415;35638.747033599415;35638.747033599415;35638.747033599415;35638.747033599415;35638.747033599415;35638.747033599415;35638.747033599415;35638.747033599415;35638.747033599415;35638.747033599415;35638.747033599415;35638.747033599415;35638.747033599415;35638.747033599415;35638.747033599415;35638.747033599415;
55200.0;35640.0;35640.0;35640.0;35640.0;35638.747033599415;35638.747033599415;35638.747033599415;35638.747033599415;35638.747033599415;35638.747033599415;35638.747033599415;35638.747033599415;35638.747033599415;35638.747033599415;35638.747033599415;35638.747033599415;35638.747033599415;35638.747033599415;35638.747033599415;35638.747033599415;35638.747033599415;35638.747033599415;35638.747033599415;35638.747033599415;35638.747033599415;35638.747033599415;35638.747033599415;35638.747033599415;35638.747033599415;35638.747033599415;35638.747033599415;35638.747033599415;35638.747033599415;35638.747033599415;35638.747033599415;35638.747033599415;35638.747033599415;35638.747033599415;35638.747033599415;35638.747033599415;35638.747033599415;35638.747033599415;35638.747033599415;35638.747033599415;
55200.0;35640.0;35640.0;35640.0;35640.0;35638.74022399941;35638.74022399941;35638.74022399941;35638.74022399941;35638.74022399941;35638.74022399941;35638.74022399941;35638.74022399941;35638.74022399941;35638.74022399941;35638.74022399941;35638.74022399941;35638.74022399941;35638.74022399941;35638.74022399941;35638.74022399941;35638.74022399941;35638.74022399941;35638.74022399941;35638.74022399941;35638.74022399941;35638.74022399941;35638.74022399941;35638.74022399941;35638.74022399941;35638.74022399941;35638.74022399941;35638.74022399941;35638.74022399941;35638.74022399941;35638.74022399941;35638.74022399941;35638.74022399941;35638.74022399941;35638.74022399941;35638.74022399941;35638.74022399941;35638.74022399941;35638.74022399941;35638.74022399941;
55200.38454279444;35640.0;35640.0;35640.0;35640.0;35638.74022399941;35638.74022399941;35638.74022399941;35638.74022399941;35638.74022399941;35638.74022399941;35638.74022399941;35638.74022399941;35638.74022399941;35638.74022399941;35638.74022399941;35638.74022399941;35638.74022399941;35638.74022399941;35638.74022399941;35638.74022399941;35638.74022399941;35638.74022399941;35638.74022399941;35638.74022399941;35638.74022399941;35638.74022399941;35638.74022399941;35638.74022399941;35638.74022399941;35638.74022399941;35638.74022399941;35638.74022399941;35638.74022399941;35638.74022399941;35638.74022399941;35638.74022399941;35638.74022399941;35638.74022399941;35638.74022399941;35638.74022399941;35638.74022399941;35638.74022399941;35638.74022399941;35638.74022399941;
55500.0;35640.0;35640.0;35640.0;35640.0;35638.74022399941;35638.74022399941;35638.74022399941;35638.74022399941;35638.74022399941;35638.74022399941;35638.74022399941;35638.74022399941;35638.74022399941;35638.74022399941;35638.74022399941;35638.74022399941;35638.74022399941;35638.74022399941;35638.74022399941;35638.74022399941;35638.74022399941;35638.74022399941;35638.74022399941;35638.74022399941;35638.74022399941;35638.74022399941;35638.74022399941;35638.74022399941;35638.74022399941;35638.74022399941;35638.74022399941;35638.74022399941;35638.74022399941;35638.74022399941;35638.74022399941;35638.74022399941;35638.74022399941;35638.74022399941;35638.74022399941;35638.74022399941;35638.74022399941;35638.74022399941;35638.74022399941;35638.74022399941;
55500.0;35640.0;35640.0;35640.0;35640.0;35638.73341439941;35638.73341439941;35638.73341439941;35638.73341439941;35638.73341439941;35638.73341439941;35638.73341439941;35638.73341439941;35638.73341439941;35638.73341439941;35638.73341439941;35638.73341439941;35638.73341439941;35638.73341439941;35638.73341439941;35638.73341439941;35638.73341439941;35638.73341439941;35638.73341439941;35638.73341439941;35638.73341439941;35638.73341439941;35638.73341439941;35638.73341439941;35638.73341439941;35638.73341439941;35638.73341439941;35638.73341439941;35638.73341439941;35638.73341439941;35638.73341439941;35638.73341439941;35638.73341439941;35638.73341439941;35638.73341439941;35638.73341439941;35638.73341439941;35638.73341439941;35638.73341439941;35638.73341439941;
55500.38454279444;35640.0;35640.0;35640.0;35640.0;35638.73341439941;35638.73341439941;35638.73341439941;35638.73341439941;35638.73341439941;35638.73341439941;35638.73341439941;35638.73341439941;35638.73341439941;35638.73341439941;35638.73341439941;35638.73341439941;35638.73341439941;35638.73341439941;35638.73341439941;35638.73341439941;35638.73341439941;35638.73341439941;35638.73341439941;35638.73341439941;35638.73341439941;35638.73341439941;35638.73341439941;35638.73341439941;35638.73341439941;35638.73341439941;35638.73341439941;35638.73341439941;35638.73341439941;35638.73341439941;35638.73341439941;35638.73341439941;35638.73341439941;35638.73341439941;35638.73341439941;35638.73341439941;35638.73341439941;35638.73341439941;35638.73341439941;35638.73341439941;
55800.0;35640.0;35640.0;35640.0;35640.0;35638.73341439941;35638.73341439941;35638.73341439941;35638.73341439941;35638.73341439941;35638.73341439941;35638.73341439941;35638.73341439941;35638.73341439941;35638.73341439941;35638.73341439941;35638.73341439941;35638.73341439941;35638.73341439941;35638.73341439941;35638.73341439941;35638.73341439941;35638.73341439941;35638.73341439941;35638.73341439941;35638.73341439941;35638.73341439941;35638.73341439941;35638.73341439941;35638.73341439941;35638.73341439941;35638.73341439941;35638.73341439941;35638.73341439941;35638.73341439941;35638.73341439941;35638.73341439941;35638.73341439941;35638.73341439941;35638.73341439941;35638.73341439941;35638.73341439941;35638.73341439941;35638.73341439941;35638.73341439941;
55800.0;35640.0;35640.0;35640.0;35640.0;35638.726604799405;35638.726604799405;35638.726604799405;35638.726604799405;35638.726604799405;35638.726604799405;35638.726604799405;35638.726604799405;35638.726604799405;35638.726604799405;35638.726604799405;35638.726604799405;35638.726604799405;35638.726604799405;35638.726604799405;35638.726604799405;35638.726604799405;35638.726604799405;35638.726604799405;35638.726604799405;35638.726604799405;35638.726604799405;35638.726604799405;35638.726604799405;35638.726604799405;35638.726604799405;35638.726604799405;35638.726604799405;35638.726604799405;35638.726604799405;35638.726604799405;35638.726604799405;35638.726604799405;35638.726604799405;35638.726604799405;35638.726604799405;35638.726604799405;35638.726604799405;35638.726604799405;35638.726604799405;
55800.38454279444;35640.0;35640.0;35640.0;35640.0;35638.726604799405;35638.726604799405;35638.726604799405;35638.726604799405;35638.726604799405;35638.726604799405;35638.726604799405;35638.726604799405;35638.726604799405;35638.726604799405;35638.726604799405;35638.726604799405;35638.726604799405;35638.726604799405;35638.726604799405;35638.726604799405;35638.726604799405;35638.726604799405;35638.726604799405;35638.726604799405;35638.726604799405;35638.726604799405;35638.726604799405;35638.726604799405;35638.726604799405;35638.726604799405;35638.726604799405;35638.726604799405;35638.726604799405;35638.726604799405;35638.726604799405;35638.726604799405;35638.726604799405;35638.726604799405;35638.726604799405;35638.726604799405;35638.726604799405;35638.726604799405;35638.726604799405;35638.726604799405;
56100.0;35640.0;35640.0;35640.0;35640.0;35638.726604799405;35638.726604799405;35638.726604799405;35638.726604799405;35638.726604799405;35638.726604799405;35638.726604799405;35638.726604799405;35638.726604799405;35638.726604799405;35638.726604799405;35638.726604799405;35638.726604799405;35638.726604799405;35638.726604799405;35638.726604799405;35638.726604799405;35638.726604799405;35638.726604799405;35638.726604799405;35638.726604799405;35638.726604799405;35638.726604799405;35638.726604799405;35638.726604799405;35638.726604799405;35638.726604799405;35638.726604799405;35638.726604799405;35638.726604799405;35638.726604799405;35638.726604799405;35638.726604799405;35638.726604799405;35638.726604799405;35638.726604799405;35638.726604799405;35638.726604799405;35638.726604799405;35638.726604799405;
56100.0;35640.0;35640.0;35640.0;35640.0;35638.7197951994;35638.7197951994;35638.7197951994;35638.7197951994;35638.7197951994;35638.7197951994;35638.7197951994;35638.7197951994;35638.7197951994;35638.7197951994;35638.7197951994;35638.7197951994;35638.7197951994;35638.7197951994;35638.7197951994;35638.7197951994;35638.7197951994;35638.7197951994;35638.7197951994;35638.7197951994;35638.7197951994;35638.7197951994;35638.7197951994;35638.7197951994;35638.7197951994;35638.7197951994;35638.7197951994;35638.7197951994;35638.7197951994;35638.7197951994;35638.7197951994;35638.7197951994;35638.7197951994;35638.7197951994;35638.7197951994;35638.7197951994;35638.7197951994;35638.7197951994;35638.7197951994;35638.7197951994;
56100.38454279444;35640.0;35640.0;35640.0;35640.0;35638.7197951994;35638.7197951994;35638.7197951994;35638.7197951994;35638.7197951994;35638.7197951994;35638.7197951994;35638.7197951994;35638.7197951994;35638.7197951994;35638.7197951994;35638.7197951994;35638.7197951994;35638.7197951994;35638.7197951994;35638.7197951994;35638.7197951994;35638.7197951994;35638.7197951994;35638.7197951994;35638.7197951994;35638.7197951994;35638.7197951994;35638.7197951994;35638.7197951994;35638.7197951994;35638.7197951994;35638.7197951994;35638.7197951994;35638.7197951994;35638.7197951994;35638.7197951994;35638.7197951994;35638.7197951994;35638.7197951994;35638.7197951994;35638.7197951994;35638.7197951994;35638.7197951994;35638.7197951994;
56400.0;35640.0;35640.0;35640.0;35640.0;35638.7197951994;35638.7197951994;35638.7197951994;35638.7197951994;35638.7197951994;35638.7197951994;35638.7197951994;35638.7197951994;35638.7197951994;35638.7197951994;35638.7197951994;35638.7197951994;35638.7197951994;35638.7197951994;35638.7197951994;35638.7197951994;35638.7197951994;35638.7197951994;35638.7197951994;35638.7197951994;35638.7197951994;35638.7197951994;35638.7197951994;35638.7197951994;35638.7197951994;35638.7197951994;35638.7197951994;35638.7197951994;35638.7197951994;35638.7197951994;35638.7197951994;35638.7197951994;35638.7197951994;35638.7197951994;35638.7197951994;35638.7197951994;35638.7197951994;35638.7197951994;35638.7197951994;35638.7197951994;
56400.0;35640.0;35640.0;35640.0;35640.0;35638.7129855994;35638.7129855994;35638.7129855994;35638.7129855994;35638.7129855994;35638.7129855994;35638.7129855994;35638.7129855994;35638.7129855994;35638.7129855994;35638.7129855994;35638.7129855994;35638.7129855994;35638.7129855994;35638.7129855994;35638.7129855994;35638.7129855994;35638.7129855994;35638.7129855994;35638.7129855994;35638.7129855994;35638.7129855994;35638.7129855994;35638.7129855994;35638.7129855994;35638.7129855994;35638.7129855994;35638.7129855994;35638.7129855994;35638.7129855994;35638.7129855994;35638.7129855994;35638.7129855994;35638.7129855994;35638.7129855994;35638.7129855994;35638.7129855994;35638.7129855994;35638.7129855994;35638.7129855994;
56400.38454279444;35640.0;35640.0;35640.0;35640.0;35638.7129855994;35638.7129855994;35638.7129855994;35638.7129855994;35638.7129855994;35638.7129855994;35638.7129855994;35638.7129855994;35638.7129855994;35638.7129855994;35638.7129855994;35638.7129855994;35638.7129855994;35638.7129855994;35638.7129855994;35638.7129855994;35638.7129855994;35638.7129855994;35638.7129855994;35638.7129855994;35638.7129855994;35638.7129855994;35638.7129855994;35638.7129855994;35638.7129855994;35638.7129855994;35638.7129855994;35638.7129855994;35638.7129855994;35638.7129855994;35638.7129855994;35638.7129855994;35638.7129855994;35638.7129855994;35638.7129855994;35638.7129855994;35638.7129855994;35638.7129855994;35638.7129855994;35638.7129855994;
56700.0;35640.0;35640.0;35640.0;35640.0;35638.7129855994;35638.7129855994;35638.7129855994;35638.7129855994;35638.7129855994;35638.7129855994;35638.7129855994;35638.7129855994;35638.7129855994;35638.7129855994;35638.7129855994;35638.7129855994;35638.7129855994;35638.7129855994;35638.7129855994;35638.7129855994;35638.7129855994;35638.7129855994;35638.7129855994;35638.7129855994;35638.7129855994;35638.7129855994;35638.7129855994;35638.7129855994;35638.7129855994;35638.7129855994;35638.7129855994;35638.7129855994;35638.7129855994;35638.7129855994;35638.7129855994;35638.7129855994;35638.7129855994;35638.7129855994;35638.7129855994;35638.7129855994;35638.7129855994;35638.7129855994;35638.7129855994;35638.7129855994;
56700.0;35640.0;35640.0;35640.0;35640.0;35638.706175999396;35638.706175999396;35638.706175999396;35638.706175999396;35638.706175999396;35638.706175999396;35638.706175999396;35638.706175999396;35638.706175999396;35638.706175999396;35638.706175999396;35638.706175999396;35638.706175999396;35638.706175999396;35638.706175999396;35638.706175999396;35638.706175999396;35638.706175999396;35638.706175999396;35638.706175999396;35638.706175999396;35638.706175999396;35638.706175999396;35638.706175999396;35638.706175999396;35638.706175999396;35638.706175999396;35638.706175999396;35638.706175999396;35638.706175999396;35638.706175999396;35638.706175999396;35638.706175999396;35638.706175999396;35638.706175999396;35638.706175999396;35638.706175999396;35638.706175999396;35638.706175999396;35638.706175999396;
56700.38454279444;35640.0;35640.0;35640.0;35640.0;35638.706175999396;35638.706175999396;35638.706175999396;35638.706175999396;35638.706175999396;35638.706175999396;35638.706175999396;35638.706175999396;35638.706175999396;35638.706175999396;35638.706175999396;35638.706175999396;35638.706175999396;35638.706175999396;35638.706175999396;35638.706175999396;35638.706175999396;35638.706175999396;35638.706175999396;35638.706175999396;35638.706175999396;35638.706175999396;35638.706175999396;35638.706175999396;35638.706175999396;35638.706175999396;35638.706175999396;35638.706175999396;35638.706175999396;35638.706175999396;35638.706175999396;35638.706175999396;35638.706175999396;35638.706175999396;35638.706175999396;35638.706175999396;35638.706175999396;35638.706175999396;35638.706175999396;35638.706175999396;
56760.0;35640.0;35640.0;35640.0;35640.0;35638.706175999396;35638.706175999396;35638.706175999396;35638.706175999396;35638.706175999396;35638.706175999396;35638.706175999396;35638.706175999396;35638.706175999396;35638.706175999396;35638.706175999396;35638.706175999396;35638.706175999396;35638.706175999396;35638.706175999396;35638.706175999396;35638.706175999396;35638.706175999396;35638.706175999396;35638.706175999396;35638.706175999396;35638.706175999396;35638.706175999396;35638.706175999396;35638.706175999396;35638.706175999396;35638.706175999396;35638.706175999396;35638.706175999396;35638.706175999396;35638.706175999396;35638.706175999396;35638.706175999396;35638.706175999396;35638.706175999396;35638.706175999396;35638.706175999396;35638.706175999396;35638.706175999396;35638.706175999396;
57000.0;35640.0;35640.0;35640.0;35640.0;35638.706175999396;35638.706175999396;35638.706175999396;35638.706175999396;35638.706175999396;35638.706175999396;35638.706175999396;35638.706175999396;35638.706175999396;35638.706175999396;35638.706175999396;35638.706175999396;35638.706175999396;35638.706175999396;35638.706175999396;35638.706175999396;35638.706175999396;35638.706175999396;35638.706175999396;35638.706175999396;35638.706175999396;35638.706175999396;35638.706175999396;35638.706175999396;35638.706175999396;35638.706175999396;35638.706175999396;35638.706175999396;35638.706175999396;35638.706175999396;35638.706175999396;35638.706175999396;35638.706175999396;35638.706175999396;35638.706175999396;35638.706175999396;35638.706175999396;35638.706175999396;35638.706175999396;35638.706175999396;
57000.0;35640.0;35640.0;35640.0;35640.0;35638.69936639939;35638.69936639939;35638.69936639939;35638.69936639939;35638.69936639939;35638.69936639939;35638.69936639939;35638.69936639939;35638.69936639939;35638.69936639939;35638.69936639939;35638.69936639939;35638.69936639939;35638.69936639939;35638.69936639939;35638.69936639939;35638.69936639939;35638.69936639939;35638.69936639939;35638.69936639939;35638.69936639939;35638.69936639939;35638.69936639939;35638.69936639939;35638.69936639939;35638.69936639939;35638.69936639939;35638.69936639939;35638.69936639939;35638.69936639939;35638.69936639939;35638.69936639939;35638.69936639939;35638.69936639939;35638.69936639939;35638.69936639939;35638.69936639939;35638.69936639939;35638.69936639939;35638.69936639939;
57000.38454279444;35640.0;35640.0;35640.0;35640.0;35638.69936639939;35638.69936639939;35638.69936639939;35638.69936639939;35638.69936639939;35638.69936639939;35638.69936639939;35638.69936639939;35638.69936639939;35638.69936639939;35638.69936639939;35638.69936639939;35638.69936639939;35638.69936639939;35638.69936639939;35638.69936639939;35638.69936639939;35638.69936639939;35638.69936639939;35638.69936639939;35638.69936639939;35638.69936639939;35638.69936639939;35638.69936639939;35638.69936639939;35638.69936639939;35638.69936639939;35638.69936639939;35638.69936639939;35638.69936639939;35638.69936639939;35638.69936639939;35638.69936639939;35638.69936639939;35638.69936639939;35638.69936639939;35638.69936639939;35638.69936639939;35638.69936639939;35638.69936639939;
57300.0;35640.0;35640.0;35640.0;35640.0;35638.69936639939;35638.69936639939;35638.69936639939;35638.69936639939;35638.69936639939;35638.69936639939;35638.69936639939;35638.69936639939;35638.69936639939;35638.69936639939;35638.69936639939;35638.69936639939;35638.69936639939;35638.69936639939;35638.69936639939;35638.69936639939;35638.69936639939;35638.69936639939;35638.69936639939;35638.69936639939;35638.69936639939;35638.69936639939;35638.69936639939;35638.69936639939;35638.69936639939;35638.69936639939;35638.69936639939;35638.69936639939;35638.69936639939;35638.69936639939;35638.69936639939;35638.69936639939;35638.69936639939;35638.69936639939;35638.69936639939;35638.69936639939;35638.69936639939;35638.69936639939;35638.69936639939;35638.69936639939;
57300.0;35640.0;35640.0;35640.0;35640.0;35638.69255679939;35638.69255679939;35638.69255679939;35638.69255679939;35638.69255679939;35638.69255679939;35638.69255679939;35638.69255679939;35638.69255679939;35638.69255679939;35638.69255679939;35638.69255679939;35638.69255679939;35638.69255679939;35638.69255679939;35638.69255679939;35638.69255679939;35638.69255679939;35638.69255679939;35638.69255679939;35638.69255679939;35638.69255679939;35638.69255679939;35638.69255679939;35638.69255679939;35638.69255679939;35638.69255679939;35638.69255679939;35638.69255679939;35638.69255679939;35638.69255679939;35638.69255679939;35638.69255679939;35638.69255679939;35638.69255679939;35638.69255679939;35638.69255679939;35638.69255679939;35638.69255679939;35638.69255679939;
57300.38454279444;35640.0;35640.0;35640.0;35640.0;35638.69255679939;35638.69255679939;35638.69255679939;35638.69255679939;35638.69255679939;35638.69255679939;35638.69255679939;35638.69255679939;35638.69255679939;35638.69255679939;35638.69255679939;35638.69255679939;35638.69255679939;35638.69255679939;35638.69255679939;35638.69255679939;35638.69255679939;35638.69255679939;35638.69255679939;35638.69255679939;35638.69255679939;35638.69255679939;35638.69255679939;35638.69255679939;35638.69255679939;35638.69255679939;35638.69255679939;35638.69255679939;35638.69255679939;35638.69255679939;35638.69255679939;35638.69255679939;35638.69255679939;35638.69255679939;35638.69255679939;35638.69255679939;35638.69255679939;35638.69255679939;35638.69255679939;35638.69255679939;
57600.0;35640.0;35640.0;35640.0;35640.0;35638.69255679939;35638.69255679939;35638.69255679939;35638.69255679939;35638.69255679939;35638.69255679939;35638.69255679939;35638.69255679939;35638.69255679939;35638.69255679939;35638.69255679939;35638.69255679939;35638.69255679939;35638.69255679939;35638.69255679939;35638.69255679939;35638.69255679939;35638.69255679939;35638.69255679939;35638.69255679939;35638.69255679939;35638.69255679939;35638.69255679939;35638.69255679939;35638.69255679939;35638.69255679939;35638.69255679939;35638.69255679939;35638.69255679939;35638.69255679939;35638.69255679939;35638.69255679939;35638.69255679939;35638.69255679939;35638.69255679939;35638.69255679939;35638.69255679939;35638.69255679939;35638.69255679939;35638.69255679939;
57600.0;35640.0;35640.0;35640.0;35640.0;35638.685747199386;35638.685747199386;35638.685747199386;35638.685747199386;35638.685747199386;35638.685747199386;35638.685747199386;35638.685747199386;35638.685747199386;35638.685747199386;35638.685747199386;35638.685747199386;35638.685747199386;35638.685747199386;35638.685747199386;35638.685747199386;35638.685747199386;35638.685747199386;35638.685747199386;35638.685747199386;35638.685747199386;35638.685747199386;35638.685747199386;35638.685747199386;35638.685747199386;35638.685747199386;35638.685747199386;35638.685747199386;35638.685747199386;35638.685747199386;35638.685747199386;35638.685747199386;35638.685747199386;35638.685747199386;35638.685747199386;35638.685747199386;35638.685747199386;35638.685747199386;35638.685747199386;35638.685747199386;
57600.38454279444;35640.0;35640.0;35640.0;35640.0;35638.685747199386;35638.685747199386;35638.685747199386;35638.685747199386;35638.685747199386;35638.685747199386;35638.685747199386;35638.685747199386;35638.685747199386;35638.685747199386;35638.685747199386;35638.685747199386;35638.685747199386;35638.685747199386;35638.685747199386;35638.685747199386;35638.685747199386;35638.685747199386;35638.685747199386;35638.685747199386;35638.685747199386;35638.685747199386;35638.685747199386;35638.685747199386;35638.685747199386;35638.685747199386;35638.685747199386;35638.685747199386;35638.685747199386;35638.685747199386;35638.685747199386;35638.685747199386;35638.685747199386;35638.685747199386;35638.685747199386;35638.685747199386;35638.685747199386;35638.685747199386;35638.685747199386;35638.685747199386;
57900.0;35640.0;35640.0;35640.0;35640.0;35638.685747199386;35638.685747199386;35638.685747199386;35638.685747199386;35638.685747199386;35638.685747199386;35638.685747199386;35638.685747199386;35638.685747199386;35638.685747199386;35638.685747199386;35638.685747199386;35638.685747199386;35638.685747199386;35638.685747199386;35638.685747199386;35638.685747199386;35638.685747199386;35638.685747199386;35638.685747199386;35638.685747199386;35638.685747199386;35638.685747199386;35638.685747199386;35638.685747199386;35638.685747199386;35638.685747199386;35638.685747199386;35638.685747199386;35638.685747199386;35638.685747199386;35638.685747199386;35638.685747199386;35638.685747199386;35638.685747199386;35638.685747199386;35638.685747199386;35638.685747199386;35638.685747199386;35638.685747199386;
57900.0;35640.0;35640.0;35640.0;35640.0;35638.67893759938;35638.67893759938;35638.67893759938;35638.67893759938;35638.67893759938;35638.67893759938;35638.67893759938;35638.67893759938;35638.67893759938;35638.67893759938;35638.67893759938;35638.67893759938;35638.67893759938;35638.67893759938;35638.67893759938;35638.67893759938;35638.67893759938;35638.67893759938;35638.67893759938;35638.67893759938;35638.67893759938;35638.67893759938;35638.67893759938;35638.67893759938;35638.67893759938;35638.67893759938;35638.67893759938;35638.67893759938;35638.67893759938;35638.67893759938;35638.67893759938;35638.67893759938;35638.67893759938;35638.67893759938;35638.67893759938;35638.67893759938;35638.67893759938;35638.67893759938;35638.67893759938;35638.67893759938;
57900.38454279444;35640.0;35640.0;35640.0;35640.0;35638.67893759938;35638.67893759938;35638.67893759938;35638.67893759938;35638.67893759938;35638.67893759938;35638.67893759938;35638.67893759938;35638.67893759938;35638.67893759938;35638.67893759938;35638.67893759938;35638.67893759938;35638.67893759938;35638.67893759938;35638.67893759938;35638.67893759938;35638.67893759938;35638.67893759938;35638.67893759938;35638.67893759938;35638.67893759938;35638.67893759938;35638.67893759938;35638.67893759938;35638.67893759938;35638.67893759938;35638.67893759938;35638.67893759938;35638.67893759938;35638.67893759938;35638.67893759938;35638.67893759938;35638.67893759938;35638.67893759938;35638.67893759938;35638.67893759938;35638.67893759938;35638.67893759938;35638.67893759938;
58200.0;35640.0;35640.0;35640.0;35640.0;35638.67893759938;35638.67893759938;35638.67893759938;35638.67893759938;35638.67893759938;35638.67893759938;35638.67893759938;35638.67893759938;35638.67893759938;35638.67893759938;35638.67893759938;35638.67893759938;35638.67893759938;35638.67893759938;35638.67893759938;35638.67893759938;35638.67893759938;35638.67893759938;35638.67893759938;35638.67893759938;35638.67893759938;35638.67893759938;35638.67893759938;35638.67893759938;35638.67893759938;35638.67893759938;35638.67893759938;35638.67893759938;35638.67893759938;35638.67893759938;35638.67893759938;35638.67893759938;35638.67893759938;35638.67893759938;35638.67893759938;35638.67893759938;35638.67893759938;35638.67893759938;35638.67893759938;35638.67893759938;
58200.0;35640.0;35640.0;35640.0;35640.0;35638.67212799938;35638.67212799938;35638.67212799938;35638.67212799938;35638.67212799938;35638.67212799938;35638.67212799938;35638.67212799938;35638.67212799938;35638.67212799938;35638.67212799938;35638.67212799938;35638.67212799938;35638.67212799938;35638.67212799938;35638.67212799938;35638.67212799938;35638.67212799938;35638.67212799938;35638.67212799938;35638.67212799938;35638.67212799938;35638.67212799938;35638.67212799938;35638.67212799938;35638.67212799938;35638.67212799938;35638.67212799938;35638.67212799938;35638.67212799938;35638.67212799938;35638.67212799938;35638.67212799938;35638.67212799938;35638.67212799938;35638.67212799938;35638.67212799938;35638.67212799938;35638.67212799938;35638.67212799938;
58200.38454279444;35640.0;35640.0;35640.0;35640.0;35638.67212799938;35638.67212799938;35638.67212799938;35638.67212799938;35638.67212799938;35638.67212799938;35638.67212799938;35638.67212799938;35638.67212799938;35638.67212799938;35638.67212799938;35638.67212799938;35638.67212799938;35638.67212799938;35638.67212799938;35638.67212799938;35638.67212799938;35638.67212799938;35638.67212799938;35638.67212799938;35638.67212799938;35638.67212799938;35638.67212799938;35638.67212799938;35638.67212799938;35638.67212799938;35638.67212799938;35638.67212799938;35638.67212799938;35638.67212799938;35638.67212799938;35638.67212799938;35638.67212799938;35638.67212799938;35638.67212799938;35638.67212799938;35638.67212799938;35638.67212799938;35638.67212799938;35638.67212799938;
58500.0;35640.0;35640.0;35640.0;35640.0;35638.67212799938;35638.67212799938;35638.67212799938;35638.67212799938;35638.67212799938;35638.67212799938;35638.67212799938;35638.67212799938;35638.67212799938;35638.67212799938;35638.67212799938;35638.67212799938;35638.67212799938;35638.67212799938;35638.67212799938;35638.67212799938;35638.67212799938;35638.67212799938;35638.67212799938;35638.67212799938;35638.67212799938;35638.67212799938;35638.67212799938;35638.67212799938;35638.67212799938;35638.67212799938;35638.67212799938;35638.67212799938;35638.67212799938;35638.67212799938;35638.67212799938;35638.67212799938;35638.67212799938;35638.67212799938;35638.67212799938;35638.67212799938;35638.67212799938;35638.67212799938;35638.67212799938;35638.67212799938;
58500.0;35640.0;35640.0;35640.0;35640.0;35638.66531839938;35638.66531839938;35638.66531839938;35638.66531839938;35638.66531839938;35638.66531839938;35638.66531839938;35638.66531839938;35638.66531839938;35638.66531839938;35638.66531839938;35638.66531839938;35638.66531839938;35638.66531839938;35638.66531839938;35638.66531839938;35638.66531839938;35638.66531839938;35638.66531839938;35638.66531839938;35638.66531839938;35638.66531839938;35638.66531839938;35638.66531839938;35638.66531839938;35638.66531839938;35638.66531839938;35638.66531839938;35638.66531839938;35638.66531839938;35638.66531839938;35638.66531839938;35638.66531839938;35638.66531839938;35638.66531839938;35638.66531839938;35638.66531839938;35638.66531839938;35638.66531839938;35638.66531839938;
58500.38454279444;35640.0;35640.0;35640.0;35640.0;35638.66531839938;35638.66531839938;35638.66531839938;35638.66531839938;35638.66531839938;35638.66531839938;35638.66531839938;35638.66531839938;35638.66531839938;35638.66531839938;35638.66531839938;35638.66531839938;35638.66531839938;35638.66531839938;35638.66531839938;35638.66531839938;35638.66531839938;35638.66531839938;35638.66531839938;35638.66531839938;35638.66531839938;35638.66531839938;35638.66531839938;35638.66531839938;35638.66531839938;35638.66531839938;35638.66531839938;35638.66531839938;35638.66531839938;35638.66531839938;35638.66531839938;35638.66531839938;35638.66531839938;35638.66531839938;35638.66531839938;35638.66531839938;35638.66531839938;35638.66531839938;35638.66531839938;35638.66531839938;
58800.0;35640.0;35640.0;35640.0;35640.0;35638.66531839938;35638.66531839938;35638.66531839938;35638.66531839938;35638.66531839938;35638.66531839938;35638.66531839938;35638.66531839938;35638.66531839938;35638.66531839938;35638.66531839938;35638.66531839938;35638.66531839938;35638.66531839938;35638.66531839938;35638.66531839938;35638.66531839938;35638.66531839938;35638.66531839938;35638.66531839938;35638.66531839938;35638.66531839938;35638.66531839938;35638.66531839938;35638.66531839938;35638.66531839938;35638.66531839938;35638.66531839938;35638.66531839938;35638.66531839938;35638.66531839938;35638.66531839938;35638.66531839938;35638.66531839938;35638.66531839938;35638.66531839938;35638.66531839938;35638.66531839938;35638.66531839938;35638.66531839938;
58800.0;35640.0;35640.0;35640.0;35640.0;35638.65850879937;35638.65850879937;35638.65850879937;35638.65850879937;35638.65850879937;35638.65850879937;35638.65850879937;35638.65850879937;35638.65850879937;35638.65850879937;35638.65850879937;35638.65850879937;35638.65850879937;35638.65850879937;35638.65850879937;35638.65850879937;35638.65850879937;35638.65850879937;35638.65850879937;35638.65850879937;35638.65850879937;35638.65850879937;35638.65850879937;35638.65850879937;35638.65850879937;35638.65850879937;35638.65850879937;35638.65850879937;35638.65850879937;35638.65850879937;35638.65850879937;35638.65850879937;35638.65850879937;35638.65850879937;35638.65850879937;35638.65850879937;35638.65850879937;35638.65850879937;35638.65850879937;35638.65850879937;
58800.38454279444;35640.0;35640.0;35640.0;35640.0;35638.65850879937;35638.65850879937;35638.65850879937;35638.65850879937;35638.65850879937;35638.65850879937;35638.65850879937;35638.65850879937;35638.65850879937;35638.65850879937;35638.65850879937;35638.65850879937;35638.65850879937;35638.65850879937;35638.65850879937;35638.65850879937;35638.65850879937;35638.65850879937;35638.65850879937;35638.65850879937;35638.65850879937;35638.65850879937;35638.65850879937;35638.65850879937;35638.65850879937;35638.65850879937;35638.65850879937;35638.65850879937;35638.65850879937;35638.65850879937;35638.65850879937;35638.65850879937;35638.65850879937;35638.65850879937;35638.65850879937;35638.65850879937;35638.65850879937;35638.65850879937;35638.65850879937;35638.65850879937;
59100.0;35640.0;35640.0;35640.0;35640.0;35638.65850879937;35638.65850879937;35638.65850879937;35638.65850879937;35638.65850879937;35638.65850879937;35638.65850879937;35638.65850879937;35638.65850879937;35638.65850879937;35638.65850879937;35638.65850879937;35638.65850879937;35638.65850879937;35638.65850879937;35638.65850879937;35638.65850879937;35638.65850879937;35638.65850879937;35638.65850879937;35638.65850879937;35638.65850879937;35638.65850879937;35638.65850879937;35638.65850879937;35638.65850879937;35638.65850879937;35638.65850879937;35638.65850879937;35638.65850879937;35638.65850879937;35638.65850879937;35638.65850879937;35638.65850879937;35638.65850879937;35638.65850879937;35638.65850879937;35638.65850879937;35638.65850879937;35638.65850879937;
59100.0;35640.0;35640.0;35640.0;35640.0;35638.65169919937;35638.65169919937;35638.65169919937;35638.65169919937;35638.65169919937;35638.65169919937;35638.65169919937;35638.65169919937;35638.65169919937;35638.65169919937;35638.65169919937;35638.65169919937;35638.65169919937;35638.65169919937;35638.65169919937;35638.65169919937;35638.65169919937;35638.65169919937;35638.65169919937;35638.65169919937;35638.65169919937;35638.65169919937;35638.65169919937;35638.65169919937;35638.65169919937;35638.65169919937;35638.65169919937;35638.65169919937;35638.65169919937;35638.65169919937;35638.65169919937;35638.65169919937;35638.65169919937;35638.65169919937;35638.65169919937;35638.65169919937;35638.65169919937;35638.65169919937;35638.65169919937;35638.65169919937;
59100.38454279444;35640.0;35640.0;35640.0;35640.0;35638.65169919937;35638.65169919937;35638.65169919937;35638.65169919937;35638.65169919937;35638.65169919937;35638.65169919937;35638.65169919937;35638.65169919937;35638.65169919937;35638.65169919937;35638.65169919937;35638.65169919937;35638.65169919937;35638.65169919937;35638.65169919937;35638.65169919937;35638.65169919937;35638.65169919937;35638.65169919937;35638.65169919937;35638.65169919937;35638.65169919937;35638.65169919937;35638.65169919937;35638.65169919937;35638.65169919937;35638.65169919937;35638.65169919937;35638.65169919937;35638.65169919937;35638.65169919937;35638.65169919937;35638.65169919937;35638.65169919937;35638.65169919937;35638.65169919937;35638.65169919937;35638.65169919937;35638.65169919937;
59400.0;35640.0;35640.0;35640.0;35640.0;35638.65169919937;35638.65169919937;35638.65169919937;35638.65169919937;35638.65169919937;35638.65169919937;35638.65169919937;35638.65169919937;35638.65169919937;35638.65169919937;35638.65169919937;35638.65169919937;35638.65169919937;35638.65169919937;35638.65169919937;35638.65169919937;35638.65169919937;35638.65169919937;35638.65169919937;35638.65169919937;35638.65169919937;35638.65169919937;35638.65169919937;35638.65169919937;35638.65169919937;35638.65169919937;35638.65169919937;35638.65169919937;35638.65169919937;35638.65169919937;35638.65169919937;35638.65169919937;35638.65169919937;35638.65169919937;35638.65169919937;35638.65169919937;35638.65169919937;35638.65169919937;35638.65169919937;35638.65169919937;
59400.0;35640.0;35640.0;35640.0;35640.0;35638.64488959937;35638.64488959937;35638.64488959937;35638.64488959937;35638.64488959937;35638.64488959937;35638.64488959937;35638.64488959937;35638.64488959937;35638.64488959937;35638.64488959937;35638.64488959937;35638.64488959937;35638.64488959937;35638.64488959937;35638.64488959937;35638.64488959937;35638.64488959937;35638.64488959937;35638.64488959937;35638.64488959937;35638.64488959937;35638.64488959937;35638.64488959937;35638.64488959937;35638.64488959937;35638.64488959937;35638.64488959937;35638.64488959937;35638.64488959937;35638.64488959937;35638.64488959937;35638.64488959937;35638.64488959937;35638.64488959937;35638.64488959937;35638.64488959937;35638.64488959937;35638.64488959937;35638.64488959937;
59400.00000000001;35640.0;35640.0;35640.0;35640.0;35638.64488959937;35638.64488959937;35638.64488959937;35638.64488959937;35638.64488959937;35638.64488959937;35638.64488959937;35638.64488959937;35638.64488959937;35638.64488959937;35638.64488959937;35638.64488959937;35638.64488959937;35638.64488959937;35638.64488959937;35638.64488959937;35638.64488959937;35638.64488959937;35638.64488959937;35638.64488959937;35638.64488959937;35638.64488959937;35638.64488959937;35638.64488959937;35638.64488959937;35638.64488959937;35638.64488959937;35638.64488959937;35638.64488959937;35638.64488959937;35638.64488959937;35638.64488959937;35638.64488959937;35638.64488959937;35638.64488959937;35638.64488959937;35638.64488959937;35638.64488959937;35638.64488959937;35638.64488959937;
59400.38454279445;35640.0;35640.0;35640.0;35640.0;35638.64488959937;35638.64488959937;35638.64488959937;35638.64488959937;35638.64488959937;35638.64488959937;35638.64488959937;35638.64488959937;35638.64488959937;35638.64488959937;35638.64488959937;35638.64488959937;35638.64488959937;35638.64488959937;35638.64488959937;35638.64488959937;35638.64488959937;35638.64488959937;35638.64488959937;35638.64488959937;35638.64488959937;35638.64488959937;35638.64488959937;35638.64488959937;35638.64488959937;35638.64488959937;35638.64488959937;35638.64488959937;35638.64488959937;35638.64488959937;35638.64488959937;35638.64488959937;35638.64488959937;35638.64488959937;35638.64488959937;35638.64488959937;35638.64488959937;35638.64488959937;35638.64488959937;35638.64488959937;
59700.00000000001;35640.0;35640.0;35640.0;35640.0;35638.64488959937;35638.64488959937;35638.64488959937;35638.64488959937;35638.64488959937;35638.64488959937;35638.64488959937;35638.64488959937;35638.64488959937;35638.64488959937;35638.64488959937;35638.64488959937;35638.64488959937;35638.64488959937;35638.64488959937;35638.64488959937;35638.64488959937;35638.64488959937;35638.64488959937;35638.64488959937;35638.64488959937;35638.64488959937;35638.64488959937;35638.64488959937;35638.64488959937;35638.64488959937;35638.64488959937;35638.64488959937;35638.64488959937;35638.64488959937;35638.64488959937;35638.64488959937;35638.64488959937;35638.64488959937;35638.64488959937;35638.64488959937;35638.64488959937;35638.64488959937;35638.64488959937;35638.64488959937;
59700.00000000001;35640.0;35640.0;35640.0;35640.0;35638.638079999364;35638.638079999364;35638.638079999364;35638.638079999364;35638.638079999364;35638.638079999364;35638.638079999364;35638.638079999364;35638.638079999364;35638.638079999364;35638.638079999364;35638.638079999364;35638.638079999364;35638.638079999364;35638.638079999364;35638.638079999364;35638.638079999364;35638.638079999364;35638.638079999364;35638.638079999364;35638.638079999364;35638.638079999364;35638.638079999364;35638.638079999364;35638.638079999364;35638.638079999364;35638.638079999364;35638.638079999364;35638.638079999364;35638.638079999364;35638.638079999364;35638.638079999364;35638.638079999364;35638.638079999364;35638.638079999364;35638.638079999364;35638.638079999364;35638.638079999364;35638.638079999364;35638.638079999364;
59700.38454279445;35640.0;35640.0;35640.0;35640.0;35638.638079999364;35638.638079999364;35638.638079999364;35638.638079999364;35638.638079999364;35638.638079999364;35638.638079999364;35638.638079999364;35638.638079999364;35638.638079999364;35638.638079999364;35638.638079999364;35638.638079999364;35638.638079999364;35638.638079999364;35638.638079999364;35638.638079999364;35638.638079999364;35638.638079999364;35638.638079999364;35638.638079999364;35638.638079999364;35638.638079999364;35638.638079999364;35638.638079999364;35638.638079999364;35638.638079999364;35638.638079999364;35638.638079999364;35638.638079999364;35638.638079999364;35638.638079999364;35638.638079999364;35638.638079999364;35638.638079999364;35638.638079999364;35638.638079999364;35638.638079999364;35638.638079999364;35638.638079999364;
60000.00000000001;35640.0;35640.0;35640.0;35640.0;35638.638079999364;35638.638079999364;35638.638079999364;35638.638079999364;35638.638079999364;35638.638079999364;35638.638079999364;35638.638079999364;35638.638079999364;35638.638079999364;35638.638079999364;35638.638079999364;35638.638079999364;35638.638079999364;35638.638079999364;35638.638079999364;35638.638079999364;35638.638079999364;35638.638079999364;35638.638079999364;35638.638079999364;35638.638079999364;35638.638079999364;35638.638079999364;35638.638079999364;35638.638079999364;35638.638079999364;35638.638079999364;35638.638079999364;35638.638079999364;35638.638079999364;35638.638079999364;35638.638079999364;35638.638079999364;35638.638079999364;35638.638079999364;35638.638079999364;35638.638079999364;35638.638079999364;35638.638079999364;
60000.00000000001;35640.0;35640.0;35640.0;35640.0;35638.63127039936;35638.63127039936;35638.63127039936;35638.63127039936;35638.63127039936;35638.63127039936;35638.63127039936;35638.63127039936;35638.63127039936;35638.63127039936;35638.63127039936;35638.63127039936;35638.63127039936;35638.63127039936;35638.63127039936;35638.63127039936;35638.63127039936;35638.63127039936;35638.63127039936;35638.63127039936;35638.63127039936;35638.63127039936;35638.63127039936;35638.63127039936;35638.63127039936;35638.63127039936;35638.63127039936;35638.63127039936;35638.63127039936;35638.63127039936;35638.63127039936;35638.63127039936;35638.63127039936;35638.63127039936;35638.63127039936;35638.63127039936;35638.63127039936;35638.63127039936;35638.63127039936;35638.63127039936;
60000.38454279445;35640.0;35640.0;35640.0;35640.0;35638.63127039936;35638.63127039936;35638.63127039936;35638.63127039936;35638.63127039936;35638.63127039936;35638.63127039936;35638.63127039936;35638.63127039936;35638.63127039936;35638.63127039936;35638.63127039936;35638.63127039936;35638.63127039936;35638.63127039936;35638.63127039936;35638.63127039936;35638.63127039936;35638.63127039936;35638.63127039936;35638.63127039936;35638.63127039936;35638.63127039936;35638.63127039936;35638.63127039936;35638.63127039936;35638.63127039936;35638.63127039936;35638.63127039936;35638.63127039936;35638.63127039936;35638.63127039936;35638.63127039936;35638.63127039936;35638.63127039936;35638.63127039936;35638.63127039936;35638.63127039936;35638.63127039936;35638.63127039936;
60300.00000000001;35640.0;35640.0;35640.0;35640.0;35638.63127039936;35638.63127039936;35638.63127039936;35638.63127039936;35638.63127039936;35638.63127039936;35638.63127039936;35638.63127039936;35638.63127039936;35638.63127039936;35638.63127039936;35638.63127039936;35638.63127039936;35638.63127039936;35638.63127039936;35638.63127039936;35638.63127039936;35638.63127039936;35638.63127039936;35638.63127039936;35638.63127039936;35638.63127039936;35638.63127039936;35638.63127039936;35638.63127039936;35638.63127039936;35638.63127039936;35638.63127039936;35638.63127039936;35638.63127039936;35638.63127039936;35638.63127039936;35638.63127039936;35638.63127039936;35638.63127039936;35638.63127039936;35638.63127039936;35638.63127039936;35638.63127039936;35638.63127039936;
60300.00000000001;35640.0;35640.0;35640.0;35640.0;35638.62446079936;35638.62446079936;35638.62446079936;35638.62446079936;35638.62446079936;35638.62446079936;35638.62446079936;35638.62446079936;35638.62446079936;35638.62446079936;35638.62446079936;35638.62446079936;35638.62446079936;35638.62446079936;35638.62446079936;35638.62446079936;35638.62446079936;35638.62446079936;35638.62446079936;35638.62446079936;35638.62446079936;35638.62446079936;35638.62446079936;35638.62446079936;35638.62446079936;35638.62446079936;35638.62446079936;35638.62446079936;35638.62446079936;35638.62446079936;35638.62446079936;35638.62446079936;35638.62446079936;35638.62446079936;35638.62446079936;35638.62446079936;35638.62446079936;35638.62446079936;35638.62446079936;35638.62446079936;
60300.38454279445;35640.0;35640.0;35640.0;35640.0;35638.62446079936;35638.62446079936;35638.62446079936;35638.62446079936;35638.62446079936;35638.62446079936;35638.62446079936;35638.62446079936;35638.62446079936;35638.62446079936;35638.62446079936;35638.62446079936;35638.62446079936;35638.62446079936;35638.62446079936;35638.62446079936;35638.62446079936;35638.62446079936;35638.62446079936;35638.62446079936;35638.62446079936;35638.62446079936;35638.62446079936;35638.62446079936;35638.62446079936;35638.62446079936;35638.62446079936;35638.62446079936;35638.62446079936;35638.62446079936;35638.62446079936;35638.62446079936;35638.62446079936;35638.62446079936;35638.62446079936;35638.62446079936;35638.62446079936;35638.62446079936;35638.62446079936;35638.62446079936;
60600.00000000001;35640.0;35640.0;35640.0;35640.0;35638.62446079936;35638.62446079936;35638.62446079936;35638.62446079936;35638.62446079936;35638.62446079936;35638.62446079936;35638.62446079936;35638.62446079936;35638.62446079936;35638.62446079936;35638.62446079936;35638.62446079936;35638.62446079936;35638.62446079936;35638.62446079936;35638.62446079936;35638.62446079936;35638.62446079936;35638.62446079936;35638.62446079936;35638.62446079936;35638.62446079936;35638.62446079936;35638.62446079936;35638.62446079936;35638.62446079936;35638.62446079936;35638.62446079936;35638.62446079936;35638.62446079936;35638.62446079936;35638.62446079936;35638.62446079936;35638.62446079936;35638.62446079936;35638.62446079936;35638.62446079936;35638.62446079936;35638.62446079936;
60600.00000000001;35640.0;35640.0;35640.0;35640.0;35638.617651199354;35638.617651199354;35638.617651199354;35638.617651199354;35638.617651199354;35638.617651199354;35638.617651199354;35638.617651199354;35638.617651199354;35638.617651199354;35638.617651199354;35638.617651199354;35638.617651199354;35638.617651199354;35638.617651199354;35638.617651199354;35638.617651199354;35638.617651199354;35638.617651199354;35638.617651199354;35638.617651199354;35638.617651199354;35638.617651199354;35638.617651199354;35638.617651199354;35638.617651199354;35638.617651199354;35638.617651199354;35638.617651199354;35638.617651199354;35638.617651199354;35638.617651199354;35638.617651199354;35638.617651199354;35638.617651199354;35638.617651199354;35638.617651199354;35638.617651199354;35638.617651199354;35638.617651199354;
60600.38454279445;35640.0;35640.0;35640.0;35640.0;35638.617651199354;35638.617651199354;35638.617651199354;35638.617651199354;35638.617651199354;35638.617651199354;35638.617651199354;35638.617651199354;35638.617651199354;35638.617651199354;35638.617651199354;35638.617651199354;35638.617651199354;35638.617651199354;35638.617651199354;35638.617651199354;35638.617651199354;35638.617651199354;35638.617651199354;35638.617651199354;35638.617651199354;35638.617651199354;35638.617651199354;35638.617651199354;35638.617651199354;35638.617651199354;35638.617651199354;35638.617651199354;35638.617651199354;35638.617651199354;35638.617651199354;35638.617651199354;35638.617651199354;35638.617651199354;35638.617651199354;35638.617651199354;35638.617651199354;35638.617651199354;35638.617651199354;35638.617651199354;
60900.00000000001;35640.0;35640.0;35640.0;35640.0;35638.617651199354;35638.617651199354;35638.617651199354;35638.617651199354;35638.617651199354;35638.617651199354;35638.617651199354;35638.617651199354;35638.617651199354;35638.617651199354;35638.617651199354;35638.617651199354;35638.617651199354;35638.617651199354;35638.617651199354;35638.617651199354;35638.617651199354;35638.617651199354;35638.617651199354;35638.617651199354;35638.617651199354;35638.617651199354;35638.617651199354;35638.617651199354;35638.617651199354;35638.617651199354;35638.617651199354;35638.617651199354;35638.617651199354;35638.617651199354;35638.617651199354;35638.617651199354;35638.617651199354;35638.617651199354;35638.617651199354;35638.617651199354;35638.617651199354;35638.617651199354;35638.617651199354;35638.617651199354;
60900.00000000001;35640.0;35640.0;35640.0;35640.0;35638.61084159935;35638.61084159935;35638.61084159935;35638.61084159935;35638.61084159935;35638.61084159935;35638.61084159935;35638.61084159935;35638.61084159935;35638.61084159935;35638.61084159935;35638.61084159935;35638.61084159935;35638.61084159935;35638.61084159935;35638.61084159935;35638.61084159935;35638.61084159935;35638.61084159935;35638.61084159935;35638.61084159935;35638.61084159935;35638.61084159935;35638.61084159935;35638.61084159935;35638.61084159935;35638.61084159935;35638.61084159935;35638.61084159935;35638.61084159935;35638.61084159935;35638.61084159935;35638.61084159935;35638.61084159935;35638.61084159935;35638.61084159935;35638.61084159935;35638.61084159935;35638.61084159935;35638.61084159935;
60900.38454279445;35640.0;35640.0;35640.0;35640.0;35638.61084159935;35638.61084159935;35638.61084159935;35638.61084159935;35638.61084159935;35638.61084159935;35638.61084159935;35638.61084159935;35638.61084159935;35638.61084159935;35638.61084159935;35638.61084159935;35638.61084159935;35638.61084159935;35638.61084159935;35638.61084159935;35638.61084159935;35638.61084159935;35638.61084159935;35638.61084159935;35638.61084159935;35638.61084159935;35638.61084159935;35638.61084159935;35638.61084159935;35638.61084159935;35638.61084159935;35638.61084159935;35638.61084159935;35638.61084159935;35638.61084159935;35638.61084159935;35638.61084159935;35638.61084159935;35638.61084159935;35638.61084159935;35638.61084159935;35638.61084159935;35638.61084159935;35638.61084159935;
61200.00000000001;35640.0;35640.0;35640.0;35640.0;35638.61084159935;35638.61084159935;35638.61084159935;35638.61084159935;35638.61084159935;35638.61084159935;35638.61084159935;35638.61084159935;35638.61084159935;35638.61084159935;35638.61084159935;35638.61084159935;35638.61084159935;35638.61084159935;35638.61084159935;35638.61084159935;35638.61084159935;35638.61084159935;35638.61084159935;35638.61084159935;35638.61084159935;35638.61084159935;35638.61084159935;35638.61084159935;35638.61084159935;35638.61084159935;35638.61084159935;35638.61084159935;35638.61084159935;35638.61084159935;35638.61084159935;35638.61084159935;35638.61084159935;35638.61084159935;35638.61084159935;35638.61084159935;35638.61084159935;35638.61084159935;35638.61084159935;35638.61084159935;
61200.00000000001;35640.0;35640.0;35640.0;35640.0;35638.60403199935;35638.60403199935;35638.60403199935;35638.60403199935;35638.60403199935;35638.60403199935;35638.60403199935;35638.60403199935;35638.60403199935;35638.60403199935;35638.60403199935;35638.60403199935;35638.60403199935;35638.60403199935;35638.60403199935;35638.60403199935;35638.60403199935;35638.60403199935;35638.60403199935;35638.60403199935;35638.60403199935;35638.60403199935;35638.60403199935;35638.60403199935;35638.60403199935;35638.60403199935;35638.60403199935;35638.60403199935;35638.60403199935;35638.60403199935;35638.60403199935;35638.60403199935;35638.60403199935;35638.60403199935;35638.60403199935;35638.60403199935;35638.60403199935;35638.60403199935;35638.60403199935;35638.60403199935;
61200.38454279445;35640.0;35640.0;35640.0;35640.0;35638.60403199935;35638.60403199935;35638.60403199935;35638.60403199935;35638.60403199935;35638.60403199935;35638.60403199935;35638.60403199935;35638.60403199935;35638.60403199935;35638.60403199935;35638.60403199935;35638.60403199935;35638.60403199935;35638.60403199935;35638.60403199935;35638.60403199935;35638.60403199935;35638.60403199935;35638.60403199935;35638.60403199935;35638.60403199935;35638.60403199935;35638.60403199935;35638.60403199935;35638.60403199935;35638.60403199935;35638.60403199935;35638.60403199935;35638.60403199935;35638.60403199935;35638.60403199935;35638.60403199935;35638.60403199935;35638.60403199935;35638.60403199935;35638.60403199935;35638.60403199935;35638.60403199935;35638.60403199935;
61500.00000000001;35640.0;35640.0;35640.0;35640.0;35638.60403199935;35638.60403199935;35638.60403199935;35638.60403199935;35638.60403199935;35638.60403199935;35638.60403199935;35638.60403199935;35638.60403199935;35638.60403199935;35638.60403199935;35638.60403199935;35638.60403199935;35638.60403199935;35638.60403199935;35638.60403199935;35638.60403199935;35638.60403199935;35638.60403199935;35638.60403199935;35638.60403199935;35638.60403199935;35638.60403199935;35638.60403199935;35638.60403199935;35638.60403199935;35638.60403199935;35638.60403199935;35638.60403199935;35638.60403199935;35638.60403199935;35638.60403199935;35638.60403199935;35638.60403199935;35638.60403199935;35638.60403199935;35638.60403199935;35638.60403199935;35638.60403199935;35638.60403199935;
61500.00000000001;35640.0;35640.0;35640.0;35640.0;35638.597222399345;35638.597222399345;35638.597222399345;35638.597222399345;35638.597222399345;35638.597222399345;35638.597222399345;35638.597222399345;35638.597222399345;35638.597222399345;35638.597222399345;35638.597222399345;35638.597222399345;35638.597222399345;35638.597222399345;35638.597222399345;35638.597222399345;35638.597222399345;35638.597222399345;35638.597222399345;35638.597222399345;35638.597222399345;35638.597222399345;35638.597222399345;35638.597222399345;35638.597222399345;35638.597222399345;35638.597222399345;35638.597222399345;35638.597222399345;35638.597222399345;35638.597222399345;35638.597222399345;35638.597222399345;35638.597222399345;35638.597222399345;35638.597222399345;35638.597222399345;35638.597222399345;35638.597222399345;
61500.38454279445;35640.0;35640.0;35640.0;35640.0;35638.597222399345;35638.597222399345;35638.597222399345;35638.597222399345;35638.597222399345;35638.597222399345;35638.597222399345;35638.597222399345;35638.597222399345;35638.597222399345;35638.597222399345;35638.597222399345;35638.597222399345;35638.597222399345;35638.597222399345;35638.597222399345;35638.597222399345;35638.597222399345;35638.597222399345;35638.597222399345;35638.597222399345;35638.597222399345;35638.597222399345;35638.597222399345;35638.597222399345;35638.597222399345;35638.597222399345;35638.597222399345;35638.597222399345;35638.597222399345;35638.597222399345;35638.597222399345;35638.597222399345;35638.597222399345;35638.597222399345;35638.597222399345;35638.597222399345;35638.597222399345;35638.597222399345;35638.597222399345;
61800.00000000001;35640.0;35640.0;35640.0;35640.0;35638.597222399345;35638.597222399345;35638.597222399345;35638.597222399345;35638.597222399345;35638.597222399345;35638.597222399345;35638.597222399345;35638.597222399345;35638.597222399345;35638.597222399345;35638.597222399345;35638.597222399345;35638.597222399345;35638.597222399345;35638.597222399345;35638.597222399345;35638.597222399345;35638.597222399345;35638.597222399345;35638.597222399345;35638.597222399345;35638.597222399345;35638.597222399345;35638.597222399345;35638.597222399345;35638.597222399345;35638.597222399345;35638.597222399345;35638.597222399345;35638.597222399345;35638.597222399345;35638.597222399345;35638.597222399345;35638.597222399345;35638.597222399345;35638.597222399345;35638.597222399345;35638.597222399345;35638.597222399345;
61800.00000000001;35640.0;35640.0;35640.0;35640.0;35638.59041279934;35638.59041279934;35638.59041279934;35638.59041279934;35638.59041279934;35638.59041279934;35638.59041279934;35638.59041279934;35638.59041279934;35638.59041279934;35638.59041279934;35638.59041279934;35638.59041279934;35638.59041279934;35638.59041279934;35638.59041279934;35638.59041279934;35638.59041279934;35638.59041279934;35638.59041279934;35638.59041279934;35638.59041279934;35638.59041279934;35638.59041279934;35638.59041279934;35638.59041279934;35638.59041279934;35638.59041279934;35638.59041279934;35638.59041279934;35638.59041279934;35638.59041279934;35638.59041279934;35638.59041279934;35638.59041279934;35638.59041279934;35638.59041279934;35638.59041279934;35638.59041279934;35638.59041279934;
61800.38454279445;35640.0;35640.0;35640.0;35640.0;35638.59041279934;35638.59041279934;35638.59041279934;35638.59041279934;35638.59041279934;35638.59041279934;35638.59041279934;35638.59041279934;35638.59041279934;35638.59041279934;35638.59041279934;35638.59041279934;35638.59041279934;35638.59041279934;35638.59041279934;35638.59041279934;35638.59041279934;35638.59041279934;35638.59041279934;35638.59041279934;35638.59041279934;35638.59041279934;35638.59041279934;35638.59041279934;35638.59041279934;35638.59041279934;35638.59041279934;35638.59041279934;35638.59041279934;35638.59041279934;35638.59041279934;35638.59041279934;35638.59041279934;35638.59041279934;35638.59041279934;35638.59041279934;35638.59041279934;35638.59041279934;35638.59041279934;35638.59041279934;
62100.00000000001;35640.0;35640.0;35640.0;35640.0;35638.59041279934;35638.59041279934;35638.59041279934;35638.59041279934;35638.59041279934;35638.59041279934;35638.59041279934;35638.59041279934;35638.59041279934;35638.59041279934;35638.59041279934;35638.59041279934;35638.59041279934;35638.59041279934;35638.59041279934;35638.59041279934;35638.59041279934;35638.59041279934;35638.59041279934;35638.59041279934;35638.59041279934;35638.59041279934;35638.59041279934;35638.59041279934;35638.59041279934;35638.59041279934;35638.59041279934;35638.59041279934;35638.59041279934;35638.59041279934;35638.59041279934;35638.59041279934;35638.59041279934;35638.59041279934;35638.59041279934;35638.59041279934;35638.59041279934;35638.59041279934;35638.59041279934;35638.59041279934;
62100.00000000001;35640.0;35640.0;35640.0;35640.0;35638.58360319934;35638.58360319934;35638.58360319934;35638.58360319934;35638.58360319934;35638.58360319934;35638.58360319934;35638.58360319934;35638.58360319934;35638.58360319934;35638.58360319934;35638.58360319934;35638.58360319934;35638.58360319934;35638.58360319934;35638.58360319934;35638.58360319934;35638.58360319934;35638.58360319934;35638.58360319934;35638.58360319934;35638.58360319934;35638.58360319934;35638.58360319934;35638.58360319934;35638.58360319934;35638.58360319934;35638.58360319934;35638.58360319934;35638.58360319934;35638.58360319934;35638.58360319934;35638.58360319934;35638.58360319934;35638.58360319934;35638.58360319934;35638.58360319934;35638.58360319934;35638.58360319934;35638.58360319934;
62100.000000000015;35640.0;35640.0;35640.0;35640.0;35638.58360319934;35638.58360319934;35638.58360319934;35638.58360319934;35638.58360319934;35638.58360319934;35638.58360319934;35638.58360319934;35638.58360319934;35638.58360319934;35638.58360319934;35638.58360319934;35638.58360319934;35638.58360319934;35638.58360319934;35638.58360319934;35638.58360319934;35638.58360319934;35638.58360319934;35638.58360319934;35638.58360319934;35638.58360319934;35638.58360319934;35638.58360319934;35638.58360319934;35638.58360319934;35638.58360319934;35638.58360319934;35638.58360319934;35638.58360319934;35638.58360319934;35638.58360319934;35638.58360319934;35638.58360319934;35638.58360319934;35638.58360319934;35638.58360319934;35638.58360319934;35638.58360319934;35638.58360319934;
62100.384542794454;35640.0;35640.0;35640.0;35640.0;35638.58360319934;35638.58360319934;35638.58360319934;35638.58360319934;35638.58360319934;35638.58360319934;35638.58360319934;35638.58360319934;35638.58360319934;35638.58360319934;35638.58360319934;35638.58360319934;35638.58360319934;35638.58360319934;35638.58360319934;35638.58360319934;35638.58360319934;35638.58360319934;35638.58360319934;35638.58360319934;35638.58360319934;35638.58360319934;35638.58360319934;35638.58360319934;35638.58360319934;35638.58360319934;35638.58360319934;35638.58360319934;35638.58360319934;35638.58360319934;35638.58360319934;35638.58360319934;35638.58360319934;35638.58360319934;35638.58360319934;35638.58360319934;35638.58360319934;35638.58360319934;35638.58360319934;35638.58360319934;
62400.000000000015;35640.0;35640.0;35640.0;35640.0;35638.58360319934;35638.58360319934;35638.58360319934;35638.58360319934;35638.58360319934;35638.58360319934;35638.58360319934;35638.58360319934;35638.58360319934;35638.58360319934;35638.58360319934;35638.58360319934;35638.58360319934;35638.58360319934;35638.58360319934;35638.58360319934;35638.58360319934;35638.58360319934;35638.58360319934;35638.58360319934;35638.58360319934;35638.58360319934;35638.58360319934;35638.58360319934;35638.58360319934;35638.58360319934;35638.58360319934;35638.58360319934;35638.58360319934;35638.58360319934;35638.58360319934;35638.58360319934;35638.58360319934;35638.58360319934;35638.58360319934;35638.58360319934;35638.58360319934;35638.58360319934;35638.58360319934;35638.58360319934;
62400.000000000015;35640.0;35640.0;35640.0;35640.0;35638.576793599335;35638.576793599335;35638.576793599335;35638.576793599335;35638.576793599335;35638.576793599335;35638.576793599335;35638.576793599335;35638.576793599335;35638.576793599335;35638.576793599335;35638.576793599335;35638.576793599335;35638.576793599335;35638.576793599335;35638.576793599335;35638.576793599335;35638.576793599335;35638.576793599335;35638.576793599335;35638.576793599335;35638.576793599335;35638.576793599335;35638.576793599335;35638.576793599335;35638.576793599335;35638.576793599335;35638.576793599335;35638.576793599335;35638.576793599335;35638.576793599335;35638.576793599335;35638.576793599335;35638.576793599335;35638.576793599335;35638.576793599335;35638.576793599335;35638.576793599335;35638.576793599335;35638.576793599335;
62400.384542794454;35640.0;35640.0;35640.0;35640.0;35638.576793599335;35638.576793599335;35638.576793599335;35638.576793599335;35638.576793599335;35638.576793599335;35638.576793599335;35638.576793599335;35638.576793599335;35638.576793599335;35638.576793599335;35638.576793599335;35638.576793599335;35638.576793599335;35638.576793599335;35638.576793599335;35638.576793599335;35638.576793599335;35638.576793599335;35638.576793599335;35638.576793599335;35638.576793599335;35638.576793599335;35638.576793599335;35638.576793599335;35638.576793599335;35638.576793599335;35638.576793599335;35638.576793599335;35638.576793599335;35638.576793599335;35638.576793599335;35638.576793599335;35638.576793599335;35638.576793599335;35638.576793599335;35638.576793599335;35638.576793599335;35638.576793599335;35638.576793599335;
62700.000000000015;35640.0;35640.0;35640.0;35640.0;35638.576793599335;35638.576793599335;35638.576793599335;35638.576793599335;35638.576793599335;35638.576793599335;35638.576793599335;35638.576793599335;35638.576793599335;35638.576793599335;35638.576793599335;35638.576793599335;35638.576793599335;35638.576793599335;35638.576793599335;35638.576793599335;35638.576793599335;35638.576793599335;35638.576793599335;35638.576793599335;35638.576793599335;35638.576793599335;35638.576793599335;35638.576793599335;35638.576793599335;35638.576793599335;35638.576793599335;35638.576793599335;35638.576793599335;35638.576793599335;35638.576793599335;35638.576793599335;35638.576793599335;35638.576793599335;35638.576793599335;35638.576793599335;35638.576793599335;35638.576793599335;35638.576793599335;35638.576793599335;
62700.000000000015;35640.0;35640.0;35640.0;35640.0;35638.56998399933;35638.56998399933;35638.56998399933;35638.56998399933;35638.56998399933;35638.56998399933;35638.56998399933;35638.56998399933;35638.56998399933;35638.56998399933;35638.56998399933;35638.56998399933;35638.56998399933;35638.56998399933;35638.56998399933;35638.56998399933;35638.56998399933;35638.56998399933;35638.56998399933;35638.56998399933;35638.56998399933;35638.56998399933;35638.56998399933;35638.56998399933;35638.56998399933;35638.56998399933;35638.56998399933;35638.56998399933;35638.56998399933;35638.56998399933;35638.56998399933;35638.56998399933;35638.56998399933;35638.56998399933;35638.56998399933;35638.56998399933;35638.56998399933;35638.56998399933;35638.56998399933;35638.56998399933;
62700.384542794454;35640.0;35640.0;35640.0;35640.0;35638.56998399933;35638.56998399933;35638.56998399933;35638.56998399933;35638.56998399933;35638.56998399933;35638.56998399933;35638.56998399933;35638.56998399933;35638.56998399933;35638.56998399933;35638.56998399933;35638.56998399933;35638.56998399933;35638.56998399933;35638.56998399933;35638.56998399933;35638.56998399933;35638.56998399933;35638.56998399933;35638.56998399933;35638.56998399933;35638.56998399933;35638.56998399933;35638.56998399933;35638.56998399933;35638.56998399933;35638.56998399933;35638.56998399933;35638.56998399933;35638.56998399933;35638.56998399933;35638.56998399933;35638.56998399933;35638.56998399933;35638.56998399933;35638.56998399933;35638.56998399933;35638.56998399933;35638.56998399933;
63000.000000000015;35640.0;35640.0;35640.0;35640.0;35638.56998399933;35638.56998399933;35638.56998399933;35638.56998399933;35638.56998399933;35638.56998399933;35638.56998399933;35638.56998399933;35638.56998399933;35638.56998399933;35638.56998399933;35638.56998399933;35638.56998399933;35638.56998399933;35638.56998399933;35638.56998399933;35638.56998399933;35638.56998399933;35638.56998399933;35638.56998399933;35638.56998399933;35638.56998399933;35638.56998399933;35638.56998399933;35638.56998399933;35638.56998399933;35638.56998399933;35638.56998399933;35638.56998399933;35638.56998399933;35638.56998399933;35638.56998399933;35638.56998399933;35638.56998399933;35638.56998399933;35638.56998399933;35638.56998399933;35638.56998399933;35638.56998399933;35638.56998399933;
63000.000000000015;35640.0;35640.0;35640.0;35640.0;35638.56317439933;35638.56317439933;35638.56317439933;35638.56317439933;35638.56317439933;35638.56317439933;35638.56317439933;35638.56317439933;35638.56317439933;35638.56317439933;35638.56317439933;35638.56317439933;35638.56317439933;35638.56317439933;35638.56317439933;35638.56317439933;35638.56317439933;35638.56317439933;35638.56317439933;35638.56317439933;35638.56317439933;35638.56317439933;35638.56317439933;35638.56317439933;35638.56317439933;35638.56317439933;35638.56317439933;35638.56317439933;35638.56317439933;35638.56317439933;35638.56317439933;35638.56317439933;35638.56317439933;35638.56317439933;35638.56317439933;35638.56317439933;35638.56317439933;35638.56317439933;35638.56317439933;35638.56317439933;
63000.384542794454;35640.0;35640.0;35640.0;35640.0;35638.56317439933;35638.56317439933;35638.56317439933;35638.56317439933;35638.56317439933;35638.56317439933;35638.56317439933;35638.56317439933;35638.56317439933;35638.56317439933;35638.56317439933;35638.56317439933;35638.56317439933;35638.56317439933;35638.56317439933;35638.56317439933;35638.56317439933;35638.56317439933;35638.56317439933;35638.56317439933;35638.56317439933;35638.56317439933;35638.56317439933;35638.56317439933;35638.56317439933;35638.56317439933;35638.56317439933;35638.56317439933;35638.56317439933;35638.56317439933;35638.56317439933;35638.56317439933;35638.56317439933;35638.56317439933;35638.56317439933;35638.56317439933;35638.56317439933;35638.56317439933;35638.56317439933;35638.56317439933;
63300.000000000015;35640.0;35640.0;35640.0;35640.0;35638.56317439933;35638.56317439933;35638.56317439933;35638.56317439933;35638.56317439933;35638.56317439933;35638.56317439933;35638.56317439933;35638.56317439933;35638.56317439933;35638.56317439933;35638.56317439933;35638.56317439933;35638.56317439933;35638.56317439933;35638.56317439933;35638.56317439933;35638.56317439933;35638.56317439933;35638.56317439933;35638.56317439933;35638.56317439933;35638.56317439933;35638.56317439933;35638.56317439933;35638.56317439933;35638.56317439933;35638.56317439933;35638.56317439933;35638.56317439933;35638.56317439933;35638.56317439933;35638.56317439933;35638.56317439933;35638.56317439933;35638.56317439933;35638.56317439933;35638.56317439933;35638.56317439933;35638.56317439933;
63300.000000000015;35640.0;35640.0;35640.0;35640.0;35638.556364799326;35638.556364799326;35638.556364799326;35638.556364799326;35638.556364799326;35638.556364799326;35638.556364799326;35638.556364799326;35638.556364799326;35638.556364799326;35638.556364799326;35638.556364799326;35638.556364799326;35638.556364799326;35638.556364799326;35638.556364799326;35638.556364799326;35638.556364799326;35638.556364799326;35638.556364799326;35638.556364799326;35638.556364799326;35638.556364799326;35638.556364799326;35638.556364799326;35638.556364799326;35638.556364799326;35638.556364799326;35638.556364799326;35638.556364799326;35638.556364799326;35638.556364799326;35638.556364799326;35638.556364799326;35638.556364799326;35638.556364799326;35638.556364799326;35638.556364799326;35638.556364799326;35638.556364799326;
63300.384542794454;35640.0;35640.0;35640.0;35640.0;35638.556364799326;35638.556364799326;35638.556364799326;35638.556364799326;35638.556364799326;35638.556364799326;35638.556364799326;35638.556364799326;35638.556364799326;35638.556364799326;35638.556364799326;35638.556364799326;35638.556364799326;35638.556364799326;35638.556364799326;35638.556364799326;35638.556364799326;35638.556364799326;35638.556364799326;35638.556364799326;35638.556364799326;35638.556364799326;35638.556364799326;35638.556364799326;35638.556364799326;35638.556364799326;35638.556364799326;35638.556364799326;35638.556364799326;35638.556364799326;35638.556364799326;35638.556364799326;35638.556364799326;35638.556364799326;35638.556364799326;35638.556364799326;35638.556364799326;35638.556364799326;35638.556364799326;35638.556364799326;
63600.000000000015;35640.0;35640.0;35640.0;35640.0;35638.556364799326;35638.556364799326;35638.556364799326;35638.556364799326;35638.556364799326;35638.556364799326;35638.556364799326;35638.556364799326;35638.556364799326;35638.556364799326;35638.556364799326;35638.556364799326;35638.556364799326;35638.556364799326;35638.556364799326;35638.556364799326;35638.556364799326;35638.556364799326;35638.556364799326;35638.556364799326;35638.556364799326;35638.556364799326;35638.556364799326;35638.556364799326;35638.556364799326;35638.556364799326;35638.556364799326;35638.556364799326;35638.556364799326;35638.556364799326;35638.556364799326;35638.556364799326;35638.556364799326;35638.556364799326;35638.556364799326;35638.556364799326;35638.556364799326;35638.556364799326;35638.556364799326;35638.556364799326;
63600.000000000015;35640.0;35640.0;35640.0;35640.0;35638.54955519932;35638.54955519932;35638.54955519932;35638.54955519932;35638.54955519932;35638.54955519932;35638.54955519932;35638.54955519932;35638.54955519932;35638.54955519932;35638.54955519932;35638.54955519932;35638.54955519932;35638.54955519932;35638.54955519932;35638.54955519932;35638.54955519932;35638.54955519932;35638.54955519932;35638.54955519932;35638.54955519932;35638.54955519932;35638.54955519932;35638.54955519932;35638.54955519932;35638.54955519932;35638.54955519932;35638.54955519932;35638.54955519932;35638.54955519932;35638.54955519932;35638.54955519932;35638.54955519932;35638.54955519932;35638.54955519932;35638.54955519932;35638.54955519932;35638.54955519932;35638.54955519932;35638.54955519932;
63600.384542794454;35640.0;35640.0;35640.0;35640.0;35638.54955519932;35638.54955519932;35638.54955519932;35638.54955519932;35638.54955519932;35638.54955519932;35638.54955519932;35638.54955519932;35638.54955519932;35638.54955519932;35638.54955519932;35638.54955519932;35638.54955519932;35638.54955519932;35638.54955519932;35638.54955519932;35638.54955519932;35638.54955519932;35638.54955519932;35638.54955519932;35638.54955519932;35638.54955519932;35638.54955519932;35638.54955519932;35638.54955519932;35638.54955519932;35638.54955519932;35638.54955519932;35638.54955519932;35638.54955519932;35638.54955519932;35638.54955519932;35638.54955519932;35638.54955519932;35638.54955519932;35638.54955519932;35638.54955519932;35638.54955519932;35638.54955519932;35638.54955519932;
63900.000000000015;35640.0;35640.0;35640.0;35640.0;35638.54955519932;35638.54955519932;35638.54955519932;35638.54955519932;35638.54955519932;35638.54955519932;35638.54955519932;35638.54955519932;35638.54955519932;35638.54955519932;35638.54955519932;35638.54955519932;35638.54955519932;35638.54955519932;35638.54955519932;35638.54955519932;35638.54955519932;35638.54955519932;35638.54955519932;35638.54955519932;35638.54955519932;35638.54955519932;35638.54955519932;35638.54955519932;35638.54955519932;35638.54955519932;35638.54955519932;35638.54955519932;35638.54955519932;35638.54955519932;35638.54955519932;35638.54955519932;35638.54955519932;35638.54955519932;35638.54955519932;35638.54955519932;35638.54955519932;35638.54955519932;35638.54955519932;35638.54955519932;
63900.000000000015;35640.0;35640.0;35640.0;35640.0;35638.54274559932;35638.54274559932;35638.54274559932;35638.54274559932;35638.54274559932;35638.54274559932;35638.54274559932;35638.54274559932;35638.54274559932;35638.54274559932;35638.54274559932;35638.54274559932;35638.54274559932;35638.54274559932;35638.54274559932;35638.54274559932;35638.54274559932;35638.54274559932;35638.54274559932;35638.54274559932;35638.54274559932;35638.54274559932;35638.54274559932;35638.54274559932;35638.54274559932;35638.54274559932;35638.54274559932;35638.54274559932;35638.54274559932;35638.54274559932;35638.54274559932;35638.54274559932;35638.54274559932;35638.54274559932;35638.54274559932;35638.54274559932;35638.54274559932;35638.54274559932;35638.54274559932;35638.54274559932;
63900.384542794454;35640.0;35640.0;35640.0;35640.0;35638.54274559932;35638.54274559932;35638.54274559932;35638.54274559932;35638.54274559932;35638.54274559932;35638.54274559932;35638.54274559932;35638.54274559932;35638.54274559932;35638.54274559932;35638.54274559932;35638.54274559932;35638.54274559932;35638.54274559932;35638.54274559932;35638.54274559932;35638.54274559932;35638.54274559932;35638.54274559932;35638.54274559932;35638.54274559932;35638.54274559932;35638.54274559932;35638.54274559932;35638.54274559932;35638.54274559932;35638.54274559932;35638.54274559932;35638.54274559932;35638.54274559932;35638.54274559932;35638.54274559932;35638.54274559932;35638.54274559932;35638.54274559932;35638.54274559932;35638.54274559932;35638.54274559932;35638.54274559932;
64200.000000000015;35640.0;35640.0;35640.0;35640.0;35638.54274559932;35638.54274559932;35638.54274559932;35638.54274559932;35638.54274559932;35638.54274559932;35638.54274559932;35638.54274559932;35638.54274559932;35638.54274559932;35638.54274559932;35638.54274559932;35638.54274559932;35638.54274559932;35638.54274559932;35638.54274559932;35638.54274559932;35638.54274559932;35638.54274559932;35638.54274559932;35638.54274559932;35638.54274559932;35638.54274559932;35638.54274559932;35638.54274559932;35638.54274559932;35638.54274559932;35638.54274559932;35638.54274559932;35638.54274559932;35638.54274559932;35638.54274559932;35638.54274559932;35638.54274559932;35638.54274559932;35638.54274559932;35638.54274559932;35638.54274559932;35638.54274559932;35638.54274559932;
64200.000000000015;35640.0;35640.0;35640.0;35640.0;35638.535935999316;35638.535935999316;35638.535935999316;35638.535935999316;35638.535935999316;35638.535935999316;35638.535935999316;35638.535935999316;35638.535935999316;35638.535935999316;35638.535935999316;35638.535935999316;35638.535935999316;35638.535935999316;35638.535935999316;35638.535935999316;35638.535935999316;35638.535935999316;35638.535935999316;35638.535935999316;35638.535935999316;35638.535935999316;35638.535935999316;35638.535935999316;35638.535935999316;35638.535935999316;35638.535935999316;35638.535935999316;35638.535935999316;35638.535935999316;35638.535935999316;35638.535935999316;35638.535935999316;35638.535935999316;35638.535935999316;35638.535935999316;35638.535935999316;35638.535935999316;35638.535935999316;35638.535935999316;
64200.384542794454;35640.0;35640.0;35640.0;35640.0;35638.535935999316;35638.535935999316;35638.535935999316;35638.535935999316;35638.535935999316;35638.535935999316;35638.535935999316;35638.535935999316;35638.535935999316;35638.535935999316;35638.535935999316;35638.535935999316;35638.535935999316;35638.535935999316;35638.535935999316;35638.535935999316;35638.535935999316;35638.535935999316;35638.535935999316;35638.535935999316;35638.535935999316;35638.535935999316;35638.535935999316;35638.535935999316;35638.535935999316;35638.535935999316;35638.535935999316;35638.535935999316;35638.535935999316;35638.535935999316;35638.535935999316;35638.535935999316;35638.535935999316;35638.535935999316;35638.535935999316;35638.535935999316;35638.535935999316;35638.535935999316;35638.535935999316;35638.535935999316;
64500.000000000015;35640.0;35640.0;35640.0;35640.0;35638.535935999316;35638.535935999316;35638.535935999316;35638.535935999316;35638.535935999316;35638.535935999316;35638.535935999316;35638.535935999316;35638.535935999316;35638.535935999316;35638.535935999316;35638.535935999316;35638.535935999316;35638.535935999316;35638.535935999316;35638.535935999316;35638.535935999316;35638.535935999316;35638.535935999316;35638.535935999316;35638.535935999316;35638.535935999316;35638.535935999316;35638.535935999316;35638.535935999316;35638.535935999316;35638.535935999316;35638.535935999316;35638.535935999316;35638.535935999316;35638.535935999316;35638.535935999316;35638.535935999316;35638.535935999316;35638.535935999316;35638.535935999316;35638.535935999316;35638.535935999316;35638.535935999316;35638.535935999316;
64500.000000000015;35640.0;35640.0;35640.0;35640.0;35638.52912639931;35638.52912639931;35638.52912639931;35638.52912639931;35638.52912639931;35638.52912639931;35638.52912639931;35638.52912639931;35638.52912639931;35638.52912639931;35638.52912639931;35638.52912639931;35638.52912639931;35638.52912639931;35638.52912639931;35638.52912639931;35638.52912639931;35638.52912639931;35638.52912639931;35638.52912639931;35638.52912639931;35638.52912639931;35638.52912639931;35638.52912639931;35638.52912639931;35638.52912639931;35638.52912639931;35638.52912639931;35638.52912639931;35638.52912639931;35638.52912639931;35638.52912639931;35638.52912639931;35638.52912639931;35638.52912639931;35638.52912639931;35638.52912639931;35638.52912639931;35638.52912639931;35638.52912639931;
64500.384542794454;35640.0;35640.0;35640.0;35640.0;35638.52912639931;35638.52912639931;35638.52912639931;35638.52912639931;35638.52912639931;35638.52912639931;35638.52912639931;35638.52912639931;35638.52912639931;35638.52912639931;35638.52912639931;35638.52912639931;35638.52912639931;35638.52912639931;35638.52912639931;35638.52912639931;35638.52912639931;35638.52912639931;35638.52912639931;35638.52912639931;35638.52912639931;35638.52912639931;35638.52912639931;35638.52912639931;35638.52912639931;35638.52912639931;35638.52912639931;35638.52912639931;35638.52912639931;35638.52912639931;35638.52912639931;35638.52912639931;35638.52912639931;35638.52912639931;35638.52912639931;35638.52912639931;35638.52912639931;35638.52912639931;35638.52912639931;35638.52912639931;
64800.000000000015;35640.0;35640.0;35640.0;35640.0;35638.52912639931;35638.52912639931;35638.52912639931;35638.52912639931;35638.52912639931;35638.52912639931;35638.52912639931;35638.52912639931;35638.52912639931;35638.52912639931;35638.52912639931;35638.52912639931;35638.52912639931;35638.52912639931;35638.52912639931;35638.52912639931;35638.52912639931;35638.52912639931;35638.52912639931;35638.52912639931;35638.52912639931;35638.52912639931;35638.52912639931;35638.52912639931;35638.52912639931;35638.52912639931;35638.52912639931;35638.52912639931;35638.52912639931;35638.52912639931;35638.52912639931;35638.52912639931;35638.52912639931;35638.52912639931;35638.52912639931;35638.52912639931;35638.52912639931;35638.52912639931;35638.52912639931;35638.52912639931;
64800.000000000015;35640.0;35640.0;35640.0;35640.0;35638.52231679931;35638.52231679931;35638.52231679931;35638.52231679931;35638.52231679931;35638.52231679931;35638.52231679931;35638.52231679931;35638.52231679931;35638.52231679931;35638.52231679931;35638.52231679931;35638.52231679931;35638.52231679931;35638.52231679931;35638.52231679931;35638.52231679931;35638.52231679931;35638.52231679931;35638.52231679931;35638.52231679931;35638.52231679931;35638.52231679931;35638.52231679931;35638.52231679931;35638.52231679931;35638.52231679931;35638.52231679931;35638.52231679931;35638.52231679931;35638.52231679931;35638.52231679931;35638.52231679931;35638.52231679931;35638.52231679931;35638.52231679931;35638.52231679931;35638.52231679931;35638.52231679931;35638.52231679931;
64800.384542794454;35640.0;35640.0;35640.0;35640.0;35638.52231679931;35638.52231679931;35638.52231679931;35638.52231679931;35638.52231679931;35638.52231679931;35638.52231679931;35638.52231679931;35638.52231679931;35638.52231679931;35638.52231679931;35638.52231679931;35638.52231679931;35638.52231679931;35638.52231679931;35638.52231679931;35638.52231679931;35638.52231679931;35638.52231679931;35638.52231679931;35638.52231679931;35638.52231679931;35638.52231679931;35638.52231679931;35638.52231679931;35638.52231679931;35638.52231679931;35638.52231679931;35638.52231679931;35638.52231679931;35638.52231679931;35638.52231679931;35638.52231679931;35638.52231679931;35638.52231679931;35638.52231679931;35638.52231679931;35638.52231679931;35638.52231679931;35638.52231679931;
64860.000000000015;35640.0;35640.0;35640.0;35640.0;35638.52231679931;35638.52231679931;35638.52231679931;35638.52231679931;35638.52231679931;35638.52231679931;35638.52231679931;35638.52231679931;35638.52231679931;35638.52231679931;35638.52231679931;35638.52231679931;35638.52231679931;35638.52231679931;35638.52231679931;35638.52231679931;35638.52231679931;35638.52231679931;35638.52231679931;35638.52231679931;35638.52231679931;35638.52231679931;35638.52231679931;35638.52231679931;35638.52231679931;35638.52231679931;35638.52231679931;35638.52231679931;35638.52231679931;35638.52231679931;35638.52231679931;35638.52231679931;35638.52231679931;35638.52231679931;35638.52231679931;35638.52231679931;35638.52231679931;35638.52231679931;35638.52231679931;35638.52231679931;
65100.00000000001;35640.0;35640.0;35640.0;35640.0;35638.52231679931;35638.52231679931;35638.52231679931;35638.52231679931;35638.52231679931;35638.52231679931;35638.52231679931;35638.52231679931;35638.52231679931;35638.52231679931;35638.52231679931;35638.52231679931;35638.52231679931;35638.52231679931;35638.52231679931;35638.52231679931;35638.52231679931;35638.52231679931;35638.52231679931;35638.52231679931;35638.52231679931;35638.52231679931;35638.52231679931;35638.52231679931;35638.52231679931;35638.52231679931;35638.52231679931;35638.52231679931;35638.52231679931;35638.52231679931;35638.52231679931;35638.52231679931;35638.52231679931;35638.52231679931;35638.52231679931;35638.52231679931;35638.52231679931;35638.52231679931;35638.52231679931;35638.52231679931;
65100.00000000001;35640.0;35640.0;35640.0;35640.0;35638.51550719931;35638.51550719931;35638.51550719931;35638.51550719931;35638.51550719931;35638.51550719931;35638.51550719931;35638.51550719931;35638.51550719931;35638.51550719931;35638.51550719931;35638.51550719931;35638.51550719931;35638.51550719931;35638.51550719931;35638.51550719931;35638.51550719931;35638.51550719931;35638.51550719931;35638.51550719931;35638.51550719931;35638.51550719931;35638.51550719931;35638.51550719931;35638.51550719931;35638.51550719931;35638.51550719931;35638.51550719931;35638.51550719931;35638.51550719931;35638.51550719931;35638.51550719931;35638.51550719931;35638.51550719931;35638.51550719931;35638.51550719931;35638.51550719931;35638.51550719931;35638.51550719931;35638.51550719931;
65100.38454279445;35640.0;35640.0;35640.0;35640.0;35638.51550719931;35638.51550719931;35638.51550719931;35638.51550719931;35638.51550719931;35638.51550719931;35638.51550719931;35638.51550719931;35638.51550719931;35638.51550719931;35638.51550719931;35638.51550719931;35638.51550719931;35638.51550719931;35638.51550719931;35638.51550719931;35638.51550719931;35638.51550719931;35638.51550719931;35638.51550719931;35638.51550719931;35638.51550719931;35638.51550719931;35638.51550719931;35638.51550719931;35638.51550719931;35638.51550719931;35638.51550719931;35638.51550719931;35638.51550719931;35638.51550719931;35638.51550719931;35638.51550719931;35638.51550719931;35638.51550719931;35638.51550719931;35638.51550719931;35638.51550719931;35638.51550719931;35638.51550719931;
65400.00000000001;35640.0;35640.0;35640.0;35640.0;35638.51550719931;35638.51550719931;35638.51550719931;35638.51550719931;35638.51550719931;35638.51550719931;35638.51550719931;35638.51550719931;35638.51550719931;35638.51550719931;35638.51550719931;35638.51550719931;35638.51550719931;35638.51550719931;35638.51550719931;35638.51550719931;35638.51550719931;35638.51550719931;35638.51550719931;35638.51550719931;35638.51550719931;35638.51550719931;35638.51550719931;35638.51550719931;35638.51550719931;35638.51550719931;35638.51550719931;35638.51550719931;35638.51550719931;35638.51550719931;35638.51550719931;35638.51550719931;35638.51550719931;35638.51550719931;35638.51550719931;35638.51550719931;35638.51550719931;35638.51550719931;35638.51550719931;35638.51550719931;
65400.00000000001;35640.0;35640.0;35640.0;35640.0;35638.5086975993;35638.5086975993;35638.5086975993;35638.5086975993;35638.5086975993;35638.5086975993;35638.5086975993;35638.5086975993;35638.5086975993;35638.5086975993;35638.5086975993;35638.5086975993;35638.5086975993;35638.5086975993;35638.5086975993;35638.5086975993;35638.5086975993;35638.5086975993;35638.5086975993;35638.5086975993;35638.5086975993;35638.5086975993;35638.5086975993;35638.5086975993;35638.5086975993;35638.5086975993;35638.5086975993;35638.5086975993;35638.5086975993;35638.5086975993;35638.5086975993;35638.5086975993;35638.5086975993;35638.5086975993;35638.5086975993;35638.5086975993;35638.5086975993;35638.5086975993;35638.5086975993;35638.5086975993;
65400.38454279445;35640.0;35640.0;35640.0;35640.0;35638.5086975993;35638.5086975993;35638.5086975993;35638.5086975993;35638.5086975993;35638.5086975993;35638.5086975993;35638.5086975993;35638.5086975993;35638.5086975993;35638.5086975993;35638.5086975993;35638.5086975993;35638.5086975993;35638.5086975993;35638.5086975993;35638.5086975993;35638.5086975993;35638.5086975993;35638.5086975993;35638.5086975993;35638.5086975993;35638.5086975993;35638.5086975993;35638.5086975993;35638.5086975993;35638.5086975993;35638.5086975993;35638.5086975993;35638.5086975993;35638.5086975993;35638.5086975993;35638.5086975993;35638.5086975993;35638.5086975993;35638.5086975993;35638.5086975993;35638.5086975993;35638.5086975993;35638.5086975993;
65700.0;35640.0;35640.0;35640.0;35640.0;35638.5086975993;35638.5086975993;35638.5086975993;35638.5086975993;35638.5086975993;35638.5086975993;35638.5086975993;35638.5086975993;35638.5086975993;35638.5086975993;35638.5086975993;35638.5086975993;35638.5086975993;35638.5086975993;35638.5086975993;35638.5086975993;35638.5086975993;35638.5086975993;35638.5086975993;35638.5086975993;35638.5086975993;35638.5086975993;35638.5086975993;35638.5086975993;35638.5086975993;35638.5086975993;35638.5086975993;35638.5086975993;35638.5086975993;35638.5086975993;35638.5086975993;35638.5086975993;35638.5086975993;35638.5086975993;35638.5086975993;35638.5086975993;35638.5086975993;35638.5086975993;35638.5086975993;35638.5086975993;
65700.0;35640.0;35640.0;35640.0;35640.0;35638.5018879993;35638.5018879993;35638.5018879993;35638.5018879993;35638.5018879993;35638.5018879993;35638.5018879993;35638.5018879993;35638.5018879993;35638.5018879993;35638.5018879993;35638.5018879993;35638.5018879993;35638.5018879993;35638.5018879993;35638.5018879993;35638.5018879993;35638.5018879993;35638.5018879993;35638.5018879993;35638.5018879993;35638.5018879993;35638.5018879993;35638.5018879993;35638.5018879993;35638.5018879993;35638.5018879993;35638.5018879993;35638.5018879993;35638.5018879993;35638.5018879993;35638.5018879993;35638.5018879993;35638.5018879993;35638.5018879993;35638.5018879993;35638.5018879993;35638.5018879993;35638.5018879993;35638.5018879993;
65700.38454279445;35640.0;35640.0;35640.0;35640.0;35638.5018879993;35638.5018879993;35638.5018879993;35638.5018879993;35638.5018879993;35638.5018879993;35638.5018879993;35638.5018879993;35638.5018879993;35638.5018879993;35638.5018879993;35638.5018879993;35638.5018879993;35638.5018879993;35638.5018879993;35638.5018879993;35638.5018879993;35638.5018879993;35638.5018879993;35638.5018879993;35638.5018879993;35638.5018879993;35638.5018879993;35638.5018879993;35638.5018879993;35638.5018879993;35638.5018879993;35638.5018879993;35638.5018879993;35638.5018879993;35638.5018879993;35638.5018879993;35638.5018879993;35638.5018879993;35638.5018879993;35638.5018879993;35638.5018879993;35638.5018879993;35638.5018879993;35638.5018879993;
66000.0;35640.0;35640.0;35640.0;35640.0;35638.5018879993;35638.5018879993;35638.5018879993;35638.5018879993;35638.5018879993;35638.5018879993;35638.5018879993;35638.5018879993;35638.5018879993;35638.5018879993;35638.5018879993;35638.5018879993;35638.5018879993;35638.5018879993;35638.5018879993;35638.5018879993;35638.5018879993;35638.5018879993;35638.5018879993;35638.5018879993;35638.5018879993;35638.5018879993;35638.5018879993;35638.5018879993;35638.5018879993;35638.5018879993;35638.5018879993;35638.5018879993;35638.5018879993;35638.5018879993;35638.5018879993;35638.5018879993;35638.5018879993;35638.5018879993;35638.5018879993;35638.5018879993;35638.5018879993;35638.5018879993;35638.5018879993;35638.5018879993;
66000.0;35640.0;35640.0;35640.0;35640.0;35638.4950783993;35638.4950783993;35638.4950783993;35638.4950783993;35638.4950783993;35638.4950783993;35638.4950783993;35638.4950783993;35638.4950783993;35638.4950783993;35638.4950783993;35638.4950783993;35638.4950783993;35638.4950783993;35638.4950783993;35638.4950783993;35638.4950783993;35638.4950783993;35638.4950783993;35638.4950783993;35638.4950783993;35638.4950783993;35638.4950783993;35638.4950783993;35638.4950783993;35638.4950783993;35638.4950783993;35638.4950783993;35638.4950783993;35638.4950783993;35638.4950783993;35638.4950783993;35638.4950783993;35638.4950783993;35638.4950783993;35638.4950783993;35638.4950783993;35638.4950783993;35638.4950783993;35638.4950783993;
66000.38454279445;35640.0;35640.0;35640.0;35640.0;35638.4950783993;35638.4950783993;35638.4950783993;35638.4950783993;35638.4950783993;35638.4950783993;35638.4950783993;35638.4950783993;35638.4950783993;35638.4950783993;35638.4950783993;35638.4950783993;35638.4950783993;35638.4950783993;35638.4950783993;35638.4950783993;35638.4950783993;35638.4950783993;35638.4950783993;35638.4950783993;35638.4950783993;35638.4950783993;35638.4950783993;35638.4950783993;35638.4950783993;35638.4950783993;35638.4950783993;35638.4950783993;35638.4950783993;35638.4950783993;35638.4950783993;35638.4950783993;35638.4950783993;35638.4950783993;35638.4950783993;35638.4950783993;35638.4950783993;35638.4950783993;35638.4950783993;35638.4950783993;
66300.0;35640.0;35640.0;35640.0;35640.0;35638.4950783993;35638.4950783993;35638.4950783993;35638.4950783993;35638.4950783993;35638.4950783993;35638.4950783993;35638.4950783993;35638.4950783993;35638.4950783993;35638.4950783993;35638.4950783993;35638.4950783993;35638.4950783993;35638.4950783993;35638.4950783993;35638.4950783993;35638.4950783993;35638.4950783993;35638.4950783993;35638.4950783993;35638.4950783993;35638.4950783993;35638.4950783993;35638.4950783993;35638.4950783993;35638.4950783993;35638.4950783993;35638.4950783993;35638.4950783993;35638.4950783993;35638.4950783993;35638.4950783993;35638.4950783993;35638.4950783993;35638.4950783993;35638.4950783993;35638.4950783993;35638.4950783993;35638.4950783993;
66300.0;35640.0;35640.0;35640.0;35640.0;35638.488268799294;35638.488268799294;35638.488268799294;35638.488268799294;35638.488268799294;35638.488268799294;35638.488268799294;35638.488268799294;35638.488268799294;35638.488268799294;35638.488268799294;35638.488268799294;35638.488268799294;35638.488268799294;35638.488268799294;35638.488268799294;35638.488268799294;35638.488268799294;35638.488268799294;35638.488268799294;35638.488268799294;35638.488268799294;35638.488268799294;35638.488268799294;35638.488268799294;35638.488268799294;35638.488268799294;35638.488268799294;35638.488268799294;35638.488268799294;35638.488268799294;35638.488268799294;35638.488268799294;35638.488268799294;35638.488268799294;35638.488268799294;35638.488268799294;35638.488268799294;35638.488268799294;35638.488268799294;
66300.38454279445;35640.0;35640.0;35640.0;35640.0;35638.488268799294;35638.488268799294;35638.488268799294;35638.488268799294;35638.488268799294;35638.488268799294;35638.488268799294;35638.488268799294;35638.488268799294;35638.488268799294;35638.488268799294;35638.488268799294;35638.488268799294;35638.488268799294;35638.488268799294;35638.488268799294;35638.488268799294;35638.488268799294;35638.488268799294;35638.488268799294;35638.488268799294;35638.488268799294;35638.488268799294;35638.488268799294;35638.488268799294;35638.488268799294;35638.488268799294;35638.488268799294;35638.488268799294;35638.488268799294;35638.488268799294;35638.488268799294;35638.488268799294;35638.488268799294;35638.488268799294;35638.488268799294;35638.488268799294;35638.488268799294;35638.488268799294;35638.488268799294;
66600.0;35640.0;35640.0;35640.0;35640.0;35638.488268799294;35638.488268799294;35638.488268799294;35638.488268799294;35638.488268799294;35638.488268799294;35638.488268799294;35638.488268799294;35638.488268799294;35638.488268799294;35638.488268799294;35638.488268799294;35638.488268799294;35638.488268799294;35638.488268799294;35638.488268799294;35638.488268799294;35638.488268799294;35638.488268799294;35638.488268799294;35638.488268799294;35638.488268799294;35638.488268799294;35638.488268799294;35638.488268799294;35638.488268799294;35638.488268799294;35638.488268799294;35638.488268799294;35638.488268799294;35638.488268799294;35638.488268799294;35638.488268799294;35638.488268799294;35638.488268799294;35638.488268799294;35638.488268799294;35638.488268799294;35638.488268799294;35638.488268799294;
66600.0;35640.0;35640.0;35640.0;35640.0;35638.48145919929;35638.48145919929;35638.48145919929;35638.48145919929;35638.48145919929;35638.48145919929;35638.48145919929;35638.48145919929;35638.48145919929;35638.48145919929;35638.48145919929;35638.48145919929;35638.48145919929;35638.48145919929;35638.48145919929;35638.48145919929;35638.48145919929;35638.48145919929;35638.48145919929;35638.48145919929;35638.48145919929;35638.48145919929;35638.48145919929;35638.48145919929;35638.48145919929;35638.48145919929;35638.48145919929;35638.48145919929;35638.48145919929;35638.48145919929;35638.48145919929;35638.48145919929;35638.48145919929;35638.48145919929;35638.48145919929;35638.48145919929;35638.48145919929;35638.48145919929;35638.48145919929;35638.48145919929;
66600.38454279445;35640.0;35640.0;35640.0;35640.0;35638.48145919929;35638.48145919929;35638.48145919929;35638.48145919929;35638.48145919929;35638.48145919929;35638.48145919929;35638.48145919929;35638.48145919929;35638.48145919929;35638.48145919929;35638.48145919929;35638.48145919929;35638.48145919929;35638.48145919929;35638.48145919929;35638.48145919929;35638.48145919929;35638.48145919929;35638.48145919929;35638.48145919929;35638.48145919929;35638.48145919929;35638.48145919929;35638.48145919929;35638.48145919929;35638.48145919929;35638.48145919929;35638.48145919929;35638.48145919929;35638.48145919929;35638.48145919929;35638.48145919929;35638.48145919929;35638.48145919929;35638.48145919929;35638.48145919929;35638.48145919929;35638.48145919929;35638.48145919929;
66900.0;35640.0;35640.0;35640.0;35640.0;35638.48145919929;35638.48145919929;35638.48145919929;35638.48145919929;35638.48145919929;35638.48145919929;35638.48145919929;35638.48145919929;35638.48145919929;35638.48145919929;35638.48145919929;35638.48145919929;35638.48145919929;35638.48145919929;35638.48145919929;35638.48145919929;35638.48145919929;35638.48145919929;35638.48145919929;35638.48145919929;35638.48145919929;35638.48145919929;35638.48145919929;35638.48145919929;35638.48145919929;35638.48145919929;35638.48145919929;35638.48145919929;35638.48145919929;35638.48145919929;35638.48145919929;35638.48145919929;35638.48145919929;35638.48145919929;35638.48145919929;35638.48145919929;35638.48145919929;35638.48145919929;35638.48145919929;35638.48145919929;
66900.0;35640.0;35640.0;35640.0;35640.0;35638.47464959929;35638.47464959929;35638.47464959929;35638.47464959929;35638.47464959929;35638.47464959929;35638.47464959929;35638.47464959929;35638.47464959929;35638.47464959929;35638.47464959929;35638.47464959929;35638.47464959929;35638.47464959929;35638.47464959929;35638.47464959929;35638.47464959929;35638.47464959929;35638.47464959929;35638.47464959929;35638.47464959929;35638.47464959929;35638.47464959929;35638.47464959929;35638.47464959929;35638.47464959929;35638.47464959929;35638.47464959929;35638.47464959929;35638.47464959929;35638.47464959929;35638.47464959929;35638.47464959929;35638.47464959929;35638.47464959929;35638.47464959929;35638.47464959929;35638.47464959929;35638.47464959929;35638.47464959929;
66900.38454279445;35640.0;35640.0;35640.0;35640.0;35638.47464959929;35638.47464959929;35638.47464959929;35638.47464959929;35638.47464959929;35638.47464959929;35638.47464959929;35638.47464959929;35638.47464959929;35638.47464959929;35638.47464959929;35638.47464959929;35638.47464959929;35638.47464959929;35638.47464959929;35638.47464959929;35638.47464959929;35638.47464959929;35638.47464959929;35638.47464959929;35638.47464959929;35638.47464959929;35638.47464959929;35638.47464959929;35638.47464959929;35638.47464959929;35638.47464959929;35638.47464959929;35638.47464959929;35638.47464959929;35638.47464959929;35638.47464959929;35638.47464959929;35638.47464959929;35638.47464959929;35638.47464959929;35638.47464959929;35638.47464959929;35638.47464959929;35638.47464959929;
67200.0;35640.0;35640.0;35640.0;35640.0;35638.47464959929;35638.47464959929;35638.47464959929;35638.47464959929;35638.47464959929;35638.47464959929;35638.47464959929;35638.47464959929;35638.47464959929;35638.47464959929;35638.47464959929;35638.47464959929;35638.47464959929;35638.47464959929;35638.47464959929;35638.47464959929;35638.47464959929;35638.47464959929;35638.47464959929;35638.47464959929;35638.47464959929;35638.47464959929;35638.47464959929;35638.47464959929;35638.47464959929;35638.47464959929;35638.47464959929;35638.47464959929;35638.47464959929;35638.47464959929;35638.47464959929;35638.47464959929;35638.47464959929;35638.47464959929;35638.47464959929;35638.47464959929;35638.47464959929;35638.47464959929;35638.47464959929;35638.47464959929;
67200.0;35640.0;35640.0;35640.0;35640.0;35638.467839999284;35638.467839999284;35638.467839999284;35638.467839999284;35638.467839999284;35638.467839999284;35638.467839999284;35638.467839999284;35638.467839999284;35638.467839999284;35638.467839999284;35638.467839999284;35638.467839999284;35638.467839999284;35638.467839999284;35638.467839999284;35638.467839999284;35638.467839999284;35638.467839999284;35638.467839999284;35638.467839999284;35638.467839999284;35638.467839999284;35638.467839999284;35638.467839999284;35638.467839999284;35638.467839999284;35638.467839999284;35638.467839999284;35638.467839999284;35638.467839999284;35638.467839999284;35638.467839999284;35638.467839999284;35638.467839999284;35638.467839999284;35638.467839999284;35638.467839999284;35638.467839999284;35638.467839999284;
67200.38454279445;35640.0;35640.0;35640.0;35640.0;35638.467839999284;35638.467839999284;35638.467839999284;35638.467839999284;35638.467839999284;35638.467839999284;35638.467839999284;35638.467839999284;35638.467839999284;35638.467839999284;35638.467839999284;35638.467839999284;35638.467839999284;35638.467839999284;35638.467839999284;35638.467839999284;35638.467839999284;35638.467839999284;35638.467839999284;35638.467839999284;35638.467839999284;35638.467839999284;35638.467839999284;35638.467839999284;35638.467839999284;35638.467839999284;35638.467839999284;35638.467839999284;35638.467839999284;35638.467839999284;35638.467839999284;35638.467839999284;35638.467839999284;35638.467839999284;35638.467839999284;35638.467839999284;35638.467839999284;35638.467839999284;35638.467839999284;35638.467839999284;
67500.0;35640.0;35640.0;35640.0;35640.0;35638.467839999284;35638.467839999284;35638.467839999284;35638.467839999284;35638.467839999284;35638.467839999284;35638.467839999284;35638.467839999284;35638.467839999284;35638.467839999284;35638.467839999284;35638.467839999284;35638.467839999284;35638.467839999284;35638.467839999284;35638.467839999284;35638.467839999284;35638.467839999284;35638.467839999284;35638.467839999284;35638.467839999284;35638.467839999284;35638.467839999284;35638.467839999284;35638.467839999284;35638.467839999284;35638.467839999284;35638.467839999284;35638.467839999284;35638.467839999284;35638.467839999284;35638.467839999284;35638.467839999284;35638.467839999284;35638.467839999284;35638.467839999284;35638.467839999284;35638.467839999284;35638.467839999284;35638.467839999284;
67500.0;35640.0;35640.0;35640.0;35640.0;35638.46103039928;35638.46103039928;35638.46103039928;35638.46103039928;35638.46103039928;35638.46103039928;35638.46103039928;35638.46103039928;35638.46103039928;35638.46103039928;35638.46103039928;35638.46103039928;35638.46103039928;35638.46103039928;35638.46103039928;35638.46103039928;35638.46103039928;35638.46103039928;35638.46103039928;35638.46103039928;35638.46103039928;35638.46103039928;35638.46103039928;35638.46103039928;35638.46103039928;35638.46103039928;35638.46103039928;35638.46103039928;35638.46103039928;35638.46103039928;35638.46103039928;35638.46103039928;35638.46103039928;35638.46103039928;35638.46103039928;35638.46103039928;35638.46103039928;35638.46103039928;35638.46103039928;35638.46103039928;
67500.38454279445;35640.0;35640.0;35640.0;35640.0;35638.46103039928;35638.46103039928;35638.46103039928;35638.46103039928;35638.46103039928;35638.46103039928;35638.46103039928;35638.46103039928;35638.46103039928;35638.46103039928;35638.46103039928;35638.46103039928;35638.46103039928;35638.46103039928;35638.46103039928;35638.46103039928;35638.46103039928;35638.46103039928;35638.46103039928;35638.46103039928;35638.46103039928;35638.46103039928;35638.46103039928;35638.46103039928;35638.46103039928;35638.46103039928;35638.46103039928;35638.46103039928;35638.46103039928;35638.46103039928;35638.46103039928;35638.46103039928;35638.46103039928;35638.46103039928;35638.46103039928;35638.46103039928;35638.46103039928;35638.46103039928;35638.46103039928;35638.46103039928;
67680.00000000001;35640.0;35640.0;35640.0;35640.0;35638.46103039928;35638.46103039928;35638.46103039928;35638.46103039928;35638.46103039928;35638.46103039928;35638.46103039928;35638.46103039928;35638.46103039928;35638.46103039928;35638.46103039928;35638.46103039928;35638.46103039928;35638.46103039928;35638.46103039928;35638.46103039928;35638.46103039928;35638.46103039928;35638.46103039928;35638.46103039928;35638.46103039928;35638.46103039928;35638.46103039928;35638.46103039928;35638.46103039928;35638.46103039928;35638.46103039928;35638.46103039928;35638.46103039928;35638.46103039928;35638.46103039928;35638.46103039928;35638.46103039928;35638.46103039928;35638.46103039928;35638.46103039928;35638.46103039928;35638.46103039928;35638.46103039928;35638.46103039928;
67800.00000000001;35640.0;35640.0;35640.0;35640.0;35638.46103039928;35638.46103039928;35638.46103039928;35638.46103039928;35638.46103039928;35638.46103039928;35638.46103039928;35638.46103039928;35638.46103039928;35638.46103039928;35638.46103039928;35638.46103039928;35638.46103039928;35638.46103039928;35638.46103039928;35638.46103039928;35638.46103039928;35638.46103039928;35638.46103039928;35638.46103039928;35638.46103039928;35638.46103039928;35638.46103039928;35638.46103039928;35638.46103039928;35638.46103039928;35638.46103039928;35638.46103039928;35638.46103039928;35638.46103039928;35638.46103039928;35638.46103039928;35638.46103039928;35638.46103039928;35638.46103039928;35638.46103039928;35638.46103039928;35638.46103039928;35638.46103039928;35638.46103039928;
67800.00000000001;35640.0;35640.0;35640.0;35640.0;35638.45422079928;35638.45422079928;35638.45422079928;35638.45422079928;35638.45422079928;35638.45422079928;35638.45422079928;35638.45422079928;35638.45422079928;35638.45422079928;35638.45422079928;35638.45422079928;35638.45422079928;35638.45422079928;35638.45422079928;35638.45422079928;35638.45422079928;35638.45422079928;35638.45422079928;35638.45422079928;35638.45422079928;35638.45422079928;35638.45422079928;35638.45422079928;35638.45422079928;35638.45422079928;35638.45422079928;35638.45422079928;35638.45422079928;35638.45422079928;35638.45422079928;35638.45422079928;35638.45422079928;35638.45422079928;35638.45422079928;35638.45422079928;35638.45422079928;35638.45422079928;35638.45422079928;35638.45422079928;
67800.38454279446;35640.0;35640.0;35640.0;35640.0;35638.45422079928;35638.45422079928;35638.45422079928;35638.45422079928;35638.45422079928;35638.45422079928;35638.45422079928;35638.45422079928;35638.45422079928;35638.45422079928;35638.45422079928;35638.45422079928;35638.45422079928;35638.45422079928;35638.45422079928;35638.45422079928;35638.45422079928;35638.45422079928;35638.45422079928;35638.45422079928;35638.45422079928;35638.45422079928;35638.45422079928;35638.45422079928;35638.45422079928;35638.45422079928;35638.45422079928;35638.45422079928;35638.45422079928;35638.45422079928;35638.45422079928;35638.45422079928;35638.45422079928;35638.45422079928;35638.45422079928;35638.45422079928;35638.45422079928;35638.45422079928;35638.45422079928;35638.45422079928;
68100.00000000001;35640.0;35640.0;35640.0;35640.0;35638.45422079928;35638.45422079928;35638.45422079928;35638.45422079928;35638.45422079928;35638.45422079928;35638.45422079928;35638.45422079928;35638.45422079928;35638.45422079928;35638.45422079928;35638.45422079928;35638.45422079928;35638.45422079928;35638.45422079928;35638.45422079928;35638.45422079928;35638.45422079928;35638.45422079928;35638.45422079928;35638.45422079928;35638.45422079928;35638.45422079928;35638.45422079928;35638.45422079928;35638.45422079928;35638.45422079928;35638.45422079928;35638.45422079928;35638.45422079928;35638.45422079928;35638.45422079928;35638.45422079928;35638.45422079928;35638.45422079928;35638.45422079928;35638.45422079928;35638.45422079928;35638.45422079928;35638.45422079928;
68100.00000000001;35640.0;35640.0;35640.0;35640.0;35638.447411199275;35638.447411199275;35638.447411199275;35638.447411199275;35638.447411199275;35638.447411199275;35638.447411199275;35638.447411199275;35638.447411199275;35638.447411199275;35638.447411199275;35638.447411199275;35638.447411199275;35638.447411199275;35638.447411199275;35638.447411199275;35638.447411199275;35638.447411199275;35638.447411199275;35638.447411199275;35638.447411199275;35638.447411199275;35638.447411199275;35638.447411199275;35638.447411199275;35638.447411199275;35638.447411199275;35638.447411199275;35638.447411199275;35638.447411199275;35638.447411199275;35638.447411199275;35638.447411199275;35638.447411199275;35638.447411199275;35638.447411199275;35638.447411199275;35638.447411199275;35638.447411199275;35638.447411199275;
68100.38454279446;35640.0;35640.0;35640.0;35640.0;35638.447411199275;35638.447411199275;35638.447411199275;35638.447411199275;35638.447411199275;35638.447411199275;35638.447411199275;35638.447411199275;35638.447411199275;35638.447411199275;35638.447411199275;35638.447411199275;35638.447411199275;35638.447411199275;35638.447411199275;35638.447411199275;35638.447411199275;35638.447411199275;35638.447411199275;35638.447411199275;35638.447411199275;35638.447411199275;35638.447411199275;35638.447411199275;35638.447411199275;35638.447411199275;35638.447411199275;35638.447411199275;35638.447411199275;35638.447411199275;35638.447411199275;35638.447411199275;35638.447411199275;35638.447411199275;35638.447411199275;35638.447411199275;35638.447411199275;35638.447411199275;35638.447411199275;35638.447411199275;
68400.00000000001;35640.0;35640.0;35640.0;35640.0;35638.447411199275;35638.447411199275;35638.447411199275;35638.447411199275;35638.447411199275;35638.447411199275;35638.447411199275;35638.447411199275;35638.447411199275;35638.447411199275;35638.447411199275;35638.447411199275;35638.447411199275;35638.447411199275;35638.447411199275;35638.447411199275;35638.447411199275;35638.447411199275;35638.447411199275;35638.447411199275;35638.447411199275;35638.447411199275;35638.447411199275;35638.447411199275;35638.447411199275;35638.447411199275;35638.447411199275;35638.447411199275;35638.447411199275;35638.447411199275;35638.447411199275;35638.447411199275;35638.447411199275;35638.447411199275;35638.447411199275;35638.447411199275;35638.447411199275;35638.447411199275;35638.447411199275;35638.447411199275;
68400.00000000001;35640.0;35640.0;35640.0;35640.0;35638.44060159927;35638.44060159927;35638.44060159927;35638.44060159927;35638.44060159927;35638.44060159927;35638.44060159927;35638.44060159927;35638.44060159927;35638.44060159927;35638.44060159927;35638.44060159927;35638.44060159927;35638.44060159927;35638.44060159927;35638.44060159927;35638.44060159927;35638.44060159927;35638.44060159927;35638.44060159927;35638.44060159927;35638.44060159927;35638.44060159927;35638.44060159927;35638.44060159927;35638.44060159927;35638.44060159927;35638.44060159927;35638.44060159927;35638.44060159927;35638.44060159927;35638.44060159927;35638.44060159927;35638.44060159927;35638.44060159927;35638.44060159927;35638.44060159927;35638.44060159927;35638.44060159927;35638.44060159927;
68400.38454279446;35640.0;35640.0;35640.0;35640.0;35638.44060159927;35638.44060159927;35638.44060159927;35638.44060159927;35638.44060159927;35638.44060159927;35638.44060159927;35638.44060159927;35638.44060159927;35638.44060159927;35638.44060159927;35638.44060159927;35638.44060159927;35638.44060159927;35638.44060159927;35638.44060159927;35638.44060159927;35638.44060159927;35638.44060159927;35638.44060159927;35638.44060159927;35638.44060159927;35638.44060159927;35638.44060159927;35638.44060159927;35638.44060159927;35638.44060159927;35638.44060159927;35638.44060159927;35638.44060159927;35638.44060159927;35638.44060159927;35638.44060159927;35638.44060159927;35638.44060159927;35638.44060159927;35638.44060159927;35638.44060159927;35638.44060159927;35638.44060159927;
68700.00000000001;35640.0;35640.0;35640.0;35640.0;35638.44060159927;35638.44060159927;35638.44060159927;35638.44060159927;35638.44060159927;35638.44060159927;35638.44060159927;35638.44060159927;35638.44060159927;35638.44060159927;35638.44060159927;35638.44060159927;35638.44060159927;35638.44060159927;35638.44060159927;35638.44060159927;35638.44060159927;35638.44060159927;35638.44060159927;35638.44060159927;35638.44060159927;35638.44060159927;35638.44060159927;35638.44060159927;35638.44060159927;35638.44060159927;35638.44060159927;35638.44060159927;35638.44060159927;35638.44060159927;35638.44060159927;35638.44060159927;35638.44060159927;35638.44060159927;35638.44060159927;35638.44060159927;35638.44060159927;35638.44060159927;35638.44060159927;35638.44060159927;
68700.00000000001;35640.0;35640.0;35640.0;35640.0;35638.43379199927;35638.43379199927;35638.43379199927;35638.43379199927;35638.43379199927;35638.43379199927;35638.43379199927;35638.43379199927;35638.43379199927;35638.43379199927;35638.43379199927;35638.43379199927;35638.43379199927;35638.43379199927;35638.43379199927;35638.43379199927;35638.43379199927;35638.43379199927;35638.43379199927;35638.43379199927;35638.43379199927;35638.43379199927;35638.43379199927;35638.43379199927;35638.43379199927;35638.43379199927;35638.43379199927;35638.43379199927;35638.43379199927;35638.43379199927;35638.43379199927;35638.43379199927;35638.43379199927;35638.43379199927;35638.43379199927;35638.43379199927;35638.43379199927;35638.43379199927;35638.43379199927;35638.43379199927;
68700.38454279446;35640.0;35640.0;35640.0;35640.0;35638.43379199927;35638.43379199927;35638.43379199927;35638.43379199927;35638.43379199927;35638.43379199927;35638.43379199927;35638.43379199927;35638.43379199927;35638.43379199927;35638.43379199927;35638.43379199927;35638.43379199927;35638.43379199927;35638.43379199927;35638.43379199927;35638.43379199927;35638.43379199927;35638.43379199927;35638.43379199927;35638.43379199927;35638.43379199927;35638.43379199927;35638.43379199927;35638.43379199927;35638.43379199927;35638.43379199927;35638.43379199927;35638.43379199927;35638.43379199927;35638.43379199927;35638.43379199927;35638.43379199927;35638.43379199927;35638.43379199927;35638.43379199927;35638.43379199927;35638.43379199927;35638.43379199927;35638.43379199927;
69000.00000000001;35640.0;35640.0;35640.0;35640.0;35638.43379199927;35638.43379199927;35638.43379199927;35638.43379199927;35638.43379199927;35638.43379199927;35638.43379199927;35638.43379199927;35638.43379199927;35638.43379199927;35638.43379199927;35638.43379199927;35638.43379199927;35638.43379199927;35638.43379199927;35638.43379199927;35638.43379199927;35638.43379199927;35638.43379199927;35638.43379199927;35638.43379199927;35638.43379199927;35638.43379199927;35638.43379199927;35638.43379199927;35638.43379199927;35638.43379199927;35638.43379199927;35638.43379199927;35638.43379199927;35638.43379199927;35638.43379199927;35638.43379199927;35638.43379199927;35638.43379199927;35638.43379199927;35638.43379199927;35638.43379199927;35638.43379199927;35638.43379199927;
69000.00000000001;35640.0;35640.0;35640.0;35640.0;35638.426982399265;35638.426982399265;35638.426982399265;35638.426982399265;35638.426982399265;35638.426982399265;35638.426982399265;35638.426982399265;35638.426982399265;35638.426982399265;35638.426982399265;35638.426982399265;35638.426982399265;35638.426982399265;35638.426982399265;35638.426982399265;35638.426982399265;35638.426982399265;35638.426982399265;35638.426982399265;35638.426982399265;35638.426982399265;35638.426982399265;35638.426982399265;35638.426982399265;35638.426982399265;35638.426982399265;35638.426982399265;35638.426982399265;35638.426982399265;35638.426982399265;35638.426982399265;35638.426982399265;35638.426982399265;35638.426982399265;35638.426982399265;35638.426982399265;35638.426982399265;35638.426982399265;35638.426982399265;
69000.38454279446;35640.0;35640.0;35640.0;35640.0;35638.426982399265;35638.426982399265;35638.426982399265;35638.426982399265;35638.426982399265;35638.426982399265;35638.426982399265;35638.426982399265;35638.426982399265;35638.426982399265;35638.426982399265;35638.426982399265;35638.426982399265;35638.426982399265;35638.426982399265;35638.426982399265;35638.426982399265;35638.426982399265;35638.426982399265;35638.426982399265;35638.426982399265;35638.426982399265;35638.426982399265;35638.426982399265;35638.426982399265;35638.426982399265;35638.426982399265;35638.426982399265;35638.426982399265;35638.426982399265;35638.426982399265;35638.426982399265;35638.426982399265;35638.426982399265;35638.426982399265;35638.426982399265;35638.426982399265;35638.426982399265;35638.426982399265;35638.426982399265;
69300.00000000001;35640.0;35640.0;35640.0;35640.0;35638.426982399265;35638.426982399265;35638.426982399265;35638.426982399265;35638.426982399265;35638.426982399265;35638.426982399265;35638.426982399265;35638.426982399265;35638.426982399265;35638.426982399265;35638.426982399265;35638.426982399265;35638.426982399265;35638.426982399265;35638.426982399265;35638.426982399265;35638.426982399265;35638.426982399265;35638.426982399265;35638.426982399265;35638.426982399265;35638.426982399265;35638.426982399265;35638.426982399265;35638.426982399265;35638.426982399265;35638.426982399265;35638.426982399265;35638.426982399265;35638.426982399265;35638.426982399265;35638.426982399265;35638.426982399265;35638.426982399265;35638.426982399265;35638.426982399265;35638.426982399265;35638.426982399265;35638.426982399265;
69300.00000000001;35640.0;35640.0;35640.0;35640.0;35638.42017279926;35638.42017279926;35638.42017279926;35638.42017279926;35638.42017279926;35638.42017279926;35638.42017279926;35638.42017279926;35638.42017279926;35638.42017279926;35638.42017279926;35638.42017279926;35638.42017279926;35638.42017279926;35638.42017279926;35638.42017279926;35638.42017279926;35638.42017279926;35638.42017279926;35638.42017279926;35638.42017279926;35638.42017279926;35638.42017279926;35638.42017279926;35638.42017279926;35638.42017279926;35638.42017279926;35638.42017279926;35638.42017279926;35638.42017279926;35638.42017279926;35638.42017279926;35638.42017279926;35638.42017279926;35638.42017279926;35638.42017279926;35638.42017279926;35638.42017279926;35638.42017279926;35638.42017279926;
69300.38454279446;35640.0;35640.0;35640.0;35640.0;35638.42017279926;35638.42017279926;35638.42017279926;35638.42017279926;35638.42017279926;35638.42017279926;35638.42017279926;35638.42017279926;35638.42017279926;35638.42017279926;35638.42017279926;35638.42017279926;35638.42017279926;35638.42017279926;35638.42017279926;35638.42017279926;35638.42017279926;35638.42017279926;35638.42017279926;35638.42017279926;35638.42017279926;35638.42017279926;35638.42017279926;35638.42017279926;35638.42017279926;35638.42017279926;35638.42017279926;35638.42017279926;35638.42017279926;35638.42017279926;35638.42017279926;35638.42017279926;35638.42017279926;35638.42017279926;35638.42017279926;35638.42017279926;35638.42017279926;35638.42017279926;35638.42017279926;35638.42017279926;
69600.00000000001;35640.0;35640.0;35640.0;35640.0;35638.42017279926;35638.42017279926;35638.42017279926;35638.42017279926;35638.42017279926;35638.42017279926;35638.42017279926;35638.42017279926;35638.42017279926;35638.42017279926;35638.42017279926;35638.42017279926;35638.42017279926;35638.42017279926;35638.42017279926;35638.42017279926;35638.42017279926;35638.42017279926;35638.42017279926;35638.42017279926;35638.42017279926;35638.42017279926;35638.42017279926;35638.42017279926;35638.42017279926;35638.42017279926;35638.42017279926;35638.42017279926;35638.42017279926;35638.42017279926;35638.42017279926;35638.42017279926;35638.42017279926;35638.42017279926;35638.42017279926;35638.42017279926;35638.42017279926;35638.42017279926;35638.42017279926;35638.42017279926;
69600.00000000001;35640.0;35640.0;35640.0;35640.0;35638.41336319926;35638.41336319926;35638.41336319926;35638.41336319926;35638.41336319926;35638.41336319926;35638.41336319926;35638.41336319926;35638.41336319926;35638.41336319926;35638.41336319926;35638.41336319926;35638.41336319926;35638.41336319926;35638.41336319926;35638.41336319926;35638.41336319926;35638.41336319926;35638.41336319926;35638.41336319926;35638.41336319926;35638.41336319926;35638.41336319926;35638.41336319926;35638.41336319926;35638.41336319926;35638.41336319926;35638.41336319926;35638.41336319926;35638.41336319926;35638.41336319926;35638.41336319926;35638.41336319926;35638.41336319926;35638.41336319926;35638.41336319926;35638.41336319926;35638.41336319926;35638.41336319926;35638.41336319926;
69600.38454279446;35640.0;35640.0;35640.0;35640.0;35638.41336319926;35638.41336319926;35638.41336319926;35638.41336319926;35638.41336319926;35638.41336319926;35638.41336319926;35638.41336319926;35638.41336319926;35638.41336319926;35638.41336319926;35638.41336319926;35638.41336319926;35638.41336319926;35638.41336319926;35638.41336319926;35638.41336319926;35638.41336319926;35638.41336319926;35638.41336319926;35638.41336319926;35638.41336319926;35638.41336319926;35638.41336319926;35638.41336319926;35638.41336319926;35638.41336319926;35638.41336319926;35638.41336319926;35638.41336319926;35638.41336319926;35638.41336319926;35638.41336319926;35638.41336319926;35638.41336319926;35638.41336319926;35638.41336319926;35638.41336319926;35638.41336319926;35638.41336319926;
69900.00000000001;35640.0;35640.0;35640.0;35640.0;35638.41336319926;35638.41336319926;35638.41336319926;35638.41336319926;35638.41336319926;35638.41336319926;35638.41336319926;35638.41336319926;35638.41336319926;35638.41336319926;35638.41336319926;35638.41336319926;35638.41336319926;35638.41336319926;35638.41336319926;35638.41336319926;35638.41336319926;35638.41336319926;35638.41336319926;35638.41336319926;35638.41336319926;35638.41336319926;35638.41336319926;35638.41336319926;35638.41336319926;35638.41336319926;35638.41336319926;35638.41336319926;35638.41336319926;35638.41336319926;35638.41336319926;35638.41336319926;35638.41336319926;35638.41336319926;35638.41336319926;35638.41336319926;35638.41336319926;35638.41336319926;35638.41336319926;35638.41336319926;
69900.00000000001;35640.0;35640.0;35640.0;35640.0;35638.406553599256;35638.406553599256;35638.406553599256;35638.406553599256;35638.406553599256;35638.406553599256;35638.406553599256;35638.406553599256;35638.406553599256;35638.406553599256;35638.406553599256;35638.406553599256;35638.406553599256;35638.406553599256;35638.406553599256;35638.406553599256;35638.406553599256;35638.406553599256;35638.406553599256;35638.406553599256;35638.406553599256;35638.406553599256;35638.406553599256;35638.406553599256;35638.406553599256;35638.406553599256;35638.406553599256;35638.406553599256;35638.406553599256;35638.406553599256;35638.406553599256;35638.406553599256;35638.406553599256;35638.406553599256;35638.406553599256;35638.406553599256;35638.406553599256;35638.406553599256;35638.406553599256;35638.406553599256;
69900.38454279446;35640.0;35640.0;35640.0;35640.0;35638.406553599256;35638.406553599256;35638.406553599256;35638.406553599256;35638.406553599256;35638.406553599256;35638.406553599256;35638.406553599256;35638.406553599256;35638.406553599256;35638.406553599256;35638.406553599256;35638.406553599256;35638.406553599256;35638.406553599256;35638.406553599256;35638.406553599256;35638.406553599256;35638.406553599256;35638.406553599256;35638.406553599256;35638.406553599256;35638.406553599256;35638.406553599256;35638.406553599256;35638.406553599256;35638.406553599256;35638.406553599256;35638.406553599256;35638.406553599256;35638.406553599256;35638.406553599256;35638.406553599256;35638.406553599256;35638.406553599256;35638.406553599256;35638.406553599256;35638.406553599256;35638.406553599256;35638.406553599256;
70200.00000000001;35640.0;35640.0;35640.0;35640.0;35638.406553599256;35638.406553599256;35638.406553599256;35638.406553599256;35638.406553599256;35638.406553599256;35638.406553599256;35638.406553599256;35638.406553599256;35638.406553599256;35638.406553599256;35638.406553599256;35638.406553599256;35638.406553599256;35638.406553599256;35638.406553599256;35638.406553599256;35638.406553599256;35638.406553599256;35638.406553599256;35638.406553599256;35638.406553599256;35638.406553599256;35638.406553599256;35638.406553599256;35638.406553599256;35638.406553599256;35638.406553599256;35638.406553599256;35638.406553599256;35638.406553599256;35638.406553599256;35638.406553599256;35638.406553599256;35638.406553599256;35638.406553599256;35638.406553599256;35638.406553599256;35638.406553599256;35638.406553599256;
70200.00000000001;35640.0;35640.0;35640.0;35640.0;35638.39974399925;35638.39974399925;35638.39974399925;35638.39974399925;35638.39974399925;35638.39974399925;35638.39974399925;35638.39974399925;35638.39974399925;35638.39974399925;35638.39974399925;35638.39974399925;35638.39974399925;35638.39974399925;35638.39974399925;35638.39974399925;35638.39974399925;35638.39974399925;35638.39974399925;35638.39974399925;35638.39974399925;35638.39974399925;35638.39974399925;35638.39974399925;35638.39974399925;35638.39974399925;35638.39974399925;35638.39974399925;35638.39974399925;35638.39974399925;35638.39974399925;35638.39974399925;35638.39974399925;35638.39974399925;35638.39974399925;35638.39974399925;35638.39974399925;35638.39974399925;35638.39974399925;35638.39974399925;
70200.38454279446;35640.0;35640.0;35640.0;35640.0;35638.39974399925;35638.39974399925;35638.39974399925;35638.39974399925;35638.39974399925;35638.39974399925;35638.39974399925;35638.39974399925;35638.39974399925;35638.39974399925;35638.39974399925;35638.39974399925;35638.39974399925;35638.39974399925;35638.39974399925;35638.39974399925;35638.39974399925;35638.39974399925;35638.39974399925;35638.39974399925;35638.39974399925;35638.39974399925;35638.39974399925;35638.39974399925;35638.39974399925;35638.39974399925;35638.39974399925;35638.39974399925;35638.39974399925;35638.39974399925;35638.39974399925;35638.39974399925;35638.39974399925;35638.39974399925;35638.39974399925;35638.39974399925;35638.39974399925;35638.39974399925;35638.39974399925;35638.39974399925;
70500.00000000001;35640.0;35640.0;35640.0;35640.0;35638.39974399925;35638.39974399925;35638.39974399925;35638.39974399925;35638.39974399925;35638.39974399925;35638.39974399925;35638.39974399925;35638.39974399925;35638.39974399925;35638.39974399925;35638.39974399925;35638.39974399925;35638.39974399925;35638.39974399925;35638.39974399925;35638.39974399925;35638.39974399925;35638.39974399925;35638.39974399925;35638.39974399925;35638.39974399925;35638.39974399925;35638.39974399925;35638.39974399925;35638.39974399925;35638.39974399925;35638.39974399925;35638.39974399925;35638.39974399925;35638.39974399925;35638.39974399925;35638.39974399925;35638.39974399925;35638.39974399925;35638.39974399925;35638.39974399925;35638.39974399925;35638.39974399925;35638.39974399925;
70500.00000000001;35640.0;35640.0;35640.0;35640.0;35638.39293439925;35638.39293439925;35638.39293439925;35638.39293439925;35638.39293439925;35638.39293439925;35638.39293439925;35638.39293439925;35638.39293439925;35638.39293439925;35638.39293439925;35638.39293439925;35638.39293439925;35638.39293439925;35638.39293439925;35638.39293439925;35638.39293439925;35638.39293439925;35638.39293439925;35638.39293439925;35638.39293439925;35638.39293439925;35638.39293439925;35638.39293439925;35638.39293439925;35638.39293439925;35638.39293439925;35638.39293439925;35638.39293439925;35638.39293439925;35638.39293439925;35638.39293439925;35638.39293439925;35638.39293439925;35638.39293439925;35638.39293439925;35638.39293439925;35638.39293439925;35638.39293439925;35638.39293439925;
70500.38454279446;35640.0;35640.0;35640.0;35640.0;35638.39293439925;35638.39293439925;35638.39293439925;35638.39293439925;35638.39293439925;35638.39293439925;35638.39293439925;35638.39293439925;35638.39293439925;35638.39293439925;35638.39293439925;35638.39293439925;35638.39293439925;35638.39293439925;35638.39293439925;35638.39293439925;35638.39293439925;35638.39293439925;35638.39293439925;35638.39293439925;35638.39293439925;35638.39293439925;35638.39293439925;35638.39293439925;35638.39293439925;35638.39293439925;35638.39293439925;35638.39293439925;35638.39293439925;35638.39293439925;35638.39293439925;35638.39293439925;35638.39293439925;35638.39293439925;35638.39293439925;35638.39293439925;35638.39293439925;35638.39293439925;35638.39293439925;35638.39293439925;
70560.00000000003;35640.0;35640.0;35640.0;35640.0;35638.39293439925;35638.39293439925;35638.39293439925;35638.39293439925;35638.39293439925;35638.39293439925;35638.39293439925;35638.39293439925;35638.39293439925;35638.39293439925;35638.39293439925;35638.39293439925;35638.39293439925;35638.39293439925;35638.39293439925;35638.39293439925;35638.39293439925;35638.39293439925;35638.39293439925;35638.39293439925;35638.39293439925;35638.39293439925;35638.39293439925;35638.39293439925;35638.39293439925;35638.39293439925;35638.39293439925;35638.39293439925;35638.39293439925;35638.39293439925;35638.39293439925;35638.39293439925;35638.39293439925;35638.39293439925;35638.39293439925;35638.39293439925;35638.39293439925;35638.39293439925;35638.39293439925;35638.39293439925;
70800.00000000003;35640.0;35640.0;35640.0;35640.0;35638.39293439925;35638.39293439925;35638.39293439925;35638.39293439925;35638.39293439925;35638.39293439925;35638.39293439925;35638.39293439925;35638.39293439925;35638.39293439925;35638.39293439925;35638.39293439925;35638.39293439925;35638.39293439925;35638.39293439925;35638.39293439925;35638.39293439925;35638.39293439925;35638.39293439925;35638.39293439925;35638.39293439925;35638.39293439925;35638.39293439925;35638.39293439925;35638.39293439925;35638.39293439925;35638.39293439925;35638.39293439925;35638.39293439925;35638.39293439925;35638.39293439925;35638.39293439925;35638.39293439925;35638.39293439925;35638.39293439925;35638.39293439925;35638.39293439925;35638.39293439925;35638.39293439925;35638.39293439925;
70800.00000000003;35640.0;35640.0;35640.0;35640.0;35638.386124799246;35638.386124799246;35638.386124799246;35638.386124799246;35638.386124799246;35638.386124799246;35638.386124799246;35638.386124799246;35638.386124799246;35638.386124799246;35638.386124799246;35638.386124799246;35638.386124799246;35638.386124799246;35638.386124799246;35638.386124799246;35638.386124799246;35638.386124799246;35638.386124799246;35638.386124799246;35638.386124799246;35638.386124799246;35638.386124799246;35638.386124799246;35638.386124799246;35638.386124799246;35638.386124799246;35638.386124799246;35638.386124799246;35638.386124799246;35638.386124799246;35638.386124799246;35638.386124799246;35638.386124799246;35638.386124799246;35638.386124799246;35638.386124799246;35638.386124799246;35638.386124799246;35638.386124799246;
70800.38454279448;35640.0;35640.0;35640.0;35640.0;35638.386124799246;35638.386124799246;35638.386124799246;35638.386124799246;35638.386124799246;35638.386124799246;35638.386124799246;35638.386124799246;35638.386124799246;35638.386124799246;35638.386124799246;35638.386124799246;35638.386124799246;35638.386124799246;35638.386124799246;35638.386124799246;35638.386124799246;35638.386124799246;35638.386124799246;35638.386124799246;35638.386124799246;35638.386124799246;35638.386124799246;35638.386124799246;35638.386124799246;35638.386124799246;35638.386124799246;35638.386124799246;35638.386124799246;35638.386124799246;35638.386124799246;35638.386124799246;35638.386124799246;35638.386124799246;35638.386124799246;35638.386124799246;35638.386124799246;35638.386124799246;35638.386124799246;35638.386124799246;
71100.00000000003;35640.0;35640.0;35640.0;35640.0;35638.386124799246;35638.386124799246;35638.386124799246;35638.386124799246;35638.386124799246;35638.386124799246;35638.386124799246;35638.386124799246;35638.386124799246;35638.386124799246;35638.386124799246;35638.386124799246;35638.386124799246;35638.386124799246;35638.386124799246;35638.386124799246;35638.386124799246;35638.386124799246;35638.386124799246;35638.386124799246;35638.386124799246;35638.386124799246;35638.386124799246;35638.386124799246;35638.386124799246;35638.386124799246;35638.386124799246;35638.386124799246;35638.386124799246;35638.386124799246;35638.386124799246;35638.386124799246;35638.386124799246;35638.386124799246;35638.386124799246;35638.386124799246;35638.386124799246;35638.386124799246;35638.386124799246;35638.386124799246;
71100.00000000003;35640.0;35640.0;35640.0;35640.0;35638.37931519924;35638.37931519924;35638.37931519924;35638.37931519924;35638.37931519924;35638.37931519924;35638.37931519924;35638.37931519924;35638.37931519924;35638.37931519924;35638.37931519924;35638.37931519924;35638.37931519924;35638.37931519924;35638.37931519924;35638.37931519924;35638.37931519924;35638.37931519924;35638.37931519924;35638.37931519924;35638.37931519924;35638.37931519924;35638.37931519924;35638.37931519924;35638.37931519924;35638.37931519924;35638.37931519924;35638.37931519924;35638.37931519924;35638.37931519924;35638.37931519924;35638.37931519924;35638.37931519924;35638.37931519924;35638.37931519924;35638.37931519924;35638.37931519924;35638.37931519924;35638.37931519924;35638.37931519924;
71100.38454279448;35640.0;35640.0;35640.0;35640.0;35638.37931519924;35638.37931519924;35638.37931519924;35638.37931519924;35638.37931519924;35638.37931519924;35638.37931519924;35638.37931519924;35638.37931519924;35638.37931519924;35638.37931519924;35638.37931519924;35638.37931519924;35638.37931519924;35638.37931519924;35638.37931519924;35638.37931519924;35638.37931519924;35638.37931519924;35638.37931519924;35638.37931519924;35638.37931519924;35638.37931519924;35638.37931519924;35638.37931519924;35638.37931519924;35638.37931519924;35638.37931519924;35638.37931519924;35638.37931519924;35638.37931519924;35638.37931519924;35638.37931519924;35638.37931519924;35638.37931519924;35638.37931519924;35638.37931519924;35638.37931519924;35638.37931519924;35638.37931519924;
71400.00000000003;35640.0;35640.0;35640.0;35640.0;35638.37931519924;35638.37931519924;35638.37931519924;35638.37931519924;35638.37931519924;35638.37931519924;35638.37931519924;35638.37931519924;35638.37931519924;35638.37931519924;35638.37931519924;35638.37931519924;35638.37931519924;35638.37931519924;35638.37931519924;35638.37931519924;35638.37931519924;35638.37931519924;35638.37931519924;35638.37931519924;35638.37931519924;35638.37931519924;35638.37931519924;35638.37931519924;35638.37931519924;35638.37931519924;35638.37931519924;35638.37931519924;35638.37931519924;35638.37931519924;35638.37931519924;35638.37931519924;35638.37931519924;35638.37931519924;35638.37931519924;35638.37931519924;35638.37931519924;35638.37931519924;35638.37931519924;35638.37931519924;
71400.00000000003;35640.0;35640.0;35640.0;35640.0;35638.37250559924;35638.37250559924;35638.37250559924;35638.37250559924;35638.37250559924;35638.37250559924;35638.37250559924;35638.37250559924;35638.37250559924;35638.37250559924;35638.37250559924;35638.37250559924;35638.37250559924;35638.37250559924;35638.37250559924;35638.37250559924;35638.37250559924;35638.37250559924;35638.37250559924;35638.37250559924;35638.37250559924;35638.37250559924;35638.37250559924;35638.37250559924;35638.37250559924;35638.37250559924;35638.37250559924;35638.37250559924;35638.37250559924;35638.37250559924;35638.37250559924;35638.37250559924;35638.37250559924;35638.37250559924;35638.37250559924;35638.37250559924;35638.37250559924;35638.37250559924;35638.37250559924;35638.37250559924;
71400.38454279448;35640.0;35640.0;35640.0;35640.0;35638.37250559924;35638.37250559924;35638.37250559924;35638.37250559924;35638.37250559924;35638.37250559924;35638.37250559924;35638.37250559924;35638.37250559924;35638.37250559924;35638.37250559924;35638.37250559924;35638.37250559924;35638.37250559924;35638.37250559924;35638.37250559924;35638.37250559924;35638.37250559924;35638.37250559924;35638.37250559924;35638.37250559924;35638.37250559924;35638.37250559924;35638.37250559924;35638.37250559924;35638.37250559924;35638.37250559924;35638.37250559924;35638.37250559924;35638.37250559924;35638.37250559924;35638.37250559924;35638.37250559924;35638.37250559924;35638.37250559924;35638.37250559924;35638.37250559924;35638.37250559924;35638.37250559924;35638.37250559924;
71700.00000000003;35640.0;35640.0;35640.0;35640.0;35638.37250559924;35638.37250559924;35638.37250559924;35638.37250559924;35638.37250559924;35638.37250559924;35638.37250559924;35638.37250559924;35638.37250559924;35638.37250559924;35638.37250559924;35638.37250559924;35638.37250559924;35638.37250559924;35638.37250559924;35638.37250559924;35638.37250559924;35638.37250559924;35638.37250559924;35638.37250559924;35638.37250559924;35638.37250559924;35638.37250559924;35638.37250559924;35638.37250559924;35638.37250559924;35638.37250559924;35638.37250559924;35638.37250559924;35638.37250559924;35638.37250559924;35638.37250559924;35638.37250559924;35638.37250559924;35638.37250559924;35638.37250559924;35638.37250559924;35638.37250559924;35638.37250559924;35638.37250559924;
71700.00000000003;35640.0;35640.0;35640.0;35640.0;35638.36569599924;35638.36569599924;35638.36569599924;35638.36569599924;35638.36569599924;35638.36569599924;35638.36569599924;35638.36569599924;35638.36569599924;35638.36569599924;35638.36569599924;35638.36569599924;35638.36569599924;35638.36569599924;35638.36569599924;35638.36569599924;35638.36569599924;35638.36569599924;35638.36569599924;35638.36569599924;35638.36569599924;35638.36569599924;35638.36569599924;35638.36569599924;35638.36569599924;35638.36569599924;35638.36569599924;35638.36569599924;35638.36569599924;35638.36569599924;35638.36569599924;35638.36569599924;35638.36569599924;35638.36569599924;35638.36569599924;35638.36569599924;35638.36569599924;35638.36569599924;35638.36569599924;35638.36569599924;
71700.38454279448;35640.0;35640.0;35640.0;35640.0;35638.36569599924;35638.36569599924;35638.36569599924;35638.36569599924;35638.36569599924;35638.36569599924;35638.36569599924;35638.36569599924;35638.36569599924;35638.36569599924;35638.36569599924;35638.36569599924;35638.36569599924;35638.36569599924;35638.36569599924;35638.36569599924;35638.36569599924;35638.36569599924;35638.36569599924;35638.36569599924;35638.36569599924;35638.36569599924;35638.36569599924;35638.36569599924;35638.36569599924;35638.36569599924;35638.36569599924;35638.36569599924;35638.36569599924;35638.36569599924;35638.36569599924;35638.36569599924;35638.36569599924;35638.36569599924;35638.36569599924;35638.36569599924;35638.36569599924;35638.36569599924;35638.36569599924;35638.36569599924;
72000.00000000003;35640.0;35640.0;35640.0;35640.0;35638.36569599924;35638.36569599924;35638.36569599924;35638.36569599924;35638.36569599924;35638.36569599924;35638.36569599924;35638.36569599924;35638.36569599924;35638.36569599924;35638.36569599924;35638.36569599924;35638.36569599924;35638.36569599924;35638.36569599924;35638.36569599924;35638.36569599924;35638.36569599924;35638.36569599924;35638.36569599924;35638.36569599924;35638.36569599924;35638.36569599924;35638.36569599924;35638.36569599924;35638.36569599924;35638.36569599924;35638.36569599924;35638.36569599924;35638.36569599924;35638.36569599924;35638.36569599924;35638.36569599924;35638.36569599924;35638.36569599924;35638.36569599924;35638.36569599924;35638.36569599924;35638.36569599924;35638.36569599924;
72000.00000000003;35640.0;35640.0;35640.0;35640.0;35638.35888639923;35638.35888639923;35638.35888639923;35638.35888639923;35638.35888639923;35638.35888639923;35638.35888639923;35638.35888639923;35638.35888639923;35638.35888639923;35638.35888639923;35638.35888639923;35638.35888639923;35638.35888639923;35638.35888639923;35638.35888639923;35638.35888639923;35638.35888639923;35638.35888639923;35638.35888639923;35638.35888639923;35638.35888639923;35638.35888639923;35638.35888639923;35638.35888639923;35638.35888639923;35638.35888639923;35638.35888639923;35638.35888639923;35638.35888639923;35638.35888639923;35638.35888639923;35638.35888639923;35638.35888639923;35638.35888639923;35638.35888639923;35638.35888639923;35638.35888639923;35638.35888639923;35638.35888639923;
72000.38454279448;35640.0;35640.0;35640.0;35640.0;35638.35888639923;35638.35888639923;35638.35888639923;35638.35888639923;35638.35888639923;35638.35888639923;35638.35888639923;35638.35888639923;35638.35888639923;35638.35888639923;35638.35888639923;35638.35888639923;35638.35888639923;35638.35888639923;35638.35888639923;35638.35888639923;35638.35888639923;35638.35888639923;35638.35888639923;35638.35888639923;35638.35888639923;35638.35888639923;35638.35888639923;35638.35888639923;35638.35888639923;35638.35888639923;35638.35888639923;35638.35888639923;35638.35888639923;35638.35888639923;35638.35888639923;35638.35888639923;35638.35888639923;35638.35888639923;35638.35888639923;35638.35888639923;35638.35888639923;35638.35888639923;35638.35888639923;35638.35888639923;
72300.00000000003;35640.0;35640.0;35640.0;35640.0;35638.35888639923;35638.35888639923;35638.35888639923;35638.35888639923;35638.35888639923;35638.35888639923;35638.35888639923;35638.35888639923;35638.35888639923;35638.35888639923;35638.35888639923;35638.35888639923;35638.35888639923;35638.35888639923;35638.35888639923;35638.35888639923;35638.35888639923;35638.35888639923;35638.35888639923;35638.35888639923;35638.35888639923;35638.35888639923;35638.35888639923;35638.35888639923;35638.35888639923;35638.35888639923;35638.35888639923;35638.35888639923;35638.35888639923;35638.35888639923;35638.35888639923;35638.35888639923;35638.35888639923;35638.35888639923;35638.35888639923;35638.35888639923;35638.35888639923;35638.35888639923;35638.35888639923;35638.35888639923;
72300.00000000003;35640.0;35640.0;35640.0;35640.0;35638.35207679923;35638.35207679923;35638.35207679923;35638.35207679923;35638.35207679923;35638.35207679923;35638.35207679923;35638.35207679923;35638.35207679923;35638.35207679923;35638.35207679923;35638.35207679923;35638.35207679923;35638.35207679923;35638.35207679923;35638.35207679923;35638.35207679923;35638.35207679923;35638.35207679923;35638.35207679923;35638.35207679923;35638.35207679923;35638.35207679923;35638.35207679923;35638.35207679923;35638.35207679923;35638.35207679923;35638.35207679923;35638.35207679923;35638.35207679923;35638.35207679923;35638.35207679923;35638.35207679923;35638.35207679923;35638.35207679923;35638.35207679923;35638.35207679923;35638.35207679923;35638.35207679923;35638.35207679923;
72300.38454279448;35640.0;35640.0;35640.0;35640.0;35638.35207679923;35638.35207679923;35638.35207679923;35638.35207679923;35638.35207679923;35638.35207679923;35638.35207679923;35638.35207679923;35638.35207679923;35638.35207679923;35638.35207679923;35638.35207679923;35638.35207679923;35638.35207679923;35638.35207679923;35638.35207679923;35638.35207679923;35638.35207679923;35638.35207679923;35638.35207679923;35638.35207679923;35638.35207679923;35638.35207679923;35638.35207679923;35638.35207679923;35638.35207679923;35638.35207679923;35638.35207679923;35638.35207679923;35638.35207679923;35638.35207679923;35638.35207679923;35638.35207679923;35638.35207679923;35638.35207679923;35638.35207679923;35638.35207679923;35638.35207679923;35638.35207679923;35638.35207679923;
72600.00000000003;35640.0;35640.0;35640.0;35640.0;35638.35207679923;35638.35207679923;35638.35207679923;35638.35207679923;35638.35207679923;35638.35207679923;35638.35207679923;35638.35207679923;35638.35207679923;35638.35207679923;35638.35207679923;35638.35207679923;35638.35207679923;35638.35207679923;35638.35207679923;35638.35207679923;35638.35207679923;35638.35207679923;35638.35207679923;35638.35207679923;35638.35207679923;35638.35207679923;35638.35207679923;35638.35207679923;35638.35207679923;35638.35207679923;35638.35207679923;35638.35207679923;35638.35207679923;35638.35207679923;35638.35207679923;35638.35207679923;35638.35207679923;35638.35207679923;35638.35207679923;35638.35207679923;35638.35207679923;35638.35207679923;35638.35207679923;35638.35207679923;
72600.00000000003;35640.0;35640.0;35640.0;35640.0;35638.34526719923;35638.34526719923;35638.34526719923;35638.34526719923;35638.34526719923;35638.34526719923;35638.34526719923;35638.34526719923;35638.34526719923;35638.34526719923;35638.34526719923;35638.34526719923;35638.34526719923;35638.34526719923;35638.34526719923;35638.34526719923;35638.34526719923;35638.34526719923;35638.34526719923;35638.34526719923;35638.34526719923;35638.34526719923;35638.34526719923;35638.34526719923;35638.34526719923;35638.34526719923;35638.34526719923;35638.34526719923;35638.34526719923;35638.34526719923;35638.34526719923;35638.34526719923;35638.34526719923;35638.34526719923;35638.34526719923;35638.34526719923;35638.34526719923;35638.34526719923;35638.34526719923;35638.34526719923;
72600.38454279448;35640.0;35640.0;35640.0;35640.0;35638.34526719923;35638.34526719923;35638.34526719923;35638.34526719923;35638.34526719923;35638.34526719923;35638.34526719923;35638.34526719923;35638.34526719923;35638.34526719923;35638.34526719923;35638.34526719923;35638.34526719923;35638.34526719923;35638.34526719923;35638.34526719923;35638.34526719923;35638.34526719923;35638.34526719923;35638.34526719923;35638.34526719923;35638.34526719923;35638.34526719923;35638.34526719923;35638.34526719923;35638.34526719923;35638.34526719923;35638.34526719923;35638.34526719923;35638.34526719923;35638.34526719923;35638.34526719923;35638.34526719923;35638.34526719923;35638.34526719923;35638.34526719923;35638.34526719923;35638.34526719923;35638.34526719923;35638.34526719923;
72900.00000000003;35640.0;35640.0;35640.0;35640.0;35638.34526719923;35638.34526719923;35638.34526719923;35638.34526719923;35638.34526719923;35638.34526719923;35638.34526719923;35638.34526719923;35638.34526719923;35638.34526719923;35638.34526719923;35638.34526719923;35638.34526719923;35638.34526719923;35638.34526719923;35638.34526719923;35638.34526719923;35638.34526719923;35638.34526719923;35638.34526719923;35638.34526719923;35638.34526719923;35638.34526719923;35638.34526719923;35638.34526719923;35638.34526719923;35638.34526719923;35638.34526719923;35638.34526719923;35638.34526719923;35638.34526719923;35638.34526719923;35638.34526719923;35638.34526719923;35638.34526719923;35638.34526719923;35638.34526719923;35638.34526719923;35638.34526719923;35638.34526719923;
72900.00000000003;35640.0;35640.0;35640.0;35640.0;35638.338457599224;35638.338457599224;35638.338457599224;35638.338457599224;35638.338457599224;35638.338457599224;35638.338457599224;35638.338457599224;35638.338457599224;35638.338457599224;35638.338457599224;35638.338457599224;35638.338457599224;35638.338457599224;35638.338457599224;35638.338457599224;35638.338457599224;35638.338457599224;35638.338457599224;35638.338457599224;35638.338457599224;35638.338457599224;35638.338457599224;35638.338457599224;35638.338457599224;35638.338457599224;35638.338457599224;35638.338457599224;35638.338457599224;35638.338457599224;35638.338457599224;35638.338457599224;35638.338457599224;35638.338457599224;35638.338457599224;35638.338457599224;35638.338457599224;35638.338457599224;35638.338457599224;35638.338457599224;
72900.38454279448;35640.0;35640.0;35640.0;35640.0;35638.338457599224;35638.338457599224;35638.338457599224;35638.338457599224;35638.338457599224;35638.338457599224;35638.338457599224;35638.338457599224;35638.338457599224;35638.338457599224;35638.338457599224;35638.338457599224;35638.338457599224;35638.338457599224;35638.338457599224;35638.338457599224;35638.338457599224;35638.338457599224;35638.338457599224;35638.338457599224;35638.338457599224;35638.338457599224;35638.338457599224;35638.338457599224;35638.338457599224;35638.338457599224;35638.338457599224;35638.338457599224;35638.338457599224;35638.338457599224;35638.338457599224;35638.338457599224;35638.338457599224;35638.338457599224;35638.338457599224;35638.338457599224;35638.338457599224;35638.338457599224;35638.338457599224;35638.338457599224;
73200.00000000003;35640.0;35640.0;35640.0;35640.0;35638.338457599224;35638.338457599224;35638.338457599224;35638.338457599224;35638.338457599224;35638.338457599224;35638.338457599224;35638.338457599224;35638.338457599224;35638.338457599224;35638.338457599224;35638.338457599224;35638.338457599224;35638.338457599224;35638.338457599224;35638.338457599224;35638.338457599224;35638.338457599224;35638.338457599224;35638.338457599224;35638.338457599224;35638.338457599224;35638.338457599224;35638.338457599224;35638.338457599224;35638.338457599224;35638.338457599224;35638.338457599224;35638.338457599224;35638.338457599224;35638.338457599224;35638.338457599224;35638.338457599224;35638.338457599224;35638.338457599224;35638.338457599224;35638.338457599224;35638.338457599224;35638.338457599224;35638.338457599224;
73200.00000000003;35640.0;35640.0;35640.0;35640.0;35638.33164799922;35638.33164799922;35638.33164799922;35638.33164799922;35638.33164799922;35638.33164799922;35638.33164799922;35638.33164799922;35638.33164799922;35638.33164799922;35638.33164799922;35638.33164799922;35638.33164799922;35638.33164799922;35638.33164799922;35638.33164799922;35638.33164799922;35638.33164799922;35638.33164799922;35638.33164799922;35638.33164799922;35638.33164799922;35638.33164799922;35638.33164799922;35638.33164799922;35638.33164799922;35638.33164799922;35638.33164799922;35638.33164799922;35638.33164799922;35638.33164799922;35638.33164799922;35638.33164799922;35638.33164799922;35638.33164799922;35638.33164799922;35638.33164799922;35638.33164799922;35638.33164799922;35638.33164799922;
73200.38454279448;35640.0;35640.0;35640.0;35640.0;35638.33164799922;35638.33164799922;35638.33164799922;35638.33164799922;35638.33164799922;35638.33164799922;35638.33164799922;35638.33164799922;35638.33164799922;35638.33164799922;35638.33164799922;35638.33164799922;35638.33164799922;35638.33164799922;35638.33164799922;35638.33164799922;35638.33164799922;35638.33164799922;35638.33164799922;35638.33164799922;35638.33164799922;35638.33164799922;35638.33164799922;35638.33164799922;35638.33164799922;35638.33164799922;35638.33164799922;35638.33164799922;35638.33164799922;35638.33164799922;35638.33164799922;35638.33164799922;35638.33164799922;35638.33164799922;35638.33164799922;35638.33164799922;35638.33164799922;35638.33164799922;35638.33164799922;35638.33164799922;
73500.00000000003;35640.0;35640.0;35640.0;35640.0;35638.33164799922;35638.33164799922;35638.33164799922;35638.33164799922;35638.33164799922;35638.33164799922;35638.33164799922;35638.33164799922;35638.33164799922;35638.33164799922;35638.33164799922;35638.33164799922;35638.33164799922;35638.33164799922;35638.33164799922;35638.33164799922;35638.33164799922;35638.33164799922;35638.33164799922;35638.33164799922;35638.33164799922;35638.33164799922;35638.33164799922;35638.33164799922;35638.33164799922;35638.33164799922;35638.33164799922;35638.33164799922;35638.33164799922;35638.33164799922;35638.33164799922;35638.33164799922;35638.33164799922;35638.33164799922;35638.33164799922;35638.33164799922;35638.33164799922;35638.33164799922;35638.33164799922;35638.33164799922;
73500.00000000003;35640.0;35640.0;35640.0;35640.0;35638.32483839922;35638.32483839922;35638.32483839922;35638.32483839922;35638.32483839922;35638.32483839922;35638.32483839922;35638.32483839922;35638.32483839922;35638.32483839922;35638.32483839922;35638.32483839922;35638.32483839922;35638.32483839922;35638.32483839922;35638.32483839922;35638.32483839922;35638.32483839922;35638.32483839922;35638.32483839922;35638.32483839922;35638.32483839922;35638.32483839922;35638.32483839922;35638.32483839922;35638.32483839922;35638.32483839922;35638.32483839922;35638.32483839922;35638.32483839922;35638.32483839922;35638.32483839922;35638.32483839922;35638.32483839922;35638.32483839922;35638.32483839922;35638.32483839922;35638.32483839922;35638.32483839922;35638.32483839922;
73500.00000000003;35640.0;35640.0;35640.0;35640.0;35638.32483839922;35638.32483839922;35638.32483839922;35638.32483839922;35638.32483839922;35638.32483839922;35638.32483839922;35638.32483839922;35638.32483839922;35638.32483839922;35638.32483839922;35638.32483839922;35638.32483839922;35638.32483839922;35638.32483839922;35638.32483839922;35638.32483839922;35638.32483839922;35638.32483839922;35638.32483839922;35638.32483839922;35638.32483839922;35638.32483839922;35638.32483839922;35638.32483839922;35638.32483839922;35638.32483839922;35638.32483839922;35638.32483839922;35638.32483839922;35638.32483839922;35638.32483839922;35638.32483839922;35638.32483839922;35638.32483839922;35638.32483839922;35638.32483839922;35638.32483839922;35638.32483839922;35638.32483839922;
73500.38454279446;35640.0;35640.0;35640.0;35640.0;35638.32483839922;35638.32483839922;35638.32483839922;35638.32483839922;35638.32483839922;35638.32483839922;35638.32483839922;35638.32483839922;35638.32483839922;35638.32483839922;35638.32483839922;35638.32483839922;35638.32483839922;35638.32483839922;35638.32483839922;35638.32483839922;35638.32483839922;35638.32483839922;35638.32483839922;35638.32483839922;35638.32483839922;35638.32483839922;35638.32483839922;35638.32483839922;35638.32483839922;35638.32483839922;35638.32483839922;35638.32483839922;35638.32483839922;35638.32483839922;35638.32483839922;35638.32483839922;35638.32483839922;35638.32483839922;35638.32483839922;35638.32483839922;35638.32483839922;35638.32483839922;35638.32483839922;35638.32483839922;
73800.00000000001;35640.0;35640.0;35640.0;35640.0;35638.32483839922;35638.32483839922;35638.32483839922;35638.32483839922;35638.32483839922;35638.32483839922;35638.32483839922;35638.32483839922;35638.32483839922;35638.32483839922;35638.32483839922;35638.32483839922;35638.32483839922;35638.32483839922;35638.32483839922;35638.32483839922;35638.32483839922;35638.32483839922;35638.32483839922;35638.32483839922;35638.32483839922;35638.32483839922;35638.32483839922;35638.32483839922;35638.32483839922;35638.32483839922;35638.32483839922;35638.32483839922;35638.32483839922;35638.32483839922;35638.32483839922;35638.32483839922;35638.32483839922;35638.32483839922;35638.32483839922;35638.32483839922;35638.32483839922;35638.32483839922;35638.32483839922;35638.32483839922;
73800.00000000001;35640.0;35640.0;35640.0;35640.0;35638.318028799215;35638.318028799215;35638.318028799215;35638.318028799215;35638.318028799215;35638.318028799215;35638.318028799215;35638.318028799215;35638.318028799215;35638.318028799215;35638.318028799215;35638.318028799215;35638.318028799215;35638.318028799215;35638.318028799215;35638.318028799215;35638.318028799215;35638.318028799215;35638.318028799215;35638.318028799215;35638.318028799215;35638.318028799215;35638.318028799215;35638.318028799215;35638.318028799215;35638.318028799215;35638.318028799215;35638.318028799215;35638.318028799215;35638.318028799215;35638.318028799215;35638.318028799215;35638.318028799215;35638.318028799215;35638.318028799215;35638.318028799215;35638.318028799215;35638.318028799215;35638.318028799215;35638.318028799215;
73800.38454279446;35640.0;35640.0;35640.0;35640.0;35638.318028799215;35638.318028799215;35638.318028799215;35638.318028799215;35638.318028799215;35638.318028799215;35638.318028799215;35638.318028799215;35638.318028799215;35638.318028799215;35638.318028799215;35638.318028799215;35638.318028799215;35638.318028799215;35638.318028799215;35638.318028799215;35638.318028799215;35638.318028799215;35638.318028799215;35638.318028799215;35638.318028799215;35638.318028799215;35638.318028799215;35638.318028799215;35638.318028799215;35638.318028799215;35638.318028799215;35638.318028799215;35638.318028799215;35638.318028799215;35638.318028799215;35638.318028799215;35638.318028799215;35638.318028799215;35638.318028799215;35638.318028799215;35638.318028799215;35638.318028799215;35638.318028799215;35638.318028799215;
74100.00000000001;35640.0;35640.0;35640.0;35640.0;35638.318028799215;35638.318028799215;35638.318028799215;35638.318028799215;35638.318028799215;35638.318028799215;35638.318028799215;35638.318028799215;35638.318028799215;35638.318028799215;35638.318028799215;35638.318028799215;35638.318028799215;35638.318028799215;35638.318028799215;35638.318028799215;35638.318028799215;35638.318028799215;35638.318028799215;35638.318028799215;35638.318028799215;35638.318028799215;35638.318028799215;35638.318028799215;35638.318028799215;35638.318028799215;35638.318028799215;35638.318028799215;35638.318028799215;35638.318028799215;35638.318028799215;35638.318028799215;35638.318028799215;35638.318028799215;35638.318028799215;35638.318028799215;35638.318028799215;35638.318028799215;35638.318028799215;35638.318028799215;
74100.00000000001;35640.0;35640.0;35640.0;35640.0;35638.31121919921;35638.31121919921;35638.31121919921;35638.31121919921;35638.31121919921;35638.31121919921;35638.31121919921;35638.31121919921;35638.31121919921;35638.31121919921;35638.31121919921;35638.31121919921;35638.31121919921;35638.31121919921;35638.31121919921;35638.31121919921;35638.31121919921;35638.31121919921;35638.31121919921;35638.31121919921;35638.31121919921;35638.31121919921;35638.31121919921;35638.31121919921;35638.31121919921;35638.31121919921;35638.31121919921;35638.31121919921;35638.31121919921;35638.31121919921;35638.31121919921;35638.31121919921;35638.31121919921;35638.31121919921;35638.31121919921;35638.31121919921;35638.31121919921;35638.31121919921;35638.31121919921;35638.31121919921;
74100.38454279446;35640.0;35640.0;35640.0;35640.0;35638.31121919921;35638.31121919921;35638.31121919921;35638.31121919921;35638.31121919921;35638.31121919921;35638.31121919921;35638.31121919921;35638.31121919921;35638.31121919921;35638.31121919921;35638.31121919921;35638.31121919921;35638.31121919921;35638.31121919921;35638.31121919921;35638.31121919921;35638.31121919921;35638.31121919921;35638.31121919921;35638.31121919921;35638.31121919921;35638.31121919921;35638.31121919921;35638.31121919921;35638.31121919921;35638.31121919921;35638.31121919921;35638.31121919921;35638.31121919921;35638.31121919921;35638.31121919921;35638.31121919921;35638.31121919921;35638.31121919921;35638.31121919921;35638.31121919921;35638.31121919921;35638.31121919921;35638.31121919921;
74400.00000000001;35640.0;35640.0;35640.0;35640.0;35638.31121919921;35638.31121919921;35638.31121919921;35638.31121919921;35638.31121919921;35638.31121919921;35638.31121919921;35638.31121919921;35638.31121919921;35638.31121919921;35638.31121919921;35638.31121919921;35638.31121919921;35638.31121919921;35638.31121919921;35638.31121919921;35638.31121919921;35638.31121919921;35638.31121919921;35638.31121919921;35638.31121919921;35638.31121919921;35638.31121919921;35638.31121919921;35638.31121919921;35638.31121919921;35638.31121919921;35638.31121919921;35638.31121919921;35638.31121919921;35638.31121919921;35638.31121919921;35638.31121919921;35638.31121919921;35638.31121919921;35638.31121919921;35638.31121919921;35638.31121919921;35638.31121919921;35638.31121919921;
74400.00000000001;35640.0;35640.0;35640.0;35640.0;35638.30440959921;35638.30440959921;35638.30440959921;35638.30440959921;35638.30440959921;35638.30440959921;35638.30440959921;35638.30440959921;35638.30440959921;35638.30440959921;35638.30440959921;35638.30440959921;35638.30440959921;35638.30440959921;35638.30440959921;35638.30440959921;35638.30440959921;35638.30440959921;35638.30440959921;35638.30440959921;35638.30440959921;35638.30440959921;35638.30440959921;35638.30440959921;35638.30440959921;35638.30440959921;35638.30440959921;35638.30440959921;35638.30440959921;35638.30440959921;35638.30440959921;35638.30440959921;35638.30440959921;35638.30440959921;35638.30440959921;35638.30440959921;35638.30440959921;35638.30440959921;35638.30440959921;35638.30440959921;
74400.38454279446;35640.0;35640.0;35640.0;35640.0;35638.30440959921;35638.30440959921;35638.30440959921;35638.30440959921;35638.30440959921;35638.30440959921;35638.30440959921;35638.30440959921;35638.30440959921;35638.30440959921;35638.30440959921;35638.30440959921;35638.30440959921;35638.30440959921;35638.30440959921;35638.30440959921;35638.30440959921;35638.30440959921;35638.30440959921;35638.30440959921;35638.30440959921;35638.30440959921;35638.30440959921;35638.30440959921;35638.30440959921;35638.30440959921;35638.30440959921;35638.30440959921;35638.30440959921;35638.30440959921;35638.30440959921;35638.30440959921;35638.30440959921;35638.30440959921;35638.30440959921;35638.30440959921;35638.30440959921;35638.30440959921;35638.30440959921;35638.30440959921;
74700.00000000001;35640.0;35640.0;35640.0;35640.0;35638.30440959921;35638.30440959921;35638.30440959921;35638.30440959921;35638.30440959921;35638.30440959921;35638.30440959921;35638.30440959921;35638.30440959921;35638.30440959921;35638.30440959921;35638.30440959921;35638.30440959921;35638.30440959921;35638.30440959921;35638.30440959921;35638.30440959921;35638.30440959921;35638.30440959921;35638.30440959921;35638.30440959921;35638.30440959921;35638.30440959921;35638.30440959921;35638.30440959921;35638.30440959921;35638.30440959921;35638.30440959921;35638.30440959921;35638.30440959921;35638.30440959921;35638.30440959921;35638.30440959921;35638.30440959921;35638.30440959921;35638.30440959921;35638.30440959921;35638.30440959921;35638.30440959921;35638.30440959921;
74700.00000000001;35640.0;35640.0;35640.0;35640.0;35638.297599999205;35638.297599999205;35638.297599999205;35638.297599999205;35638.297599999205;35638.297599999205;35638.297599999205;35638.297599999205;35638.297599999205;35638.297599999205;35638.297599999205;35638.297599999205;35638.297599999205;35638.297599999205;35638.297599999205;35638.297599999205;35638.297599999205;35638.297599999205;35638.297599999205;35638.297599999205;35638.297599999205;35638.297599999205;35638.297599999205;35638.297599999205;35638.297599999205;35638.297599999205;35638.297599999205;35638.297599999205;35638.297599999205;35638.297599999205;35638.297599999205;35638.297599999205;35638.297599999205;35638.297599999205;35638.297599999205;35638.297599999205;35638.297599999205;35638.297599999205;35638.297599999205;35638.297599999205;
74700.38454279446;35640.0;35640.0;35640.0;35640.0;35638.297599999205;35638.297599999205;35638.297599999205;35638.297599999205;35638.297599999205;35638.297599999205;35638.297599999205;35638.297599999205;35638.297599999205;35638.297599999205;35638.297599999205;35638.297599999205;35638.297599999205;35638.297599999205;35638.297599999205;35638.297599999205;35638.297599999205;35638.297599999205;35638.297599999205;35638.297599999205;35638.297599999205;35638.297599999205;35638.297599999205;35638.297599999205;35638.297599999205;35638.297599999205;35638.297599999205;35638.297599999205;35638.297599999205;35638.297599999205;35638.297599999205;35638.297599999205;35638.297599999205;35638.297599999205;35638.297599999205;35638.297599999205;35638.297599999205;35638.297599999205;35638.297599999205;35638.297599999205;
75000.00000000001;35640.0;35640.0;35640.0;35640.0;35638.297599999205;35638.297599999205;35638.297599999205;35638.297599999205;35638.297599999205;35638.297599999205;35638.297599999205;35638.297599999205;35638.297599999205;35638.297599999205;35638.297599999205;35638.297599999205;35638.297599999205;35638.297599999205;35638.297599999205;35638.297599999205;35638.297599999205;35638.297599999205;35638.297599999205;35638.297599999205;35638.297599999205;35638.297599999205;35638.297599999205;35638.297599999205;35638.297599999205;35638.297599999205;35638.297599999205;35638.297599999205;35638.297599999205;35638.297599999205;35638.297599999205;35638.297599999205;35638.297599999205;35638.297599999205;35638.297599999205;35638.297599999205;35638.297599999205;35638.297599999205;35638.297599999205;35638.297599999205;
75000.00000000001;35640.0;35640.0;35640.0;35640.0;35638.2907903992;35638.2907903992;35638.2907903992;35638.2907903992;35638.2907903992;35638.2907903992;35638.2907903992;35638.2907903992;35638.2907903992;35638.2907903992;35638.2907903992;35638.2907903992;35638.2907903992;35638.2907903992;35638.2907903992;35638.2907903992;35638.2907903992;35638.2907903992;35638.2907903992;35638.2907903992;35638.2907903992;35638.2907903992;35638.2907903992;35638.2907903992;35638.2907903992;35638.2907903992;35638.2907903992;35638.2907903992;35638.2907903992;35638.2907903992;35638.2907903992;35638.2907903992;35638.2907903992;35638.2907903992;35638.2907903992;35638.2907903992;35638.2907903992;35638.2907903992;35638.2907903992;35638.2907903992;
75000.38454279446;35640.0;35640.0;35640.0;35640.0;35638.2907903992;35638.2907903992;35638.2907903992;35638.2907903992;35638.2907903992;35638.2907903992;35638.2907903992;35638.2907903992;35638.2907903992;35638.2907903992;35638.2907903992;35638.2907903992;35638.2907903992;35638.2907903992;35638.2907903992;35638.2907903992;35638.2907903992;35638.2907903992;35638.2907903992;35638.2907903992;35638.2907903992;35638.2907903992;35638.2907903992;35638.2907903992;35638.2907903992;35638.2907903992;35638.2907903992;35638.2907903992;35638.2907903992;35638.2907903992;35638.2907903992;35638.2907903992;35638.2907903992;35638.2907903992;35638.2907903992;35638.2907903992;35638.2907903992;35638.2907903992;35638.2907903992;35638.2907903992;
75300.00000000001;35640.0;35640.0;35640.0;35640.0;35638.2907903992;35638.2907903992;35638.2907903992;35638.2907903992;35638.2907903992;35638.2907903992;35638.2907903992;35638.2907903992;35638.2907903992;35638.2907903992;35638.2907903992;35638.2907903992;35638.2907903992;35638.2907903992;35638.2907903992;35638.2907903992;35638.2907903992;35638.2907903992;35638.2907903992;35638.2907903992;35638.2907903992;35638.2907903992;35638.2907903992;35638.2907903992;35638.2907903992;35638.2907903992;35638.2907903992;35638.2907903992;35638.2907903992;35638.2907903992;35638.2907903992;35638.2907903992;35638.2907903992;35638.2907903992;35638.2907903992;35638.2907903992;35638.2907903992;35638.2907903992;35638.2907903992;35638.2907903992;
75300.00000000001;35640.0;35640.0;35640.0;35640.0;35638.2839807992;35638.2839807992;35638.2839807992;35638.2839807992;35638.2839807992;35638.2839807992;35638.2839807992;35638.2839807992;35638.2839807992;35638.2839807992;35638.2839807992;35638.2839807992;35638.2839807992;35638.2839807992;35638.2839807992;35638.2839807992;35638.2839807992;35638.2839807992;35638.2839807992;35638.2839807992;35638.2839807992;35638.2839807992;35638.2839807992;35638.2839807992;35638.2839807992;35638.2839807992;35638.2839807992;35638.2839807992;35638.2839807992;35638.2839807992;35638.2839807992;35638.2839807992;35638.2839807992;35638.2839807992;35638.2839807992;35638.2839807992;35638.2839807992;35638.2839807992;35638.2839807992;35638.2839807992;
75300.38454279446;35640.0;35640.0;35640.0;35640.0;35638.2839807992;35638.2839807992;35638.2839807992;35638.2839807992;35638.2839807992;35638.2839807992;35638.2839807992;35638.2839807992;35638.2839807992;35638.2839807992;35638.2839807992;35638.2839807992;35638.2839807992;35638.2839807992;35638.2839807992;35638.2839807992;35638.2839807992;35638.2839807992;35638.2839807992;35638.2839807992;35638.2839807992;35638.2839807992;35638.2839807992;35638.2839807992;35638.2839807992;35638.2839807992;35638.2839807992;35638.2839807992;35638.2839807992;35638.2839807992;35638.2839807992;35638.2839807992;35638.2839807992;35638.2839807992;35638.2839807992;35638.2839807992;35638.2839807992;35638.2839807992;35638.2839807992;35638.2839807992;
75600.00000000001;35640.0;35640.0;35640.0;35640.0;35638.2839807992;35638.2839807992;35638.2839807992;35638.2839807992;35638.2839807992;35638.2839807992;35638.2839807992;35638.2839807992;35638.2839807992;35638.2839807992;35638.2839807992;35638.2839807992;35638.2839807992;35638.2839807992;35638.2839807992;35638.2839807992;35638.2839807992;35638.2839807992;35638.2839807992;35638.2839807992;35638.2839807992;35638.2839807992;35638.2839807992;35638.2839807992;35638.2839807992;35638.2839807992;35638.2839807992;35638.2839807992;35638.2839807992;35638.2839807992;35638.2839807992;35638.2839807992;35638.2839807992;35638.2839807992;35638.2839807992;35638.2839807992;35638.2839807992;35638.2839807992;35638.2839807992;35638.2839807992;
75600.00000000001;35640.0;35640.0;35640.0;35640.0;35638.277171199195;35638.277171199195;35638.277171199195;35638.277171199195;35638.277171199195;35638.277171199195;35638.277171199195;35638.277171199195;35638.277171199195;35638.277171199195;35638.277171199195;35638.277171199195;35638.277171199195;35638.277171199195;35638.277171199195;35638.277171199195;35638.277171199195;35638.277171199195;35638.277171199195;35638.277171199195;35638.277171199195;35638.277171199195;35638.277171199195;35638.277171199195;35638.277171199195;35638.277171199195;35638.277171199195;35638.277171199195;35638.277171199195;35638.277171199195;35638.277171199195;35638.277171199195;35638.277171199195;35638.277171199195;35638.277171199195;35638.277171199195;35638.277171199195;35638.277171199195;35638.277171199195;35638.277171199195;
75600.38454279446;35640.0;35640.0;35640.0;35640.0;35638.277171199195;35638.277171199195;35638.277171199195;35638.277171199195;35638.277171199195;35638.277171199195;35638.277171199195;35638.277171199195;35638.277171199195;35638.277171199195;35638.277171199195;35638.277171199195;35638.277171199195;35638.277171199195;35638.277171199195;35638.277171199195;35638.277171199195;35638.277171199195;35638.277171199195;35638.277171199195;35638.277171199195;35638.277171199195;35638.277171199195;35638.277171199195;35638.277171199195;35638.277171199195;35638.277171199195;35638.277171199195;35638.277171199195;35638.277171199195;35638.277171199195;35638.277171199195;35638.277171199195;35638.277171199195;35638.277171199195;35638.277171199195;35638.277171199195;35638.277171199195;35638.277171199195;35638.277171199195;
75900.00000000001;35640.0;35640.0;35640.0;35640.0;35638.277171199195;35638.277171199195;35638.277171199195;35638.277171199195;35638.277171199195;35638.277171199195;35638.277171199195;35638.277171199195;35638.277171199195;35638.277171199195;35638.277171199195;35638.277171199195;35638.277171199195;35638.277171199195;35638.277171199195;35638.277171199195;35638.277171199195;35638.277171199195;35638.277171199195;35638.277171199195;35638.277171199195;35638.277171199195;35638.277171199195;35638.277171199195;35638.277171199195;35638.277171199195;35638.277171199195;35638.277171199195;35638.277171199195;35638.277171199195;35638.277171199195;35638.277171199195;35638.277171199195;35638.277171199195;35638.277171199195;35638.277171199195;35638.277171199195;35638.277171199195;35638.277171199195;35638.277171199195;
75900.00000000001;35640.0;35640.0;35640.0;35640.0;35638.27036159919;35638.27036159919;35638.27036159919;35638.27036159919;35638.27036159919;35638.27036159919;35638.27036159919;35638.27036159919;35638.27036159919;35638.27036159919;35638.27036159919;35638.27036159919;35638.27036159919;35638.27036159919;35638.27036159919;35638.27036159919;35638.27036159919;35638.27036159919;35638.27036159919;35638.27036159919;35638.27036159919;35638.27036159919;35638.27036159919;35638.27036159919;35638.27036159919;35638.27036159919;35638.27036159919;35638.27036159919;35638.27036159919;35638.27036159919;35638.27036159919;35638.27036159919;35638.27036159919;35638.27036159919;35638.27036159919;35638.27036159919;35638.27036159919;35638.27036159919;35638.27036159919;35638.27036159919;
75900.38454279446;35640.0;35640.0;35640.0;35640.0;35638.27036159919;35638.27036159919;35638.27036159919;35638.27036159919;35638.27036159919;35638.27036159919;35638.27036159919;35638.27036159919;35638.27036159919;35638.27036159919;35638.27036159919;35638.27036159919;35638.27036159919;35638.27036159919;35638.27036159919;35638.27036159919;35638.27036159919;35638.27036159919;35638.27036159919;35638.27036159919;35638.27036159919;35638.27036159919;35638.27036159919;35638.27036159919;35638.27036159919;35638.27036159919;35638.27036159919;35638.27036159919;35638.27036159919;35638.27036159919;35638.27036159919;35638.27036159919;35638.27036159919;35638.27036159919;35638.27036159919;35638.27036159919;35638.27036159919;35638.27036159919;35638.27036159919;35638.27036159919;
76200.00000000001;35640.0;35640.0;35640.0;35640.0;35638.27036159919;35638.27036159919;35638.27036159919;35638.27036159919;35638.27036159919;35638.27036159919;35638.27036159919;35638.27036159919;35638.27036159919;35638.27036159919;35638.27036159919;35638.27036159919;35638.27036159919;35638.27036159919;35638.27036159919;35638.27036159919;35638.27036159919;35638.27036159919;35638.27036159919;35638.27036159919;35638.27036159919;35638.27036159919;35638.27036159919;35638.27036159919;35638.27036159919;35638.27036159919;35638.27036159919;35638.27036159919;35638.27036159919;35638.27036159919;35638.27036159919;35638.27036159919;35638.27036159919;35638.27036159919;35638.27036159919;35638.27036159919;35638.27036159919;35638.27036159919;35638.27036159919;35638.27036159919;
76200.00000000001;35640.0;35640.0;35640.0;35640.0;35638.26355199919;35638.26355199919;35638.26355199919;35638.26355199919;35638.26355199919;35638.26355199919;35638.26355199919;35638.26355199919;35638.26355199919;35638.26355199919;35638.26355199919;35638.26355199919;35638.26355199919;35638.26355199919;35638.26355199919;35638.26355199919;35638.26355199919;35638.26355199919;35638.26355199919;35638.26355199919;35638.26355199919;35638.26355199919;35638.26355199919;35638.26355199919;35638.26355199919;35638.26355199919;35638.26355199919;35638.26355199919;35638.26355199919;35638.26355199919;35638.26355199919;35638.26355199919;35638.26355199919;35638.26355199919;35638.26355199919;35638.26355199919;35638.26355199919;35638.26355199919;35638.26355199919;35638.26355199919;
76200.38454279446;35640.0;35640.0;35640.0;35640.0;35638.26355199919;35638.26355199919;35638.26355199919;35638.26355199919;35638.26355199919;35638.26355199919;35638.26355199919;35638.26355199919;35638.26355199919;35638.26355199919;35638.26355199919;35638.26355199919;35638.26355199919;35638.26355199919;35638.26355199919;35638.26355199919;35638.26355199919;35638.26355199919;35638.26355199919;35638.26355199919;35638.26355199919;35638.26355199919;35638.26355199919;35638.26355199919;35638.26355199919;35638.26355199919;35638.26355199919;35638.26355199919;35638.26355199919;35638.26355199919;35638.26355199919;35638.26355199919;35638.26355199919;35638.26355199919;35638.26355199919;35638.26355199919;35638.26355199919;35638.26355199919;35638.26355199919;35638.26355199919;
76500.00000000001;35640.0;35640.0;35640.0;35640.0;35638.26355199919;35638.26355199919;35638.26355199919;35638.26355199919;35638.26355199919;35638.26355199919;35638.26355199919;35638.26355199919;35638.26355199919;35638.26355199919;35638.26355199919;35638.26355199919;35638.26355199919;35638.26355199919;35638.26355199919;35638.26355199919;35638.26355199919;35638.26355199919;35638.26355199919;35638.26355199919;35638.26355199919;35638.26355199919;35638.26355199919;35638.26355199919;35638.26355199919;35638.26355199919;35638.26355199919;35638.26355199919;35638.26355199919;35638.26355199919;35638.26355199919;35638.26355199919;35638.26355199919;35638.26355199919;35638.26355199919;35638.26355199919;35638.26355199919;35638.26355199919;35638.26355199919;35638.26355199919;
76500.00000000001;35640.0;35640.0;35640.0;35640.0;35638.256742399186;35638.256742399186;35638.256742399186;35638.256742399186;35638.256742399186;35638.256742399186;35638.256742399186;35638.256742399186;35638.256742399186;35638.256742399186;35638.256742399186;35638.256742399186;35638.256742399186;35638.256742399186;35638.256742399186;35638.256742399186;35638.256742399186;35638.256742399186;35638.256742399186;35638.256742399186;35638.256742399186;35638.256742399186;35638.256742399186;35638.256742399186;35638.256742399186;35638.256742399186;35638.256742399186;35638.256742399186;35638.256742399186;35638.256742399186;35638.256742399186;35638.256742399186;35638.256742399186;35638.256742399186;35638.256742399186;35638.256742399186;35638.256742399186;35638.256742399186;35638.256742399186;35638.256742399186;
76500.00000000001;35640.0;35640.0;35640.0;35640.0;35638.256742399186;35638.256742399186;35638.256742399186;35638.256742399186;35638.256742399186;35638.256742399186;35638.256742399186;35638.256742399186;35638.256742399186;35638.256742399186;35638.256742399186;35638.256742399186;35638.256742399186;35638.256742399186;35638.256742399186;35638.256742399186;35638.256742399186;35638.256742399186;35638.256742399186;35638.256742399186;35638.256742399186;35638.256742399186;35638.256742399186;35638.256742399186;35638.256742399186;35638.256742399186;35638.256742399186;35638.256742399186;35638.256742399186;35638.256742399186;35638.256742399186;35638.256742399186;35638.256742399186;35638.256742399186;35638.256742399186;35638.256742399186;35638.256742399186;35638.256742399186;35638.256742399186;35638.256742399186;
76500.38454279445;35640.0;35640.0;35640.0;35640.0;35638.256742399186;35638.256742399186;35638.256742399186;35638.256742399186;35638.256742399186;35638.256742399186;35638.256742399186;35638.256742399186;35638.256742399186;35638.256742399186;35638.256742399186;35638.256742399186;35638.256742399186;35638.256742399186;35638.256742399186;35638.256742399186;35638.256742399186;35638.256742399186;35638.256742399186;35638.256742399186;35638.256742399186;35638.256742399186;35638.256742399186;35638.256742399186;35638.256742399186;35638.256742399186;35638.256742399186;35638.256742399186;35638.256742399186;35638.256742399186;35638.256742399186;35638.256742399186;35638.256742399186;35638.256742399186;35638.256742399186;35638.256742399186;35638.256742399186;35638.256742399186;35638.256742399186;35638.256742399186;
76800.0;35640.0;35640.0;35640.0;35640.0;35638.256742399186;35638.256742399186;35638.256742399186;35638.256742399186;35638.256742399186;35638.256742399186;35638.256742399186;35638.256742399186;35638.256742399186;35638.256742399186;35638.256742399186;35638.256742399186;35638.256742399186;35638.256742399186;35638.256742399186;35638.256742399186;35638.256742399186;35638.256742399186;35638.256742399186;35638.256742399186;35638.256742399186;35638.256742399186;35638.256742399186;35638.256742399186;35638.256742399186;35638.256742399186;35638.256742399186;35638.256742399186;35638.256742399186;35638.256742399186;35638.256742399186;35638.256742399186;35638.256742399186;35638.256742399186;35638.256742399186;35638.256742399186;35638.256742399186;35638.256742399186;35638.256742399186;35638.256742399186;
76800.0;35640.0;35640.0;35640.0;35640.0;35638.24993279918;35638.24993279918;35638.24993279918;35638.24993279918;35638.24993279918;35638.24993279918;35638.24993279918;35638.24993279918;35638.24993279918;35638.24993279918;35638.24993279918;35638.24993279918;35638.24993279918;35638.24993279918;35638.24993279918;35638.24993279918;35638.24993279918;35638.24993279918;35638.24993279918;35638.24993279918;35638.24993279918;35638.24993279918;35638.24993279918;35638.24993279918;35638.24993279918;35638.24993279918;35638.24993279918;35638.24993279918;35638.24993279918;35638.24993279918;35638.24993279918;35638.24993279918;35638.24993279918;35638.24993279918;35638.24993279918;35638.24993279918;35638.24993279918;35638.24993279918;35638.24993279918;35638.24993279918;
76800.38454279445;35640.0;35640.0;35640.0;35640.0;35638.24993279918;35638.24993279918;35638.24993279918;35638.24993279918;35638.24993279918;35638.24993279918;35638.24993279918;35638.24993279918;35638.24993279918;35638.24993279918;35638.24993279918;35638.24993279918;35638.24993279918;35638.24993279918;35638.24993279918;35638.24993279918;35638.24993279918;35638.24993279918;35638.24993279918;35638.24993279918;35638.24993279918;35638.24993279918;35638.24993279918;35638.24993279918;35638.24993279918;35638.24993279918;35638.24993279918;35638.24993279918;35638.24993279918;35638.24993279918;35638.24993279918;35638.24993279918;35638.24993279918;35638.24993279918;35638.24993279918;35638.24993279918;35638.24993279918;35638.24993279918;35638.24993279918;35638.24993279918;
77100.0;35640.0;35640.0;35640.0;35640.0;35638.24993279918;35638.24993279918;35638.24993279918;35638.24993279918;35638.24993279918;35638.24993279918;35638.24993279918;35638.24993279918;35638.24993279918;35638.24993279918;35638.24993279918;35638.24993279918;35638.24993279918;35638.24993279918;35638.24993279918;35638.24993279918;35638.24993279918;35638.24993279918;35638.24993279918;35638.24993279918;35638.24993279918;35638.24993279918;35638.24993279918;35638.24993279918;35638.24993279918;35638.24993279918;35638.24993279918;35638.24993279918;35638.24993279918;35638.24993279918;35638.24993279918;35638.24993279918;35638.24993279918;35638.24993279918;35638.24993279918;35638.24993279918;35638.24993279918;35638.24993279918;35638.24993279918;35638.24993279918;
77100.0;35640.0;35640.0;35640.0;35640.0;35638.24312319918;35638.24312319918;35638.24312319918;35638.24312319918;35638.24312319918;35638.24312319918;35638.24312319918;35638.24312319918;35638.24312319918;35638.24312319918;35638.24312319918;35638.24312319918;35638.24312319918;35638.24312319918;35638.24312319918;35638.24312319918;35638.24312319918;35638.24312319918;35638.24312319918;35638.24312319918;35638.24312319918;35638.24312319918;35638.24312319918;35638.24312319918;35638.24312319918;35638.24312319918;35638.24312319918;35638.24312319918;35638.24312319918;35638.24312319918;35638.24312319918;35638.24312319918;35638.24312319918;35638.24312319918;35638.24312319918;35638.24312319918;35638.24312319918;35638.24312319918;35638.24312319918;35638.24312319918;
77100.38454279445;35640.0;35640.0;35640.0;35640.0;35638.24312319918;35638.24312319918;35638.24312319918;35638.24312319918;35638.24312319918;35638.24312319918;35638.24312319918;35638.24312319918;35638.24312319918;35638.24312319918;35638.24312319918;35638.24312319918;35638.24312319918;35638.24312319918;35638.24312319918;35638.24312319918;35638.24312319918;35638.24312319918;35638.24312319918;35638.24312319918;35638.24312319918;35638.24312319918;35638.24312319918;35638.24312319918;35638.24312319918;35638.24312319918;35638.24312319918;35638.24312319918;35638.24312319918;35638.24312319918;35638.24312319918;35638.24312319918;35638.24312319918;35638.24312319918;35638.24312319918;35638.24312319918;35638.24312319918;35638.24312319918;35638.24312319918;35638.24312319918;
77400.0;35640.0;35640.0;35640.0;35640.0;35638.24312319918;35638.24312319918;35638.24312319918;35638.24312319918;35638.24312319918;35638.24312319918;35638.24312319918;35638.24312319918;35638.24312319918;35638.24312319918;35638.24312319918;35638.24312319918;35638.24312319918;35638.24312319918;35638.24312319918;35638.24312319918;35638.24312319918;35638.24312319918;35638.24312319918;35638.24312319918;35638.24312319918;35638.24312319918;35638.24312319918;35638.24312319918;35638.24312319918;35638.24312319918;35638.24312319918;35638.24312319918;35638.24312319918;35638.24312319918;35638.24312319918;35638.24312319918;35638.24312319918;35638.24312319918;35638.24312319918;35638.24312319918;35638.24312319918;35638.24312319918;35638.24312319918;35638.24312319918;
77400.0;35640.0;35640.0;35640.0;35640.0;35638.236313599176;35638.236313599176;35638.236313599176;35638.236313599176;35638.236313599176;35638.236313599176;35638.236313599176;35638.236313599176;35638.236313599176;35638.236313599176;35638.236313599176;35638.236313599176;35638.236313599176;35638.236313599176;35638.236313599176;35638.236313599176;35638.236313599176;35638.236313599176;35638.236313599176;35638.236313599176;35638.236313599176;35638.236313599176;35638.236313599176;35638.236313599176;35638.236313599176;35638.236313599176;35638.236313599176;35638.236313599176;35638.236313599176;35638.236313599176;35638.236313599176;35638.236313599176;35638.236313599176;35638.236313599176;35638.236313599176;35638.236313599176;35638.236313599176;35638.236313599176;35638.236313599176;35638.236313599176;
77400.38454279445;35640.0;35640.0;35640.0;35640.0;35638.236313599176;35638.236313599176;35638.236313599176;35638.236313599176;35638.236313599176;35638.236313599176;35638.236313599176;35638.236313599176;35638.236313599176;35638.236313599176;35638.236313599176;35638.236313599176;35638.236313599176;35638.236313599176;35638.236313599176;35638.236313599176;35638.236313599176;35638.236313599176;35638.236313599176;35638.236313599176;35638.236313599176;35638.236313599176;35638.236313599176;35638.236313599176;35638.236313599176;35638.236313599176;35638.236313599176;35638.236313599176;35638.236313599176;35638.236313599176;35638.236313599176;35638.236313599176;35638.236313599176;35638.236313599176;35638.236313599176;35638.236313599176;35638.236313599176;35638.236313599176;35638.236313599176;35638.236313599176;
77700.0;35640.0;35640.0;35640.0;35640.0;35638.236313599176;35638.236313599176;35638.236313599176;35638.236313599176;35638.236313599176;35638.236313599176;35638.236313599176;35638.236313599176;35638.236313599176;35638.236313599176;35638.236313599176;35638.236313599176;35638.236313599176;35638.236313599176;35638.236313599176;35638.236313599176;35638.236313599176;35638.236313599176;35638.236313599176;35638.236313599176;35638.236313599176;35638.236313599176;35638.236313599176;35638.236313599176;35638.236313599176;35638.236313599176;35638.236313599176;35638.236313599176;35638.236313599176;35638.236313599176;35638.236313599176;35638.236313599176;35638.236313599176;35638.236313599176;35638.236313599176;35638.236313599176;35638.236313599176;35638.236313599176;35638.236313599176;35638.236313599176;
77700.0;35640.0;35640.0;35640.0;35640.0;35638.22950399917;35638.22950399917;35638.22950399917;35638.22950399917;35638.22950399917;35638.22950399917;35638.22950399917;35638.22950399917;35638.22950399917;35638.22950399917;35638.22950399917;35638.22950399917;35638.22950399917;35638.22950399917;35638.22950399917;35638.22950399917;35638.22950399917;35638.22950399917;35638.22950399917;35638.22950399917;35638.22950399917;35638.22950399917;35638.22950399917;35638.22950399917;35638.22950399917;35638.22950399917;35638.22950399917;35638.22950399917;35638.22950399917;35638.22950399917;35638.22950399917;35638.22950399917;35638.22950399917;35638.22950399917;35638.22950399917;35638.22950399917;35638.22950399917;35638.22950399917;35638.22950399917;35638.22950399917;
77700.38454279445;35640.0;35640.0;35640.0;35640.0;35638.22950399917;35638.22950399917;35638.22950399917;35638.22950399917;35638.22950399917;35638.22950399917;35638.22950399917;35638.22950399917;35638.22950399917;35638.22950399917;35638.22950399917;35638.22950399917;35638.22950399917;35638.22950399917;35638.22950399917;35638.22950399917;35638.22950399917;35638.22950399917;35638.22950399917;35638.22950399917;35638.22950399917;35638.22950399917;35638.22950399917;35638.22950399917;35638.22950399917;35638.22950399917;35638.22950399917;35638.22950399917;35638.22950399917;35638.22950399917;35638.22950399917;35638.22950399917;35638.22950399917;35638.22950399917;35638.22950399917;35638.22950399917;35638.22950399917;35638.22950399917;35638.22950399917;35638.22950399917;
78000.0;35640.0;35640.0;35640.0;35640.0;35638.22950399917;35638.22950399917;35638.22950399917;35638.22950399917;35638.22950399917;35638.22950399917;35638.22950399917;35638.22950399917;35638.22950399917;35638.22950399917;35638.22950399917;35638.22950399917;35638.22950399917;35638.22950399917;35638.22950399917;35638.22950399917;35638.22950399917;35638.22950399917;35638.22950399917;35638.22950399917;35638.22950399917;35638.22950399917;35638.22950399917;35638.22950399917;35638.22950399917;35638.22950399917;35638.22950399917;35638.22950399917;35638.22950399917;35638.22950399917;35638.22950399917;35638.22950399917;35638.22950399917;35638.22950399917;35638.22950399917;35638.22950399917;35638.22950399917;35638.22950399917;35638.22950399917;35638.22950399917;
78000.0;35640.0;35640.0;35640.0;35640.0;35638.22269439917;35638.22269439917;35638.22269439917;35638.22269439917;35638.22269439917;35638.22269439917;35638.22269439917;35638.22269439917;35638.22269439917;35638.22269439917;35638.22269439917;35638.22269439917;35638.22269439917;35638.22269439917;35638.22269439917;35638.22269439917;35638.22269439917;35638.22269439917;35638.22269439917;35638.22269439917;35638.22269439917;35638.22269439917;35638.22269439917;35638.22269439917;35638.22269439917;35638.22269439917;35638.22269439917;35638.22269439917;35638.22269439917;35638.22269439917;35638.22269439917;35638.22269439917;35638.22269439917;35638.22269439917;35638.22269439917;35638.22269439917;35638.22269439917;35638.22269439917;35638.22269439917;35638.22269439917;
78000.38454279445;35640.0;35640.0;35640.0;35640.0;35638.22269439917;35638.22269439917;35638.22269439917;35638.22269439917;35638.22269439917;35638.22269439917;35638.22269439917;35638.22269439917;35638.22269439917;35638.22269439917;35638.22269439917;35638.22269439917;35638.22269439917;35638.22269439917;35638.22269439917;35638.22269439917;35638.22269439917;35638.22269439917;35638.22269439917;35638.22269439917;35638.22269439917;35638.22269439917;35638.22269439917;35638.22269439917;35638.22269439917;35638.22269439917;35638.22269439917;35638.22269439917;35638.22269439917;35638.22269439917;35638.22269439917;35638.22269439917;35638.22269439917;35638.22269439917;35638.22269439917;35638.22269439917;35638.22269439917;35638.22269439917;35638.22269439917;35638.22269439917;
78300.0;35640.0;35640.0;35640.0;35640.0;35638.22269439917;35638.22269439917;35638.22269439917;35638.22269439917;35638.22269439917;35638.22269439917;35638.22269439917;35638.22269439917;35638.22269439917;35638.22269439917;35638.22269439917;35638.22269439917;35638.22269439917;35638.22269439917;35638.22269439917;35638.22269439917;35638.22269439917;35638.22269439917;35638.22269439917;35638.22269439917;35638.22269439917;35638.22269439917;35638.22269439917;35638.22269439917;35638.22269439917;35638.22269439917;35638.22269439917;35638.22269439917;35638.22269439917;35638.22269439917;35638.22269439917;35638.22269439917;35638.22269439917;35638.22269439917;35638.22269439917;35638.22269439917;35638.22269439917;35638.22269439917;35638.22269439917;35638.22269439917;
78300.0;35640.0;35640.0;35640.0;35640.0;35638.21588479917;35638.21588479917;35638.21588479917;35638.21588479917;35638.21588479917;35638.21588479917;35638.21588479917;35638.21588479917;35638.21588479917;35638.21588479917;35638.21588479917;35638.21588479917;35638.21588479917;35638.21588479917;35638.21588479917;35638.21588479917;35638.21588479917;35638.21588479917;35638.21588479917;35638.21588479917;35638.21588479917;35638.21588479917;35638.21588479917;35638.21588479917;35638.21588479917;35638.21588479917;35638.21588479917;35638.21588479917;35638.21588479917;35638.21588479917;35638.21588479917;35638.21588479917;35638.21588479917;35638.21588479917;35638.21588479917;35638.21588479917;35638.21588479917;35638.21588479917;35638.21588479917;35638.21588479917;
78300.38454279445;35640.0;35640.0;35640.0;35640.0;35638.21588479917;35638.21588479917;35638.21588479917;35638.21588479917;35638.21588479917;35638.21588479917;35638.21588479917;35638.21588479917;35638.21588479917;35638.21588479917;35638.21588479917;35638.21588479917;35638.21588479917;35638.21588479917;35638.21588479917;35638.21588479917;35638.21588479917;35638.21588479917;35638.21588479917;35638.21588479917;35638.21588479917;35638.21588479917;35638.21588479917;35638.21588479917;35638.21588479917;35638.21588479917;35638.21588479917;35638.21588479917;35638.21588479917;35638.21588479917;35638.21588479917;35638.21588479917;35638.21588479917;35638.21588479917;35638.21588479917;35638.21588479917;35638.21588479917;35638.21588479917;35638.21588479917;35638.21588479917;
78600.0;35640.0;35640.0;35640.0;35640.0;35638.21588479917;35638.21588479917;35638.21588479917;35638.21588479917;35638.21588479917;35638.21588479917;35638.21588479917;35638.21588479917;35638.21588479917;35638.21588479917;35638.21588479917;35638.21588479917;35638.21588479917;35638.21588479917;35638.21588479917;35638.21588479917;35638.21588479917;35638.21588479917;35638.21588479917;35638.21588479917;35638.21588479917;35638.21588479917;35638.21588479917;35638.21588479917;35638.21588479917;35638.21588479917;35638.21588479917;35638.21588479917;35638.21588479917;35638.21588479917;35638.21588479917;35638.21588479917;35638.21588479917;35638.21588479917;35638.21588479917;35638.21588479917;35638.21588479917;35638.21588479917;35638.21588479917;35638.21588479917;
78600.0;35640.0;35640.0;35640.0;35640.0;35638.20907519916;35638.20907519916;35638.20907519916;35638.20907519916;35638.20907519916;35638.20907519916;35638.20907519916;35638.20907519916;35638.20907519916;35638.20907519916;35638.20907519916;35638.20907519916;35638.20907519916;35638.20907519916;35638.20907519916;35638.20907519916;35638.20907519916;35638.20907519916;35638.20907519916;35638.20907519916;35638.20907519916;35638.20907519916;35638.20907519916;35638.20907519916;35638.20907519916;35638.20907519916;35638.20907519916;35638.20907519916;35638.20907519916;35638.20907519916;35638.20907519916;35638.20907519916;35638.20907519916;35638.20907519916;35638.20907519916;35638.20907519916;35638.20907519916;35638.20907519916;35638.20907519916;35638.20907519916;
78600.38454279445;35640.0;35640.0;35640.0;35640.0;35638.20907519916;35638.20907519916;35638.20907519916;35638.20907519916;35638.20907519916;35638.20907519916;35638.20907519916;35638.20907519916;35638.20907519916;35638.20907519916;35638.20907519916;35638.20907519916;35638.20907519916;35638.20907519916;35638.20907519916;35638.20907519916;35638.20907519916;35638.20907519916;35638.20907519916;35638.20907519916;35638.20907519916;35638.20907519916;35638.20907519916;35638.20907519916;35638.20907519916;35638.20907519916;35638.20907519916;35638.20907519916;35638.20907519916;35638.20907519916;35638.20907519916;35638.20907519916;35638.20907519916;35638.20907519916;35638.20907519916;35638.20907519916;35638.20907519916;35638.20907519916;35638.20907519916;35638.20907519916;
78900.0;35640.0;35640.0;35640.0;35640.0;35638.20907519916;35638.20907519916;35638.20907519916;35638.20907519916;35638.20907519916;35638.20907519916;35638.20907519916;35638.20907519916;35638.20907519916;35638.20907519916;35638.20907519916;35638.20907519916;35638.20907519916;35638.20907519916;35638.20907519916;35638.20907519916;35638.20907519916;35638.20907519916;35638.20907519916;35638.20907519916;35638.20907519916;35638.20907519916;35638.20907519916;35638.20907519916;35638.20907519916;35638.20907519916;35638.20907519916;35638.20907519916;35638.20907519916;35638.20907519916;35638.20907519916;35638.20907519916;35638.20907519916;35638.20907519916;35638.20907519916;35638.20907519916;35638.20907519916;35638.20907519916;35638.20907519916;35638.20907519916;
78900.0;35640.0;35640.0;35640.0;35640.0;35638.20226559916;35638.20226559916;35638.20226559916;35638.20226559916;35638.20226559916;35638.20226559916;35638.20226559916;35638.20226559916;35638.20226559916;35638.20226559916;35638.20226559916;35638.20226559916;35638.20226559916;35638.20226559916;35638.20226559916;35638.20226559916;35638.20226559916;35638.20226559916;35638.20226559916;35638.20226559916;35638.20226559916;35638.20226559916;35638.20226559916;35638.20226559916;35638.20226559916;35638.20226559916;35638.20226559916;35638.20226559916;35638.20226559916;35638.20226559916;35638.20226559916;35638.20226559916;35638.20226559916;35638.20226559916;35638.20226559916;35638.20226559916;35638.20226559916;35638.20226559916;35638.20226559916;35638.20226559916;
78900.38454279445;35640.0;35640.0;35640.0;35640.0;35638.20226559916;35638.20226559916;35638.20226559916;35638.20226559916;35638.20226559916;35638.20226559916;35638.20226559916;35638.20226559916;35638.20226559916;35638.20226559916;35638.20226559916;35638.20226559916;35638.20226559916;35638.20226559916;35638.20226559916;35638.20226559916;35638.20226559916;35638.20226559916;35638.20226559916;35638.20226559916;35638.20226559916;35638.20226559916;35638.20226559916;35638.20226559916;35638.20226559916;35638.20226559916;35638.20226559916;35638.20226559916;35638.20226559916;35638.20226559916;35638.20226559916;35638.20226559916;35638.20226559916;35638.20226559916;35638.20226559916;35638.20226559916;35638.20226559916;35638.20226559916;35638.20226559916;35638.20226559916;
79200.0;35640.0;35640.0;35640.0;35640.0;35638.20226559916;35638.20226559916;35638.20226559916;35638.20226559916;35638.20226559916;35638.20226559916;35638.20226559916;35638.20226559916;35638.20226559916;35638.20226559916;35638.20226559916;35638.20226559916;35638.20226559916;35638.20226559916;35638.20226559916;35638.20226559916;35638.20226559916;35638.20226559916;35638.20226559916;35638.20226559916;35638.20226559916;35638.20226559916;35638.20226559916;35638.20226559916;35638.20226559916;35638.20226559916;35638.20226559916;35638.20226559916;35638.20226559916;35638.20226559916;35638.20226559916;35638.20226559916;35638.20226559916;35638.20226559916;35638.20226559916;35638.20226559916;35638.20226559916;35638.20226559916;35638.20226559916;35638.20226559916;
79200.0;35640.0;35640.0;35640.0;35640.0;35638.19545599916;35638.19545599916;35638.19545599916;35638.19545599916;35638.19545599916;35638.19545599916;35638.19545599916;35638.19545599916;35638.19545599916;35638.19545599916;35638.19545599916;35638.19545599916;35638.19545599916;35638.19545599916;35638.19545599916;35638.19545599916;35638.19545599916;35638.19545599916;35638.19545599916;35638.19545599916;35638.19545599916;35638.19545599916;35638.19545599916;35638.19545599916;35638.19545599916;35638.19545599916;35638.19545599916;35638.19545599916;35638.19545599916;35638.19545599916;35638.19545599916;35638.19545599916;35638.19545599916;35638.19545599916;35638.19545599916;35638.19545599916;35638.19545599916;35638.19545599916;35638.19545599916;35638.19545599916;
79200.38454279445;35640.0;35640.0;35640.0;35640.0;35638.19545599916;35638.19545599916;35638.19545599916;35638.19545599916;35638.19545599916;35638.19545599916;35638.19545599916;35638.19545599916;35638.19545599916;35638.19545599916;35638.19545599916;35638.19545599916;35638.19545599916;35638.19545599916;35638.19545599916;35638.19545599916;35638.19545599916;35638.19545599916;35638.19545599916;35638.19545599916;35638.19545599916;35638.19545599916;35638.19545599916;35638.19545599916;35638.19545599916;35638.19545599916;35638.19545599916;35638.19545599916;35638.19545599916;35638.19545599916;35638.19545599916;35638.19545599916;35638.19545599916;35638.19545599916;35638.19545599916;35638.19545599916;35638.19545599916;35638.19545599916;35638.19545599916;35638.19545599916;
79500.0;35640.0;35640.0;35640.0;35640.0;35638.19545599916;35638.19545599916;35638.19545599916;35638.19545599916;35638.19545599916;35638.19545599916;35638.19545599916;35638.19545599916;35638.19545599916;35638.19545599916;35638.19545599916;35638.19545599916;35638.19545599916;35638.19545599916;35638.19545599916;35638.19545599916;35638.19545599916;35638.19545599916;35638.19545599916;35638.19545599916;35638.19545599916;35638.19545599916;35638.19545599916;35638.19545599916;35638.19545599916;35638.19545599916;35638.19545599916;35638.19545599916;35638.19545599916;35638.19545599916;35638.19545599916;35638.19545599916;35638.19545599916;35638.19545599916;35638.19545599916;35638.19545599916;35638.19545599916;35638.19545599916;35638.19545599916;35638.19545599916;
79500.0;35640.0;35640.0;35640.0;35640.0;35638.188646399154;35638.188646399154;35638.188646399154;35638.188646399154;35638.188646399154;35638.188646399154;35638.188646399154;35638.188646399154;35638.188646399154;35638.188646399154;35638.188646399154;35638.188646399154;35638.188646399154;35638.188646399154;35638.188646399154;35638.188646399154;35638.188646399154;35638.188646399154;35638.188646399154;35638.188646399154;35638.188646399154;35638.188646399154;35638.188646399154;35638.188646399154;35638.188646399154;35638.188646399154;35638.188646399154;35638.188646399154;35638.188646399154;35638.188646399154;35638.188646399154;35638.188646399154;35638.188646399154;35638.188646399154;35638.188646399154;35638.188646399154;35638.188646399154;35638.188646399154;35638.188646399154;35638.188646399154;
79500.38454279445;35640.0;35640.0;35640.0;35640.0;35638.188646399154;35638.188646399154;35638.188646399154;35638.188646399154;35638.188646399154;35638.188646399154;35638.188646399154;35638.188646399154;35638.188646399154;35638.188646399154;35638.188646399154;35638.188646399154;35638.188646399154;35638.188646399154;35638.188646399154;35638.188646399154;35638.188646399154;35638.188646399154;35638.188646399154;35638.188646399154;35638.188646399154;35638.188646399154;35638.188646399154;35638.188646399154;35638.188646399154;35638.188646399154;35638.188646399154;35638.188646399154;35638.188646399154;35638.188646399154;35638.188646399154;35638.188646399154;35638.188646399154;35638.188646399154;35638.188646399154;35638.188646399154;35638.188646399154;35638.188646399154;35638.188646399154;35638.188646399154;
79560.00000000001;35640.0;35640.0;35640.0;35640.0;35638.188646399154;35638.188646399154;35638.188646399154;35638.188646399154;35638.188646399154;35638.188646399154;35638.188646399154;35638.188646399154;35638.188646399154;35638.188646399154;35638.188646399154;35638.188646399154;35638.188646399154;35638.188646399154;35638.188646399154;35638.188646399154;35638.188646399154;35638.188646399154;35638.188646399154;35638.188646399154;35638.188646399154;35638.188646399154;35638.188646399154;35638.188646399154;35638.188646399154;35638.188646399154;35638.188646399154;35638.188646399154;35638.188646399154;35638.188646399154;35638.188646399154;35638.188646399154;35638.188646399154;35638.188646399154;35638.188646399154;35638.188646399154;35638.188646399154;35638.188646399154;35638.188646399154;35638.188646399154;
79800.00000000001;35640.0;35640.0;35640.0;35640.0;35638.188646399154;35638.188646399154;35638.188646399154;35638.188646399154;35638.188646399154;35638.188646399154;35638.188646399154;35638.188646399154;35638.188646399154;35638.188646399154;35638.188646399154;35638.188646399154;35638.188646399154;35638.188646399154;35638.188646399154;35638.188646399154;35638.188646399154;35638.188646399154;35638.188646399154;35638.188646399154;35638.188646399154;35638.188646399154;35638.188646399154;35638.188646399154;35638.188646399154;35638.188646399154;35638.188646399154;35638.188646399154;35638.188646399154;35638.188646399154;35638.188646399154;35638.188646399154;35638.188646399154;35638.188646399154;35638.188646399154;35638.188646399154;35638.188646399154;35638.188646399154;35638.188646399154;35638.188646399154;
79800.00000000001;35640.0;35640.0;35640.0;35640.0;35638.18183679915;35638.18183679915;35638.18183679915;35638.18183679915;35638.18183679915;35638.18183679915;35638.18183679915;35638.18183679915;35638.18183679915;35638.18183679915;35638.18183679915;35638.18183679915;35638.18183679915;35638.18183679915;35638.18183679915;35638.18183679915;35638.18183679915;35638.18183679915;35638.18183679915;35638.18183679915;35638.18183679915;35638.18183679915;35638.18183679915;35638.18183679915;35638.18183679915;35638.18183679915;35638.18183679915;35638.18183679915;35638.18183679915;35638.18183679915;35638.18183679915;35638.18183679915;35638.18183679915;35638.18183679915;35638.18183679915;35638.18183679915;35638.18183679915;35638.18183679915;35638.18183679915;35638.18183679915;
79800.38454279446;35640.0;35640.0;35640.0;35640.0;35638.18183679915;35638.18183679915;35638.18183679915;35638.18183679915;35638.18183679915;35638.18183679915;35638.18183679915;35638.18183679915;35638.18183679915;35638.18183679915;35638.18183679915;35638.18183679915;35638.18183679915;35638.18183679915;35638.18183679915;35638.18183679915;35638.18183679915;35638.18183679915;35638.18183679915;35638.18183679915;35638.18183679915;35638.18183679915;35638.18183679915;35638.18183679915;35638.18183679915;35638.18183679915;35638.18183679915;35638.18183679915;35638.18183679915;35638.18183679915;35638.18183679915;35638.18183679915;35638.18183679915;35638.18183679915;35638.18183679915;35638.18183679915;35638.18183679915;35638.18183679915;35638.18183679915;35638.18183679915;
80100.00000000001;35640.0;35640.0;35640.0;35640.0;35638.18183679915;35638.18183679915;35638.18183679915;35638.18183679915;35638.18183679915;35638.18183679915;35638.18183679915;35638.18183679915;35638.18183679915;35638.18183679915;35638.18183679915;35638.18183679915;35638.18183679915;35638.18183679915;35638.18183679915;35638.18183679915;35638.18183679915;35638.18183679915;35638.18183679915;35638.18183679915;35638.18183679915;35638.18183679915;35638.18183679915;35638.18183679915;35638.18183679915;35638.18183679915;35638.18183679915;35638.18183679915;35638.18183679915;35638.18183679915;35638.18183679915;35638.18183679915;35638.18183679915;35638.18183679915;35638.18183679915;35638.18183679915;35638.18183679915;35638.18183679915;35638.18183679915;35638.18183679915;
80100.00000000001;35640.0;35640.0;35640.0;35640.0;35638.17502719915;35638.17502719915;35638.17502719915;35638.17502719915;35638.17502719915;35638.17502719915;35638.17502719915;35638.17502719915;35638.17502719915;35638.17502719915;35638.17502719915;35638.17502719915;35638.17502719915;35638.17502719915;35638.17502719915;35638.17502719915;35638.17502719915;35638.17502719915;35638.17502719915;35638.17502719915;35638.17502719915;35638.17502719915;35638.17502719915;35638.17502719915;35638.17502719915;35638.17502719915;35638.17502719915;35638.17502719915;35638.17502719915;35638.17502719915;35638.17502719915;35638.17502719915;35638.17502719915;35638.17502719915;35638.17502719915;35638.17502719915;35638.17502719915;35638.17502719915;35638.17502719915;35638.17502719915;
80100.38454279446;35640.0;35640.0;35640.0;35640.0;35638.17502719915;35638.17502719915;35638.17502719915;35638.17502719915;35638.17502719915;35638.17502719915;35638.17502719915;35638.17502719915;35638.17502719915;35638.17502719915;35638.17502719915;35638.17502719915;35638.17502719915;35638.17502719915;35638.17502719915;35638.17502719915;35638.17502719915;35638.17502719915;35638.17502719915;35638.17502719915;35638.17502719915;35638.17502719915;35638.17502719915;35638.17502719915;35638.17502719915;35638.17502719915;35638.17502719915;35638.17502719915;35638.17502719915;35638.17502719915;35638.17502719915;35638.17502719915;35638.17502719915;35638.17502719915;35638.17502719915;35638.17502719915;35638.17502719915;35638.17502719915;35638.17502719915;35638.17502719915;
80400.00000000001;35640.0;35640.0;35640.0;35640.0;35638.17502719915;35638.17502719915;35638.17502719915;35638.17502719915;35638.17502719915;35638.17502719915;35638.17502719915;35638.17502719915;35638.17502719915;35638.17502719915;35638.17502719915;35638.17502719915;35638.17502719915;35638.17502719915;35638.17502719915;35638.17502719915;35638.17502719915;35638.17502719915;35638.17502719915;35638.17502719915;35638.17502719915;35638.17502719915;35638.17502719915;35638.17502719915;35638.17502719915;35638.17502719915;35638.17502719915;35638.17502719915;35638.17502719915;35638.17502719915;35638.17502719915;35638.17502719915;35638.17502719915;35638.17502719915;35638.17502719915;35638.17502719915;35638.17502719915;35638.17502719915;35638.17502719915;35638.17502719915;
80400.00000000001;35640.0;35640.0;35640.0;35640.0;35638.168217599145;35638.168217599145;35638.168217599145;35638.168217599145;35638.168217599145;35638.168217599145;35638.168217599145;35638.168217599145;35638.168217599145;35638.168217599145;35638.168217599145;35638.168217599145;35638.168217599145;35638.168217599145;35638.168217599145;35638.168217599145;35638.168217599145;35638.168217599145;35638.168217599145;35638.168217599145;35638.168217599145;35638.168217599145;35638.168217599145;35638.168217599145;35638.168217599145;35638.168217599145;35638.168217599145;35638.168217599145;35638.168217599145;35638.168217599145;35638.168217599145;35638.168217599145;35638.168217599145;35638.168217599145;35638.168217599145;35638.168217599145;35638.168217599145;35638.168217599145;35638.168217599145;35638.168217599145;
80400.38454279446;35640.0;35640.0;35640.0;35640.0;35638.168217599145;35638.168217599145;35638.168217599145;35638.168217599145;35638.168217599145;35638.168217599145;35638.168217599145;35638.168217599145;35638.168217599145;35638.168217599145;35638.168217599145;35638.168217599145;35638.168217599145;35638.168217599145;35638.168217599145;35638.168217599145;35638.168217599145;35638.168217599145;35638.168217599145;35638.168217599145;35638.168217599145;35638.168217599145;35638.168217599145;35638.168217599145;35638.168217599145;35638.168217599145;35638.168217599145;35638.168217599145;35638.168217599145;35638.168217599145;35638.168217599145;35638.168217599145;35638.168217599145;35638.168217599145;35638.168217599145;35638.168217599145;35638.168217599145;35638.168217599145;35638.168217599145;35638.168217599145;
80700.00000000001;35640.0;35640.0;35640.0;35640.0;35638.168217599145;35638.168217599145;35638.168217599145;35638.168217599145;35638.168217599145;35638.168217599145;35638.168217599145;35638.168217599145;35638.168217599145;35638.168217599145;35638.168217599145;35638.168217599145;35638.168217599145;35638.168217599145;35638.168217599145;35638.168217599145;35638.168217599145;35638.168217599145;35638.168217599145;35638.168217599145;35638.168217599145;35638.168217599145;35638.168217599145;35638.168217599145;35638.168217599145;35638.168217599145;35638.168217599145;35638.168217599145;35638.168217599145;35638.168217599145;35638.168217599145;35638.168217599145;35638.168217599145;35638.168217599145;35638.168217599145;35638.168217599145;35638.168217599145;35638.168217599145;35638.168217599145;35638.168217599145;
80700.00000000001;35640.0;35640.0;35640.0;35640.0;35638.16140799914;35638.16140799914;35638.16140799914;35638.16140799914;35638.16140799914;35638.16140799914;35638.16140799914;35638.16140799914;35638.16140799914;35638.16140799914;35638.16140799914;35638.16140799914;35638.16140799914;35638.16140799914;35638.16140799914;35638.16140799914;35638.16140799914;35638.16140799914;35638.16140799914;35638.16140799914;35638.16140799914;35638.16140799914;35638.16140799914;35638.16140799914;35638.16140799914;35638.16140799914;35638.16140799914;35638.16140799914;35638.16140799914;35638.16140799914;35638.16140799914;35638.16140799914;35638.16140799914;35638.16140799914;35638.16140799914;35638.16140799914;35638.16140799914;35638.16140799914;35638.16140799914;35638.16140799914;
80700.38454279446;35640.0;35640.0;35640.0;35640.0;35638.16140799914;35638.16140799914;35638.16140799914;35638.16140799914;35638.16140799914;35638.16140799914;35638.16140799914;35638.16140799914;35638.16140799914;35638.16140799914;35638.16140799914;35638.16140799914;35638.16140799914;35638.16140799914;35638.16140799914;35638.16140799914;35638.16140799914;35638.16140799914;35638.16140799914;35638.16140799914;35638.16140799914;35638.16140799914;35638.16140799914;35638.16140799914;35638.16140799914;35638.16140799914;35638.16140799914;35638.16140799914;35638.16140799914;35638.16140799914;35638.16140799914;35638.16140799914;35638.16140799914;35638.16140799914;35638.16140799914;35638.16140799914;35638.16140799914;35638.16140799914;35638.16140799914;35638.16140799914;
81000.00000000001;35640.0;35640.0;35640.0;35640.0;35638.16140799914;35638.16140799914;35638.16140799914;35638.16140799914;35638.16140799914;35638.16140799914;35638.16140799914;35638.16140799914;35638.16140799914;35638.16140799914;35638.16140799914;35638.16140799914;35638.16140799914;35638.16140799914;35638.16140799914;35638.16140799914;35638.16140799914;35638.16140799914;35638.16140799914;35638.16140799914;35638.16140799914;35638.16140799914;35638.16140799914;35638.16140799914;35638.16140799914;35638.16140799914;35638.16140799914;35638.16140799914;35638.16140799914;35638.16140799914;35638.16140799914;35638.16140799914;35638.16140799914;35638.16140799914;35638.16140799914;35638.16140799914;35638.16140799914;35638.16140799914;35638.16140799914;35638.16140799914;
81000.00000000001;35640.0;35640.0;35640.0;35640.0;35638.15459839914;35638.15459839914;35638.15459839914;35638.15459839914;35638.15459839914;35638.15459839914;35638.15459839914;35638.15459839914;35638.15459839914;35638.15459839914;35638.15459839914;35638.15459839914;35638.15459839914;35638.15459839914;35638.15459839914;35638.15459839914;35638.15459839914;35638.15459839914;35638.15459839914;35638.15459839914;35638.15459839914;35638.15459839914;35638.15459839914;35638.15459839914;35638.15459839914;35638.15459839914;35638.15459839914;35638.15459839914;35638.15459839914;35638.15459839914;35638.15459839914;35638.15459839914;35638.15459839914;35638.15459839914;35638.15459839914;35638.15459839914;35638.15459839914;35638.15459839914;35638.15459839914;35638.15459839914;
81000.38454279446;35640.0;35640.0;35640.0;35640.0;35638.15459839914;35638.15459839914;35638.15459839914;35638.15459839914;35638.15459839914;35638.15459839914;35638.15459839914;35638.15459839914;35638.15459839914;35638.15459839914;35638.15459839914;35638.15459839914;35638.15459839914;35638.15459839914;35638.15459839914;35638.15459839914;35638.15459839914;35638.15459839914;35638.15459839914;35638.15459839914;35638.15459839914;35638.15459839914;35638.15459839914;35638.15459839914;35638.15459839914;35638.15459839914;35638.15459839914;35638.15459839914;35638.15459839914;35638.15459839914;35638.15459839914;35638.15459839914;35638.15459839914;35638.15459839914;35638.15459839914;35638.15459839914;35638.15459839914;35638.15459839914;35638.15459839914;35638.15459839914;
81300.00000000001;35640.0;35640.0;35640.0;35640.0;35638.15459839914;35638.15459839914;35638.15459839914;35638.15459839914;35638.15459839914;35638.15459839914;35638.15459839914;35638.15459839914;35638.15459839914;35638.15459839914;35638.15459839914;35638.15459839914;35638.15459839914;35638.15459839914;35638.15459839914;35638.15459839914;35638.15459839914;35638.15459839914;35638.15459839914;35638.15459839914;35638.15459839914;35638.15459839914;35638.15459839914;35638.15459839914;35638.15459839914;35638.15459839914;35638.15459839914;35638.15459839914;35638.15459839914;35638.15459839914;35638.15459839914;35638.15459839914;35638.15459839914;35638.15459839914;35638.15459839914;35638.15459839914;35638.15459839914;35638.15459839914;35638.15459839914;35638.15459839914;
81300.00000000001;35640.0;35640.0;35640.0;35640.0;35638.147788799135;35638.147788799135;35638.147788799135;35638.147788799135;35638.147788799135;35638.147788799135;35638.147788799135;35638.147788799135;35638.147788799135;35638.147788799135;35638.147788799135;35638.147788799135;35638.147788799135;35638.147788799135;35638.147788799135;35638.147788799135;35638.147788799135;35638.147788799135;35638.147788799135;35638.147788799135;35638.147788799135;35638.147788799135;35638.147788799135;35638.147788799135;35638.147788799135;35638.147788799135;35638.147788799135;35638.147788799135;35638.147788799135;35638.147788799135;35638.147788799135;35638.147788799135;35638.147788799135;35638.147788799135;35638.147788799135;35638.147788799135;35638.147788799135;35638.147788799135;35638.147788799135;35638.147788799135;
81300.38454279446;35640.0;35640.0;35640.0;35640.0;35638.147788799135;35638.147788799135;35638.147788799135;35638.147788799135;35638.147788799135;35638.147788799135;35638.147788799135;35638.147788799135;35638.147788799135;35638.147788799135;35638.147788799135;35638.147788799135;35638.147788799135;35638.147788799135;35638.147788799135;35638.147788799135;35638.147788799135;35638.147788799135;35638.147788799135;35638.147788799135;35638.147788799135;35638.147788799135;35638.147788799135;35638.147788799135;35638.147788799135;35638.147788799135;35638.147788799135;35638.147788799135;35638.147788799135;35638.147788799135;35638.147788799135;35638.147788799135;35638.147788799135;35638.147788799135;35638.147788799135;35638.147788799135;35638.147788799135;35638.147788799135;35638.147788799135;35638.147788799135;
81600.00000000001;35640.0;35640.0;35640.0;35640.0;35638.147788799135;35638.147788799135;35638.147788799135;35638.147788799135;35638.147788799135;35638.147788799135;35638.147788799135;35638.147788799135;35638.147788799135;35638.147788799135;35638.147788799135;35638.147788799135;35638.147788799135;35638.147788799135;35638.147788799135;35638.147788799135;35638.147788799135;35638.147788799135;35638.147788799135;35638.147788799135;35638.147788799135;35638.147788799135;35638.147788799135;35638.147788799135;35638.147788799135;35638.147788799135;35638.147788799135;35638.147788799135;35638.147788799135;35638.147788799135;35638.147788799135;35638.147788799135;35638.147788799135;35638.147788799135;35638.147788799135;35638.147788799135;35638.147788799135;35638.147788799135;35638.147788799135;35638.147788799135;
81600.00000000001;35640.0;35640.0;35640.0;35640.0;35638.14097919913;35638.14097919913;35638.14097919913;35638.14097919913;35638.14097919913;35638.14097919913;35638.14097919913;35638.14097919913;35638.14097919913;35638.14097919913;35638.14097919913;35638.14097919913;35638.14097919913;35638.14097919913;35638.14097919913;35638.14097919913;35638.14097919913;35638.14097919913;35638.14097919913;35638.14097919913;35638.14097919913;35638.14097919913;35638.14097919913;35638.14097919913;35638.14097919913;35638.14097919913;35638.14097919913;35638.14097919913;35638.14097919913;35638.14097919913;35638.14097919913;35638.14097919913;35638.14097919913;35638.14097919913;35638.14097919913;35638.14097919913;35638.14097919913;35638.14097919913;35638.14097919913;35638.14097919913;
81600.38454279446;35640.0;35640.0;35640.0;35640.0;35638.14097919913;35638.14097919913;35638.14097919913;35638.14097919913;35638.14097919913;35638.14097919913;35638.14097919913;35638.14097919913;35638.14097919913;35638.14097919913;35638.14097919913;35638.14097919913;35638.14097919913;35638.14097919913;35638.14097919913;35638.14097919913;35638.14097919913;35638.14097919913;35638.14097919913;35638.14097919913;35638.14097919913;35638.14097919913;35638.14097919913;35638.14097919913;35638.14097919913;35638.14097919913;35638.14097919913;35638.14097919913;35638.14097919913;35638.14097919913;35638.14097919913;35638.14097919913;35638.14097919913;35638.14097919913;35638.14097919913;35638.14097919913;35638.14097919913;35638.14097919913;35638.14097919913;35638.14097919913;
81900.00000000001;35640.0;35640.0;35640.0;35640.0;35638.14097919913;35638.14097919913;35638.14097919913;35638.14097919913;35638.14097919913;35638.14097919913;35638.14097919913;35638.14097919913;35638.14097919913;35638.14097919913;35638.14097919913;35638.14097919913;35638.14097919913;35638.14097919913;35638.14097919913;35638.14097919913;35638.14097919913;35638.14097919913;35638.14097919913;35638.14097919913;35638.14097919913;35638.14097919913;35638.14097919913;35638.14097919913;35638.14097919913;35638.14097919913;35638.14097919913;35638.14097919913;35638.14097919913;35638.14097919913;35638.14097919913;35638.14097919913;35638.14097919913;35638.14097919913;35638.14097919913;35638.14097919913;35638.14097919913;35638.14097919913;35638.14097919913;35638.14097919913;
81900.00000000001;35640.0;35640.0;35640.0;35640.0;35638.13416959913;35638.13416959913;35638.13416959913;35638.13416959913;35638.13416959913;35638.13416959913;35638.13416959913;35638.13416959913;35638.13416959913;35638.13416959913;35638.13416959913;35638.13416959913;35638.13416959913;35638.13416959913;35638.13416959913;35638.13416959913;35638.13416959913;35638.13416959913;35638.13416959913;35638.13416959913;35638.13416959913;35638.13416959913;35638.13416959913;35638.13416959913;35638.13416959913;35638.13416959913;35638.13416959913;35638.13416959913;35638.13416959913;35638.13416959913;35638.13416959913;35638.13416959913;35638.13416959913;35638.13416959913;35638.13416959913;35638.13416959913;35638.13416959913;35638.13416959913;35638.13416959913;35638.13416959913;
81900.38454279446;35640.0;35640.0;35640.0;35640.0;35638.13416959913;35638.13416959913;35638.13416959913;35638.13416959913;35638.13416959913;35638.13416959913;35638.13416959913;35638.13416959913;35638.13416959913;35638.13416959913;35638.13416959913;35638.13416959913;35638.13416959913;35638.13416959913;35638.13416959913;35638.13416959913;35638.13416959913;35638.13416959913;35638.13416959913;35638.13416959913;35638.13416959913;35638.13416959913;35638.13416959913;35638.13416959913;35638.13416959913;35638.13416959913;35638.13416959913;35638.13416959913;35638.13416959913;35638.13416959913;35638.13416959913;35638.13416959913;35638.13416959913;35638.13416959913;35638.13416959913;35638.13416959913;35638.13416959913;35638.13416959913;35638.13416959913;35638.13416959913;
82200.00000000001;35640.0;35640.0;35640.0;35640.0;35638.13416959913;35638.13416959913;35638.13416959913;35638.13416959913;35638.13416959913;35638.13416959913;35638.13416959913;35638.13416959913;35638.13416959913;35638.13416959913;35638.13416959913;35638.13416959913;35638.13416959913;35638.13416959913;35638.13416959913;35638.13416959913;35638.13416959913;35638.13416959913;35638.13416959913;35638.13416959913;35638.13416959913;35638.13416959913;35638.13416959913;35638.13416959913;35638.13416959913;35638.13416959913;35638.13416959913;35638.13416959913;35638.13416959913;35638.13416959913;35638.13416959913;35638.13416959913;35638.13416959913;35638.13416959913;35638.13416959913;35638.13416959913;35638.13416959913;35638.13416959913;35638.13416959913;35638.13416959913;
82200.00000000001;35640.0;35640.0;35640.0;35640.0;35638.127359999125;35638.127359999125;35638.127359999125;35638.127359999125;35638.127359999125;35638.127359999125;35638.127359999125;35638.127359999125;35638.127359999125;35638.127359999125;35638.127359999125;35638.127359999125;35638.127359999125;35638.127359999125;35638.127359999125;35638.127359999125;35638.127359999125;35638.127359999125;35638.127359999125;35638.127359999125;35638.127359999125;35638.127359999125;35638.127359999125;35638.127359999125;35638.127359999125;35638.127359999125;35638.127359999125;35638.127359999125;35638.127359999125;35638.127359999125;35638.127359999125;35638.127359999125;35638.127359999125;35638.127359999125;35638.127359999125;35638.127359999125;35638.127359999125;35638.127359999125;35638.127359999125;35638.127359999125;
82200.38454279446;35640.0;35640.0;35640.0;35640.0;35638.127359999125;35638.127359999125;35638.127359999125;35638.127359999125;35638.127359999125;35638.127359999125;35638.127359999125;35638.127359999125;35638.127359999125;35638.127359999125;35638.127359999125;35638.127359999125;35638.127359999125;35638.127359999125;35638.127359999125;35638.127359999125;35638.127359999125;35638.127359999125;35638.127359999125;35638.127359999125;35638.127359999125;35638.127359999125;35638.127359999125;35638.127359999125;35638.127359999125;35638.127359999125;35638.127359999125;35638.127359999125;35638.127359999125;35638.127359999125;35638.127359999125;35638.127359999125;35638.127359999125;35638.127359999125;35638.127359999125;35638.127359999125;35638.127359999125;35638.127359999125;35638.127359999125;35638.127359999125;
82500.00000000001;35640.0;35640.0;35640.0;35640.0;35638.127359999125;35638.127359999125;35638.127359999125;35638.127359999125;35638.127359999125;35638.127359999125;35638.127359999125;35638.127359999125;35638.127359999125;35638.127359999125;35638.127359999125;35638.127359999125;35638.127359999125;35638.127359999125;35638.127359999125;35638.127359999125;35638.127359999125;35638.127359999125;35638.127359999125;35638.127359999125;35638.127359999125;35638.127359999125;35638.127359999125;35638.127359999125;35638.127359999125;35638.127359999125;35638.127359999125;35638.127359999125;35638.127359999125;35638.127359999125;35638.127359999125;35638.127359999125;35638.127359999125;35638.127359999125;35638.127359999125;35638.127359999125;35638.127359999125;35638.127359999125;35638.127359999125;35638.127359999125;
82500.00000000001;35640.0;35640.0;35640.0;35640.0;35638.12055039912;35638.12055039912;35638.12055039912;35638.12055039912;35638.12055039912;35638.12055039912;35638.12055039912;35638.12055039912;35638.12055039912;35638.12055039912;35638.12055039912;35638.12055039912;35638.12055039912;35638.12055039912;35638.12055039912;35638.12055039912;35638.12055039912;35638.12055039912;35638.12055039912;35638.12055039912;35638.12055039912;35638.12055039912;35638.12055039912;35638.12055039912;35638.12055039912;35638.12055039912;35638.12055039912;35638.12055039912;35638.12055039912;35638.12055039912;35638.12055039912;35638.12055039912;35638.12055039912;35638.12055039912;35638.12055039912;35638.12055039912;35638.12055039912;35638.12055039912;35638.12055039912;35638.12055039912;
82500.38454279446;35640.0;35640.0;35640.0;35640.0;35638.12055039912;35638.12055039912;35638.12055039912;35638.12055039912;35638.12055039912;35638.12055039912;35638.12055039912;35638.12055039912;35638.12055039912;35638.12055039912;35638.12055039912;35638.12055039912;35638.12055039912;35638.12055039912;35638.12055039912;35638.12055039912;35638.12055039912;35638.12055039912;35638.12055039912;35638.12055039912;35638.12055039912;35638.12055039912;35638.12055039912;35638.12055039912;35638.12055039912;35638.12055039912;35638.12055039912;35638.12055039912;35638.12055039912;35638.12055039912;35638.12055039912;35638.12055039912;35638.12055039912;35638.12055039912;35638.12055039912;35638.12055039912;35638.12055039912;35638.12055039912;35638.12055039912;35638.12055039912;
82680.00000000003;35640.0;35640.0;35640.0;35640.0;35638.12055039912;35638.12055039912;35638.12055039912;35638.12055039912;35638.12055039912;35638.12055039912;35638.12055039912;35638.12055039912;35638.12055039912;35638.12055039912;35638.12055039912;35638.12055039912;35638.12055039912;35638.12055039912;35638.12055039912;35638.12055039912;35638.12055039912;35638.12055039912;35638.12055039912;35638.12055039912;35638.12055039912;35638.12055039912;35638.12055039912;35638.12055039912;35638.12055039912;35638.12055039912;35638.12055039912;35638.12055039912;35638.12055039912;35638.12055039912;35638.12055039912;35638.12055039912;35638.12055039912;35638.12055039912;35638.12055039912;35638.12055039912;35638.12055039912;35638.12055039912;35638.12055039912;35638.12055039912;
82800.00000000003;35640.0;35640.0;35640.0;35640.0;35638.12055039912;35638.12055039912;35638.12055039912;35638.12055039912;35638.12055039912;35638.12055039912;35638.12055039912;35638.12055039912;35638.12055039912;35638.12055039912;35638.12055039912;35638.12055039912;35638.12055039912;35638.12055039912;35638.12055039912;35638.12055039912;35638.12055039912;35638.12055039912;35638.12055039912;35638.12055039912;35638.12055039912;35638.12055039912;35638.12055039912;35638.12055039912;35638.12055039912;35638.12055039912;35638.12055039912;35638.12055039912;35638.12055039912;35638.12055039912;35638.12055039912;35638.12055039912;35638.12055039912;35638.12055039912;35638.12055039912;35638.12055039912;35638.12055039912;35638.12055039912;35638.12055039912;35638.12055039912;
82800.00000000003;35640.0;35640.0;35640.0;35640.0;35638.11374079912;35638.11374079912;35638.11374079912;35638.11374079912;35638.11374079912;35638.11374079912;35638.11374079912;35638.11374079912;35638.11374079912;35638.11374079912;35638.11374079912;35638.11374079912;35638.11374079912;35638.11374079912;35638.11374079912;35638.11374079912;35638.11374079912;35638.11374079912;35638.11374079912;35638.11374079912;35638.11374079912;35638.11374079912;35638.11374079912;35638.11374079912;35638.11374079912;35638.11374079912;35638.11374079912;35638.11374079912;35638.11374079912;35638.11374079912;35638.11374079912;35638.11374079912;35638.11374079912;35638.11374079912;35638.11374079912;35638.11374079912;35638.11374079912;35638.11374079912;35638.11374079912;35638.11374079912;
82800.38454279448;35640.0;35640.0;35640.0;35640.0;35638.11374079912;35638.11374079912;35638.11374079912;35638.11374079912;35638.11374079912;35638.11374079912;35638.11374079912;35638.11374079912;35638.11374079912;35638.11374079912;35638.11374079912;35638.11374079912;35638.11374079912;35638.11374079912;35638.11374079912;35638.11374079912;35638.11374079912;35638.11374079912;35638.11374079912;35638.11374079912;35638.11374079912;35638.11374079912;35638.11374079912;35638.11374079912;35638.11374079912;35638.11374079912;35638.11374079912;35638.11374079912;35638.11374079912;35638.11374079912;35638.11374079912;35638.11374079912;35638.11374079912;35638.11374079912;35638.11374079912;35638.11374079912;35638.11374079912;35638.11374079912;35638.11374079912;35638.11374079912;
83100.00000000003;35640.0;35640.0;35640.0;35640.0;35638.11374079912;35638.11374079912;35638.11374079912;35638.11374079912;35638.11374079912;35638.11374079912;35638.11374079912;35638.11374079912;35638.11374079912;35638.11374079912;35638.11374079912;35638.11374079912;35638.11374079912;35638.11374079912;35638.11374079912;35638.11374079912;35638.11374079912;35638.11374079912;35638.11374079912;35638.11374079912;35638.11374079912;35638.11374079912;35638.11374079912;35638.11374079912;35638.11374079912;35638.11374079912;35638.11374079912;35638.11374079912;35638.11374079912;35638.11374079912;35638.11374079912;35638.11374079912;35638.11374079912;35638.11374079912;35638.11374079912;35638.11374079912;35638.11374079912;35638.11374079912;35638.11374079912;35638.11374079912;
83100.00000000003;35640.0;35640.0;35640.0;35640.0;35638.106931199116;35638.106931199116;35638.106931199116;35638.106931199116;35638.106931199116;35638.106931199116;35638.106931199116;35638.106931199116;35638.106931199116;35638.106931199116;35638.106931199116;35638.106931199116;35638.106931199116;35638.106931199116;35638.106931199116;35638.106931199116;35638.106931199116;35638.106931199116;35638.106931199116;35638.106931199116;35638.106931199116;35638.106931199116;35638.106931199116;35638.106931199116;35638.106931199116;35638.106931199116;35638.106931199116;35638.106931199116;35638.106931199116;35638.106931199116;35638.106931199116;35638.106931199116;35638.106931199116;35638.106931199116;35638.106931199116;35638.106931199116;35638.106931199116;35638.106931199116;35638.106931199116;35638.106931199116;
83100.38454279448;35640.0;35640.0;35640.0;35640.0;35638.106931199116;35638.106931199116;35638.106931199116;35638.106931199116;35638.106931199116;35638.106931199116;35638.106931199116;35638.106931199116;35638.106931199116;35638.106931199116;35638.106931199116;35638.106931199116;35638.106931199116;35638.106931199116;35638.106931199116;35638.106931199116;35638.106931199116;35638.106931199116;35638.106931199116;35638.106931199116;35638.106931199116;35638.106931199116;35638.106931199116;35638.106931199116;35638.106931199116;35638.106931199116;35638.106931199116;35638.106931199116;35638.106931199116;35638.106931199116;35638.106931199116;35638.106931199116;35638.106931199116;35638.106931199116;35638.106931199116;35638.106931199116;35638.106931199116;35638.106931199116;35638.106931199116;35638.106931199116;
83400.00000000003;35640.0;35640.0;35640.0;35640.0;35638.106931199116;35638.106931199116;35638.106931199116;35638.106931199116;35638.106931199116;35638.106931199116;35638.106931199116;35638.106931199116;35638.106931199116;35638.106931199116;35638.106931199116;35638.106931199116;35638.106931199116;35638.106931199116;35638.106931199116;35638.106931199116;35638.106931199116;35638.106931199116;35638.106931199116;35638.106931199116;35638.106931199116;35638.106931199116;35638.106931199116;35638.106931199116;35638.106931199116;35638.106931199116;35638.106931199116;35638.106931199116;35638.106931199116;35638.106931199116;35638.106931199116;35638.106931199116;35638.106931199116;35638.106931199116;35638.106931199116;35638.106931199116;35638.106931199116;35638.106931199116;35638.106931199116;35638.106931199116;
83400.00000000003;35640.0;35640.0;35640.0;35640.0;35638.10012159911;35638.10012159911;35638.10012159911;35638.10012159911;35638.10012159911;35638.10012159911;35638.10012159911;35638.10012159911;35638.10012159911;35638.10012159911;35638.10012159911;35638.10012159911;35638.10012159911;35638.10012159911;35638.10012159911;35638.10012159911;35638.10012159911;35638.10012159911;35638.10012159911;35638.10012159911;35638.10012159911;35638.10012159911;35638.10012159911;35638.10012159911;35638.10012159911;35638.10012159911;35638.10012159911;35638.10012159911;35638.10012159911;35638.10012159911;35638.10012159911;35638.10012159911;35638.10012159911;35638.10012159911;35638.10012159911;35638.10012159911;35638.10012159911;35638.10012159911;35638.10012159911;35638.10012159911;
83400.38454279448;35640.0;35640.0;35640.0;35640.0;35638.10012159911;35638.10012159911;35638.10012159911;35638.10012159911;35638.10012159911;35638.10012159911;35638.10012159911;35638.10012159911;35638.10012159911;35638.10012159911;35638.10012159911;35638.10012159911;35638.10012159911;35638.10012159911;35638.10012159911;35638.10012159911;35638.10012159911;35638.10012159911;35638.10012159911;35638.10012159911;35638.10012159911;35638.10012159911;35638.10012159911;35638.10012159911;35638.10012159911;35638.10012159911;35638.10012159911;35638.10012159911;35638.10012159911;35638.10012159911;35638.10012159911;35638.10012159911;35638.10012159911;35638.10012159911;35638.10012159911;35638.10012159911;35638.10012159911;35638.10012159911;35638.10012159911;35638.10012159911;
83700.00000000003;35640.0;35640.0;35640.0;35640.0;35638.10012159911;35638.10012159911;35638.10012159911;35638.10012159911;35638.10012159911;35638.10012159911;35638.10012159911;35638.10012159911;35638.10012159911;35638.10012159911;35638.10012159911;35638.10012159911;35638.10012159911;35638.10012159911;35638.10012159911;35638.10012159911;35638.10012159911;35638.10012159911;35638.10012159911;35638.10012159911;35638.10012159911;35638.10012159911;35638.10012159911;35638.10012159911;35638.10012159911;35638.10012159911;35638.10012159911;35638.10012159911;35638.10012159911;35638.10012159911;35638.10012159911;35638.10012159911;35638.10012159911;35638.10012159911;35638.10012159911;35638.10012159911;35638.10012159911;35638.10012159911;35638.10012159911;35638.10012159911;
83700.00000000003;35640.0;35640.0;35640.0;35640.0;35638.09331199911;35638.09331199911;35638.09331199911;35638.09331199911;35638.09331199911;35638.09331199911;35638.09331199911;35638.09331199911;35638.09331199911;35638.09331199911;35638.09331199911;35638.09331199911;35638.09331199911;35638.09331199911;35638.09331199911;35638.09331199911;35638.09331199911;35638.09331199911;35638.09331199911;35638.09331199911;35638.09331199911;35638.09331199911;35638.09331199911;35638.09331199911;35638.09331199911;35638.09331199911;35638.09331199911;35638.09331199911;35638.09331199911;35638.09331199911;35638.09331199911;35638.09331199911;35638.09331199911;35638.09331199911;35638.09331199911;35638.09331199911;35638.09331199911;35638.09331199911;35638.09331199911;35638.09331199911;
83700.38454279448;35640.0;35640.0;35640.0;35640.0;35638.09331199911;35638.09331199911;35638.09331199911;35638.09331199911;35638.09331199911;35638.09331199911;35638.09331199911;35638.09331199911;35638.09331199911;35638.09331199911;35638.09331199911;35638.09331199911;35638.09331199911;35638.09331199911;35638.09331199911;35638.09331199911;35638.09331199911;35638.09331199911;35638.09331199911;35638.09331199911;35638.09331199911;35638.09331199911;35638.09331199911;35638.09331199911;35638.09331199911;35638.09331199911;35638.09331199911;35638.09331199911;35638.09331199911;35638.09331199911;35638.09331199911;35638.09331199911;35638.09331199911;35638.09331199911;35638.09331199911;35638.09331199911;35638.09331199911;35638.09331199911;35638.09331199911;35638.09331199911;
84000.00000000003;35640.0;35640.0;35640.0;35640.0;35638.09331199911;35638.09331199911;35638.09331199911;35638.09331199911;35638.09331199911;35638.09331199911;35638.09331199911;35638.09331199911;35638.09331199911;35638.09331199911;35638.09331199911;35638.09331199911;35638.09331199911;35638.09331199911;35638.09331199911;35638.09331199911;35638.09331199911;35638.09331199911;35638.09331199911;35638.09331199911;35638.09331199911;35638.09331199911;35638.09331199911;35638.09331199911;35638.09331199911;35638.09331199911;35638.09331199911;35638.09331199911;35638.09331199911;35638.09331199911;35638.09331199911;35638.09331199911;35638.09331199911;35638.09331199911;35638.09331199911;35638.09331199911;35638.09331199911;35638.09331199911;35638.09331199911;35638.09331199911;
84000.00000000003;35640.0;35640.0;35640.0;35640.0;35638.08650239911;35638.08650239911;35638.08650239911;35638.08650239911;35638.08650239911;35638.08650239911;35638.08650239911;35638.08650239911;35638.08650239911;35638.08650239911;35638.08650239911;35638.08650239911;35638.08650239911;35638.08650239911;35638.08650239911;35638.08650239911;35638.08650239911;35638.08650239911;35638.08650239911;35638.08650239911;35638.08650239911;35638.08650239911;35638.08650239911;35638.08650239911;35638.08650239911;35638.08650239911;35638.08650239911;35638.08650239911;35638.08650239911;35638.08650239911;35638.08650239911;35638.08650239911;35638.08650239911;35638.08650239911;35638.08650239911;35638.08650239911;35638.08650239911;35638.08650239911;35638.08650239911;35638.08650239911;
84000.38454279448;35640.0;35640.0;35640.0;35640.0;35638.08650239911;35638.08650239911;35638.08650239911;35638.08650239911;35638.08650239911;35638.08650239911;35638.08650239911;35638.08650239911;35638.08650239911;35638.08650239911;35638.08650239911;35638.08650239911;35638.08650239911;35638.08650239911;35638.08650239911;35638.08650239911;35638.08650239911;35638.08650239911;35638.08650239911;35638.08650239911;35638.08650239911;35638.08650239911;35638.08650239911;35638.08650239911;35638.08650239911;35638.08650239911;35638.08650239911;35638.08650239911;35638.08650239911;35638.08650239911;35638.08650239911;35638.08650239911;35638.08650239911;35638.08650239911;35638.08650239911;35638.08650239911;35638.08650239911;35638.08650239911;35638.08650239911;35638.08650239911;
84300.00000000003;35640.0;35640.0;35640.0;35640.0;35638.08650239911;35638.08650239911;35638.08650239911;35638.08650239911;35638.08650239911;35638.08650239911;35638.08650239911;35638.08650239911;35638.08650239911;35638.08650239911;35638.08650239911;35638.08650239911;35638.08650239911;35638.08650239911;35638.08650239911;35638.08650239911;35638.08650239911;35638.08650239911;35638.08650239911;35638.08650239911;35638.08650239911;35638.08650239911;35638.08650239911;35638.08650239911;35638.08650239911;35638.08650239911;35638.08650239911;35638.08650239911;35638.08650239911;35638.08650239911;35638.08650239911;35638.08650239911;35638.08650239911;35638.08650239911;35638.08650239911;35638.08650239911;35638.08650239911;35638.08650239911;35638.08650239911;35638.08650239911;
84300.00000000003;35640.0;35640.0;35640.0;35640.0;35638.0796927991;35638.0796927991;35638.0796927991;35638.0796927991;35638.0796927991;35638.0796927991;35638.0796927991;35638.0796927991;35638.0796927991;35638.0796927991;35638.0796927991;35638.0796927991;35638.0796927991;35638.0796927991;35638.0796927991;35638.0796927991;35638.0796927991;35638.0796927991;35638.0796927991;35638.0796927991;35638.0796927991;35638.0796927991;35638.0796927991;35638.0796927991;35638.0796927991;35638.0796927991;35638.0796927991;35638.0796927991;35638.0796927991;35638.0796927991;35638.0796927991;35638.0796927991;35638.0796927991;35638.0796927991;35638.0796927991;35638.0796927991;35638.0796927991;35638.0796927991;35638.0796927991;35638.0796927991;
84300.38454279448;35640.0;35640.0;35640.0;35640.0;35638.0796927991;35638.0796927991;35638.0796927991;35638.0796927991;35638.0796927991;35638.0796927991;35638.0796927991;35638.0796927991;35638.0796927991;35638.0796927991;35638.0796927991;35638.0796927991;35638.0796927991;35638.0796927991;35638.0796927991;35638.0796927991;35638.0796927991;35638.0796927991;35638.0796927991;35638.0796927991;35638.0796927991;35638.0796927991;35638.0796927991;35638.0796927991;35638.0796927991;35638.0796927991;35638.0796927991;35638.0796927991;35638.0796927991;35638.0796927991;35638.0796927991;35638.0796927991;35638.0796927991;35638.0796927991;35638.0796927991;35638.0796927991;35638.0796927991;35638.0796927991;35638.0796927991;35638.0796927991;
84600.00000000003;35640.0;35640.0;35640.0;35640.0;35638.0796927991;35638.0796927991;35638.0796927991;35638.0796927991;35638.0796927991;35638.0796927991;35638.0796927991;35638.0796927991;35638.0796927991;35638.0796927991;35638.0796927991;35638.0796927991;35638.0796927991;35638.0796927991;35638.0796927991;35638.0796927991;35638.0796927991;35638.0796927991;35638.0796927991;35638.0796927991;35638.0796927991;35638.0796927991;35638.0796927991;35638.0796927991;35638.0796927991;35638.0796927991;35638.0796927991;35638.0796927991;35638.0796927991;35638.0796927991;35638.0796927991;35638.0796927991;35638.0796927991;35638.0796927991;35638.0796927991;35638.0796927991;35638.0796927991;35638.0796927991;35638.0796927991;35638.0796927991;
84600.00000000003;35640.0;35640.0;35640.0;35640.0;35638.0728831991;35638.0728831991;35638.0728831991;35638.0728831991;35638.0728831991;35638.0728831991;35638.0728831991;35638.0728831991;35638.0728831991;35638.0728831991;35638.0728831991;35638.0728831991;35638.0728831991;35638.0728831991;35638.0728831991;35638.0728831991;35638.0728831991;35638.0728831991;35638.0728831991;35638.0728831991;35638.0728831991;35638.0728831991;35638.0728831991;35638.0728831991;35638.0728831991;35638.0728831991;35638.0728831991;35638.0728831991;35638.0728831991;35638.0728831991;35638.0728831991;35638.0728831991;35638.0728831991;35638.0728831991;35638.0728831991;35638.0728831991;35638.0728831991;35638.0728831991;35638.0728831991;35638.0728831991;
84600.38454279448;35640.0;35640.0;35640.0;35640.0;35638.0728831991;35638.0728831991;35638.0728831991;35638.0728831991;35638.0728831991;35638.0728831991;35638.0728831991;35638.0728831991;35638.0728831991;35638.0728831991;35638.0728831991;35638.0728831991;35638.0728831991;35638.0728831991;35638.0728831991;35638.0728831991;35638.0728831991;35638.0728831991;35638.0728831991;35638.0728831991;35638.0728831991;35638.0728831991;35638.0728831991;35638.0728831991;35638.0728831991;35638.0728831991;35638.0728831991;35638.0728831991;35638.0728831991;35638.0728831991;35638.0728831991;35638.0728831991;35638.0728831991;35638.0728831991;35638.0728831991;35638.0728831991;35638.0728831991;35638.0728831991;35638.0728831991;35638.0728831991;
84900.00000000003;35640.0;35640.0;35640.0;35640.0;35638.0728831991;35638.0728831991;35638.0728831991;35638.0728831991;35638.0728831991;35638.0728831991;35638.0728831991;35638.0728831991;35638.0728831991;35638.0728831991;35638.0728831991;35638.0728831991;35638.0728831991;35638.0728831991;35638.0728831991;35638.0728831991;35638.0728831991;35638.0728831991;35638.0728831991;35638.0728831991;35638.0728831991;35638.0728831991;35638.0728831991;35638.0728831991;35638.0728831991;35638.0728831991;35638.0728831991;35638.0728831991;35638.0728831991;35638.0728831991;35638.0728831991;35638.0728831991;35638.0728831991;35638.0728831991;35638.0728831991;35638.0728831991;35638.0728831991;35638.0728831991;35638.0728831991;35638.0728831991;
84900.00000000003;35640.0;35640.0;35640.0;35640.0;35638.0660735991;35638.0660735991;35638.0660735991;35638.0660735991;35638.0660735991;35638.0660735991;35638.0660735991;35638.0660735991;35638.0660735991;35638.0660735991;35638.0660735991;35638.0660735991;35638.0660735991;35638.0660735991;35638.0660735991;35638.0660735991;35638.0660735991;35638.0660735991;35638.0660735991;35638.0660735991;35638.0660735991;35638.0660735991;35638.0660735991;35638.0660735991;35638.0660735991;35638.0660735991;35638.0660735991;35638.0660735991;35638.0660735991;35638.0660735991;35638.0660735991;35638.0660735991;35638.0660735991;35638.0660735991;35638.0660735991;35638.0660735991;35638.0660735991;35638.0660735991;35638.0660735991;35638.0660735991;
84900.38454279448;35640.0;35640.0;35640.0;35640.0;35638.0660735991;35638.0660735991;35638.0660735991;35638.0660735991;35638.0660735991;35638.0660735991;35638.0660735991;35638.0660735991;35638.0660735991;35638.0660735991;35638.0660735991;35638.0660735991;35638.0660735991;35638.0660735991;35638.0660735991;35638.0660735991;35638.0660735991;35638.0660735991;35638.0660735991;35638.0660735991;35638.0660735991;35638.0660735991;35638.0660735991;35638.0660735991;35638.0660735991;35638.0660735991;35638.0660735991;35638.0660735991;35638.0660735991;35638.0660735991;35638.0660735991;35638.0660735991;35638.0660735991;35638.0660735991;35638.0660735991;35638.0660735991;35638.0660735991;35638.0660735991;35638.0660735991;35638.0660735991;
85200.00000000003;35640.0;35640.0;35640.0;35640.0;35638.0660735991;35638.0660735991;35638.0660735991;35638.0660735991;35638.0660735991;35638.0660735991;35638.0660735991;35638.0660735991;35638.0660735991;35638.0660735991;35638.0660735991;35638.0660735991;35638.0660735991;35638.0660735991;35638.0660735991;35638.0660735991;35638.0660735991;35638.0660735991;35638.0660735991;35638.0660735991;35638.0660735991;35638.0660735991;35638.0660735991;35638.0660735991;35638.0660735991;35638.0660735991;35638.0660735991;35638.0660735991;35638.0660735991;35638.0660735991;35638.0660735991;35638.0660735991;35638.0660735991;35638.0660735991;35638.0660735991;35638.0660735991;35638.0660735991;35638.0660735991;35638.0660735991;35638.0660735991;
85200.00000000003;35640.0;35640.0;35640.0;35640.0;35638.059263999094;35638.059263999094;35638.059263999094;35638.059263999094;35638.059263999094;35638.059263999094;35638.059263999094;35638.059263999094;35638.059263999094;35638.059263999094;35638.059263999094;35638.059263999094;35638.059263999094;35638.059263999094;35638.059263999094;35638.059263999094;35638.059263999094;35638.059263999094;35638.059263999094;35638.059263999094;35638.059263999094;35638.059263999094;35638.059263999094;35638.059263999094;35638.059263999094;35638.059263999094;35638.059263999094;35638.059263999094;35638.059263999094;35638.059263999094;35638.059263999094;35638.059263999094;35638.059263999094;35638.059263999094;35638.059263999094;35638.059263999094;35638.059263999094;35638.059263999094;35638.059263999094;35638.059263999094;
85200.38454279448;35640.0;35640.0;35640.0;35640.0;35638.059263999094;35638.059263999094;35638.059263999094;35638.059263999094;35638.059263999094;35638.059263999094;35638.059263999094;35638.059263999094;35638.059263999094;35638.059263999094;35638.059263999094;35638.059263999094;35638.059263999094;35638.059263999094;35638.059263999094;35638.059263999094;35638.059263999094;35638.059263999094;35638.059263999094;35638.059263999094;35638.059263999094;35638.059263999094;35638.059263999094;35638.059263999094;35638.059263999094;35638.059263999094;35638.059263999094;35638.059263999094;35638.059263999094;35638.059263999094;35638.059263999094;35638.059263999094;35638.059263999094;35638.059263999094;35638.059263999094;35638.059263999094;35638.059263999094;35638.059263999094;35638.059263999094;35638.059263999094;
85500.00000000003;35640.0;35640.0;35640.0;35640.0;35638.059263999094;35638.059263999094;35638.059263999094;35638.059263999094;35638.059263999094;35638.059263999094;35638.059263999094;35638.059263999094;35638.059263999094;35638.059263999094;35638.059263999094;35638.059263999094;35638.059263999094;35638.059263999094;35638.059263999094;35638.059263999094;35638.059263999094;35638.059263999094;35638.059263999094;35638.059263999094;35638.059263999094;35638.059263999094;35638.059263999094;35638.059263999094;35638.059263999094;35638.059263999094;35638.059263999094;35638.059263999094;35638.059263999094;35638.059263999094;35638.059263999094;35638.059263999094;35638.059263999094;35638.059263999094;35638.059263999094;35638.059263999094;35638.059263999094;35638.059263999094;35638.059263999094;35638.059263999094;
85500.00000000003;35640.0;35640.0;35640.0;35640.0;35638.05245439909;35638.05245439909;35638.05245439909;35638.05245439909;35638.05245439909;35638.05245439909;35638.05245439909;35638.05245439909;35638.05245439909;35638.05245439909;35638.05245439909;35638.05245439909;35638.05245439909;35638.05245439909;35638.05245439909;35638.05245439909;35638.05245439909;35638.05245439909;35638.05245439909;35638.05245439909;35638.05245439909;35638.05245439909;35638.05245439909;35638.05245439909;35638.05245439909;35638.05245439909;35638.05245439909;35638.05245439909;35638.05245439909;35638.05245439909;35638.05245439909;35638.05245439909;35638.05245439909;35638.05245439909;35638.05245439909;35638.05245439909;35638.05245439909;35638.05245439909;35638.05245439909;35638.05245439909;
85500.38454279448;35640.0;35640.0;35640.0;35640.0;35638.05245439909;35638.05245439909;35638.05245439909;35638.05245439909;35638.05245439909;35638.05245439909;35638.05245439909;35638.05245439909;35638.05245439909;35638.05245439909;35638.05245439909;35638.05245439909;35638.05245439909;35638.05245439909;35638.05245439909;35638.05245439909;35638.05245439909;35638.05245439909;35638.05245439909;35638.05245439909;35638.05245439909;35638.05245439909;35638.05245439909;35638.05245439909;35638.05245439909;35638.05245439909;35638.05245439909;35638.05245439909;35638.05245439909;35638.05245439909;35638.05245439909;35638.05245439909;35638.05245439909;35638.05245439909;35638.05245439909;35638.05245439909;35638.05245439909;35638.05245439909;35638.05245439909;35638.05245439909;
85800.00000000003;35640.0;35640.0;35640.0;35640.0;35638.05245439909;35638.05245439909;35638.05245439909;35638.05245439909;35638.05245439909;35638.05245439909;35638.05245439909;35638.05245439909;35638.05245439909;35638.05245439909;35638.05245439909;35638.05245439909;35638.05245439909;35638.05245439909;35638.05245439909;35638.05245439909;35638.05245439909;35638.05245439909;35638.05245439909;35638.05245439909;35638.05245439909;35638.05245439909;35638.05245439909;35638.05245439909;35638.05245439909;35638.05245439909;35638.05245439909;35638.05245439909;35638.05245439909;35638.05245439909;35638.05245439909;35638.05245439909;35638.05245439909;35638.05245439909;35638.05245439909;35638.05245439909;35638.05245439909;35638.05245439909;35638.05245439909;35638.05245439909;
85800.00000000003;35640.0;35640.0;35640.0;35640.0;35638.04564479909;35638.04564479909;35638.04564479909;35638.04564479909;35638.04564479909;35638.04564479909;35638.04564479909;35638.04564479909;35638.04564479909;35638.04564479909;35638.04564479909;35638.04564479909;35638.04564479909;35638.04564479909;35638.04564479909;35638.04564479909;35638.04564479909;35638.04564479909;35638.04564479909;35638.04564479909;35638.04564479909;35638.04564479909;35638.04564479909;35638.04564479909;35638.04564479909;35638.04564479909;35638.04564479909;35638.04564479909;35638.04564479909;35638.04564479909;35638.04564479909;35638.04564479909;35638.04564479909;35638.04564479909;35638.04564479909;35638.04564479909;35638.04564479909;35638.04564479909;35638.04564479909;35638.04564479909;
85800.38454279448;35640.0;35640.0;35640.0;35640.0;35638.04564479909;35638.04564479909;35638.04564479909;35638.04564479909;35638.04564479909;35638.04564479909;35638.04564479909;35638.04564479909;35638.04564479909;35638.04564479909;35638.04564479909;35638.04564479909;35638.04564479909;35638.04564479909;35638.04564479909;35638.04564479909;35638.04564479909;35638.04564479909;35638.04564479909;35638.04564479909;35638.04564479909;35638.04564479909;35638.04564479909;35638.04564479909;35638.04564479909;35638.04564479909;35638.04564479909;35638.04564479909;35638.04564479909;35638.04564479909;35638.04564479909;35638.04564479909;35638.04564479909;35638.04564479909;35638.04564479909;35638.04564479909;35638.04564479909;35638.04564479909;35638.04564479909;35638.04564479909;
85860.00000000004;35640.0;35640.0;35640.0;35640.0;35638.04564479909;35638.04564479909;35638.04564479909;35638.04564479909;35638.04564479909;35638.04564479909;35638.04564479909;35638.04564479909;35638.04564479909;35638.04564479909;35638.04564479909;35638.04564479909;35638.04564479909;35638.04564479909;35638.04564479909;35638.04564479909;35638.04564479909;35638.04564479909;35638.04564479909;35638.04564479909;35638.04564479909;35638.04564479909;35638.04564479909;35638.04564479909;35638.04564479909;35638.04564479909;35638.04564479909;35638.04564479909;35638.04564479909;35638.04564479909;35638.04564479909;35638.04564479909;35638.04564479909;35638.04564479909;35638.04564479909;35638.04564479909;35638.04564479909;35638.04564479909;35638.04564479909;35638.04564479909;
86100.00000000004;35640.0;35640.0;35640.0;35640.0;35638.04564479909;35638.04564479909;35638.04564479909;35638.04564479909;35638.04564479909;35638.04564479909;35638.04564479909;35638.04564479909;35638.04564479909;35638.04564479909;35638.04564479909;35638.04564479909;35638.04564479909;35638.04564479909;35638.04564479909;35638.04564479909;35638.04564479909;35638.04564479909;35638.04564479909;35638.04564479909;35638.04564479909;35638.04564479909;35638.04564479909;35638.04564479909;35638.04564479909;35638.04564479909;35638.04564479909;35638.04564479909;35638.04564479909;35638.04564479909;35638.04564479909;35638.04564479909;35638.04564479909;35638.04564479909;35638.04564479909;35638.04564479909;35638.04564479909;35638.04564479909;35638.04564479909;35638.04564479909;
86100.00000000004;35640.0;35640.0;35640.0;35640.0;35638.038835199084;35638.038835199084;35638.038835199084;35638.038835199084;35638.038835199084;35638.038835199084;35638.038835199084;35638.038835199084;35638.038835199084;35638.038835199084;35638.038835199084;35638.038835199084;35638.038835199084;35638.038835199084;35638.038835199084;35638.038835199084;35638.038835199084;35638.038835199084;35638.038835199084;35638.038835199084;35638.038835199084;35638.038835199084;35638.038835199084;35638.038835199084;35638.038835199084;35638.038835199084;35638.038835199084;35638.038835199084;35638.038835199084;35638.038835199084;35638.038835199084;35638.038835199084;35638.038835199084;35638.038835199084;35638.038835199084;35638.038835199084;35638.038835199084;35638.038835199084;35638.038835199084;35638.038835199084;
86100.38454279449;35640.0;35640.0;35640.0;35640.0;35638.038835199084;35638.038835199084;35638.038835199084;35638.038835199084;35638.038835199084;35638.038835199084;35638.038835199084;35638.038835199084;35638.038835199084;35638.038835199084;35638.038835199084;35638.038835199084;35638.038835199084;35638.038835199084;35638.038835199084;35638.038835199084;35638.038835199084;35638.038835199084;35638.038835199084;35638.038835199084;35638.038835199084;35638.038835199084;35638.038835199084;35638.038835199084;35638.038835199084;35638.038835199084;35638.038835199084;35638.038835199084;35638.038835199084;35638.038835199084;35638.038835199084;35638.038835199084;35638.038835199084;35638.038835199084;35638.038835199084;35638.038835199084;35638.038835199084;35638.038835199084;35638.038835199084;35638.038835199084;
